word,pronunciation,difficulty,categories,definition,examples,usage_notes,collocations
a couple,/ə ˈkʌpəl/,beginner,"[""Everyday Conversation""]","Two people or things, or a small number of people or things (usually around two or three).","[""I'll be ready to leave in a couple of minutes."", ""A couple of my friends are coming over for dinner tonight.""]","In informal American English, 'of' is often dropped before nouns (e.g., 'a couple minutes'), but using 'a couple of' is standard and grammatically correct.","[""a couple of days"", ""a couple of times"", ""a couple of weeks"", ""a couple of hours"", ""a happy couple""]"
a.m.,/ˌeɪ ˈɛm/,beginner,"[""Everyday Conversation"", ""Travel""]",A term used after a time to show that it is between midnight and noon.,"[""My morning alarm goes off every day at 6:30 a.m."", ""The train to Chicago departs at 9:00 a.m. sharp.""]","Usually written in lowercase with periods (a.m.), though uppercase (A.M.) is also common. Do not use 'in the morning' together with 'a.m.' as it is redundant.","[""at 8:00 a.m."", ""early a.m."", ""a.m. hours"", ""a.m. departure""]"
abandon,/əˈbændən/,intermediate,"[""News & Media"", ""Everyday Conversation"", ""Academic""]","To leave someone or something behind completely, often with no intention of returning.","[""The villagers had to abandon their homes due to the approaching wildfire."", ""He decided to abandon the project after realizing it was too expensive.""]","Often used with 'to' when leaving a plan or idea (e.g., 'abandon a plan to do something'). When used with people, it implies leaving them in a difficult or vulnerable position.","[""abandon a ship"", ""abandon a plan"", ""abandon hope"", ""abandon a child"", ""hasty abandonment""]"
abandoned,/əˈbændən/,intermediate,"[""News & Media"", ""Everyday Conversation""]","To leave someone or something behind completely, often with no intention of returning.","[""The villagers had to abandon their homes due to the approaching wildfire."", ""He decided to abandon his old car after it broke down for the third time.""]","It is often followed by the preposition 'to' or 'for' in specific contexts, or a direct object when referring to places, people, or plans.","[""abandon a ship"", ""abandon a plan"", ""abandon hope"", ""abandon an attempt""]"
ability,/əˈbɪləti/,beginner,"[""Academic"", ""Everyday Conversation"", ""Work""]","The physical, mental, or financial power, skill, or means to do something.","[""She has a remarkable ability to solve complex mathematical problems quickly."", ""His ability to speak three languages fluently helped him get the job."", ""The new software will improve our ability to communicate with international clients.""]","Often followed by the pattern 'ability to + verb' (e.g., 'ability to swim'). Do not use 'ability of doing' something.","[""natural ability"", ""ability to pay"", ""demonstrate an ability"", ""best of my ability"", ""physical ability""]"
able,/ˈeɪ.bəl/,beginner,"[""Everyday Conversation"", ""Work""]","Having the power, skill, means, or opportunity to do something.","[""She was able to finish the project ahead of schedule."", ""Will you be able to come to the party tonight?""]","Most commonly used in the pattern 'be able to + verb'. It functions as a modal-like expression for ability, especially in tenses where 'can' cannot be used (e.g., future 'will be able to' or present perfect 'have been able to').","[""be able to"", ""fully able"", ""hardly able"", ""barely able""]"
about,/əˈbaʊt/,beginner,"[""Everyday Conversation""]","On the subject of, concerning, or approximately a certain number or amount.","[""We talked about our plans for the upcoming weekend."", ""The journey takes about two hours by train.""]","When used to mean 'approximately', it is commonly followed by numbers or time. It is also frequently paired with verbs like 'think', 'talk', and 'know'.","[""about to do"", ""how about"", ""what about"", ""think about"", ""care about"", ""just about""]"
above,/əˈbʌv/,beginner,"[""Everyday Conversation"", ""Academic""]","In or to a higher position than something else, or more than a particular amount or level.","[""The birds were flying high above the trees."", ""Temperatures remained above average all week.""]","'Above' is commonly used as a preposition or an adverb. Avoid confusing it with 'over', which often implies movement across or direct contact, whereas 'above' usually means higher up without touching.","[""above average"", ""above all"", ""listed above"", ""from above"", ""above the law""]"
abroad,/əˈbrɔːd/,beginner,"[""Everyday Conversation"", ""Travel""]",In or to a foreign country or countries.,"[""She decided to study abroad to improve her Spanish."", ""Many people like to travel abroad during the summer holidays.""]","'Abroad' is an adverb, so you do not use 'to' before it (e.g., say 'go abroad', not 'go to abroad').","[""go abroad"", ""study abroad"", ""travel abroad"", ""live abroad"", ""from abroad""]"
absence,/ˈæbsəns/,intermediate,"[""Everyday Conversation"", ""Academic"", ""Work""]",The state of being away from a place or not being present where you are expected to be.,"[""Her frequent absence from school started to affect her grades."", ""In the absence of a clear plan, the team decided to wait for further instructions.""]","Often used in the phrase 'in the absence of something' or followed by the preposition 'from' (e.g., 'absence from work').","[""absence of mind"", ""prolonged absence"", ""leave of absence"", ""in the absence of"", ""excused absence""]"
absent,/ˈæbsənt/,beginner,"[""Everyday Conversation"", ""Academic"", ""Work""]","Not present in a place, such as school, work, or a meeting.","[""Several students were absent from class today because of the flu."", ""He has been absent from work for three consecutive days.""]","When used as an adjective, it is usually followed by the preposition 'from' (e.g., absent from school). The stress is on the first syllable for the adjective (/ˈæbsənt/), but on the second syllable when used as a reflexive verb (/æbˈsɛnt/).","[""absent from work"", ""absent from school"", ""conspicuously absent"", ""mark someone absent""]"
absolute,/ˈæbsəluːt/,intermediate,"[""Everyday Conversation"", ""Academic"", ""News & Media""]","Complete, perfect, or total; not limited or restricted in any way.","[""You must tell the truth with absolute honesty."", ""The ruling monarch had absolute power over the kingdom.""]","Often used for emphasis before a noun (e.g., 'absolute beginner', 'absolute silence'). Avoid using comparative modifiers like 'more' or 'most' with 'absolute', as its meaning is already complete.","[""absolute beginner"", ""absolute truth"", ""absolute power"", ""absolute certainty"", ""absolute minimum""]"
absolutely,/ˌæbsəˈlutli/,beginner,"[""Everyday Conversation""]",Used to express complete agreement or to emphasize that something is completely true.,"[""Do you agree with the new policy? Absolutely!"", ""I am absolutely certain that I locked the front door.""]","Often used as a strong one-word answer meaning 'yes'. When modifying adjectives, it is used with non-gradable (extreme) adjectives (e.g., 'absolutely terrifying', not 'absolutely scary').","[""absolutely necessary"", ""absolutely certain"", ""absolutely essential"", ""absolutely stunning"", ""absolutely right""]"
absorb,/əbˈzɔːrb/,intermediate,"[""Everyday Conversation"", ""Nature"", ""Academic"", ""Work""]","To take in liquid, gas, light, or heat gradually; or to fully understand and remember new information.","[""Plants absorb water and nutrients from the soil through their roots."", ""It takes time to absorb all the information during the first week of a new job.""]","Often used in the passive voice when describing someone who is highly focused on something, using the pattern 'be absorbed in' (e.g., 'She was completely absorbed in her book').","[""absorb water"", ""absorb information"", ""absorb knowledge"", ""be fully absorbed in"", ""absorb the cost""]"
abuse,/əˈbjuːs/,intermediate,"[""Everyday Conversation"", ""Academic"", ""Health"", ""News & Media""]","The cruel, violent, or unfair treatment of someone, or the incorrect or improper use of something (such as a substance or power).","[""The organization works to prevent the abuse of power by government officials."", ""He was hospitalized due to a long history of substance abuse.""]",The word can be used as a noun (pronounced /əˈbjuːs/) or as a verb (pronounced /əˈbjuːz/). Common grammar patterns include 'abuse of power/authority' and 'substance abuse'.,"[""substance abuse"", ""abuse of power"", ""verbal abuse"", ""physical abuse"", ""child abuse""]"
academic,/ˌækəˈdemɪk/,intermediate,"[""Everyday Conversation"", ""Work"", ""Academic""]","Relating to education, schools, colleges, or scholarship rather than practical or technical skills.","[""She has a strong academic background and excels in research."", ""The university offers a wide range of academic programs.""]","Can be used as an adjective (e.g., 'academic performance') or a noun referring to a teacher or researcher at a college or university.","[""academic year"", ""academic achievement"", ""academic research"", ""academic community"", ""academic performance""]"
accent,/ˈæksent/,beginner,"[""Everyday Conversation"", ""Arts & Culture"", ""Travel""]","A distinctive way of pronouncing a language, especially one associated with a particular country, area, or social class.","[""She speaks English with a strong French accent."", ""He grew up in Boston, but he has lost most of his regional accent.""]","Do not confuse 'accent' with 'dialect'. An accent refers only to pronunciation, while a dialect includes different vocabulary and grammar rules.","[""strong accent"", ""foreign accent"", ""regional accent"", ""speak with an accent"", ""lose one's accent""]"
accept,/əkˈsɛpt/,beginner,"[""Everyday Conversation"", ""Work"", ""Business""]","To agree to take something that is offered, or to believe that something is true or correct.","[""She decided to accept the job offer from the new company."", ""It took him a long time to accept that he had made a mistake.""]","Often confused with 'except'. Remember that 'accept' is a verb meaning 'to receive', while 'except' usually means 'excluding'. Common grammar pattern: 'accept an offer' or 'accept that [clause]'.","[""accept an offer"", ""accept a challenge"", ""accept responsibility"", ""accept an apology"", ""widely accepted""]"
acceptable,/ækˈsɛptəbəl/,beginner,"[""Everyday Conversation"", ""Work"", ""Business""]",Satisfactory or good enough for a particular purpose or standard.,"[""The quality of your work is fully acceptable for this project."", ""We need to find a solution that is acceptable to both sides.""]",Often followed by the preposition 'to' (acceptable to someone) or 'for' (acceptable for a purpose).,"[""socially acceptable"", ""acceptable level"", ""perfectly acceptable"", ""acceptable risk"", ""acceptable behavior""]"
access,/ˈæksɛs/,intermediate,"[""Everyday Conversation"", ""Technology"", ""Work"", ""Academic""]","The right, opportunity, or ability to use, enter, or contact something.","[""You need a password to gain access to the database."", ""The building has wheelchair access at the rear entrance.""]","As a noun, 'access' is uncountable and is almost always followed by the preposition 'to' (e.g., 'access to the internet'). As a verb, it is transitive and does not use 'to' (e.g., 'I cannot access the file').","[""gain access"", ""have access to"", ""internet access"", ""restricted access"", ""easy access""]"
accident,/ˈæk.sə.dənt/,beginner,"[""Everyday Conversation"", ""Health"", ""News & Media""]","An unexpected event that typically results in damage, injury, or harm, or anything that happens by chance without being planned.","[""He was injured in a car accident on his way to work."", ""I met my old friend by accident at the supermarket.""]","Use the preposition 'in' for events (e.g., 'in an accident') and 'by' for unintentional actions (e.g., 'by accident').","[""car accident"", ""by accident"", ""traffic accident"", ""tragic accident"", ""prevent an accident""]"
accidental,/ˌæk.səˈden.t̬əl/,intermediate,"[""Everyday Conversation"", ""Academic""]","Happening by chance or unexpectedly, rather than on purpose.","[""I made an accidental mistake on the form and had to fill it out again."", ""The discovery of penicillin was completely accidental.""]",Mainly used as an adjective before a noun or after a linking verb like 'was' or 'seems'. The adverb form is 'accidentally'.,"[""accidental death"", ""accidental discharge"", ""purely accidental"", ""accidental damage""]"
accidentally,/ˌæk.səˈden.t̬əl.i/,beginner,"[""Everyday Conversation""]","By chance or by mistake, without intending to do so.","[""I accidentally deleted the important email from my inbox."", ""She accidentally bumped into an old friend at the supermarket.""]",A common spelling mistake is writing 'accidently' without the 'al'. It is often used to apologize for or explain unintended actions.,"[""accidentally spill"", ""accidentally delete"", ""accidentally discover"", ""accidentally hurt""]"
accommodation,/əˌkɑːməˈdeɪʃn/,intermediate,"[""Everyday Conversation"", ""Travel""]","A place to live, stay, or work in, such as a hotel room, apartment, or house.","[""The tour price includes hotel accommodation and all meals."", ""It can be difficult to find affordable accommodation in major cities.""]","In British English, 'accommodation' is uncountable when referring to places to stay (e.g., 'some accommodation'). In American English, it can be countable ('accommodations'). A common spelling mistake is forgetting the double 'c' or double 'm'.","[""book accommodation"", ""overnight accommodation"", ""temporary accommodation"", ""find accommodation""]"
accompany,/əˈkʌm.pə.ni/,intermediate,"[""Everyday Conversation"", ""Arts & Culture"", ""Travel""]","To go somewhere with someone as a companion, or to exist or occur together with something else.","[""The singer was accompanied on the piano by her sister."", ""Children under the age of twelve must be accompanied by an adult.""]","Often used in the passive voice ('be accompanied by'). In music, it means to play an instrument while someone else sings or plays the main melody.","[""be accompanied by"", ""accompany a friend"", ""accompany a song"", ""accompany on the piano""]"
according to,/əˈkɔːrdɪŋ tuː/,beginner,"[""Everyday Conversation"", ""Academic"", ""News & Media""]","As stated by or reported by someone or something; or in a way that agrees with a system, rule, or plan.","[""According to the weather forecast, it will rain tomorrow afternoon."", ""The students were arranged in groups according to their reading levels.""]","Always follow this phrase with a noun, pronoun, or noun phrase, never a full clause with a subject and verb. Avoid saying 'according to me' when expressing your own opinion; use 'in my opinion' or 'I think' instead.","[""according to the report"", ""according to experts"", ""according to the law"", ""according to plan"", ""according to sources""]"
account,/əˈkaʊnt/,beginner,"[""Everyday Conversation"", ""Technology"", ""Business""]","A record of money kept in a bank, or a personal profile used to access a service or website. It can also mean a spoken or written description of an event.","[""I opened a new savings account at the local bank yesterday."", ""She gave a detailed account of what happened during the meeting.""]","Commonly used with prepositions: 'open an account', 'account for' (explain/cause), or 'on account of' (because of).","[""bank account"", ""user account"", ""create an account"", ""detailed account"", ""account for""]"
account for,/əˈkaʊnt fɔːr/,intermediate,"[""Everyday Conversation"", ""Work"", ""Academic"", ""Business""]","To explain the reason for something, or to form a particular amount or part of a total.","[""How do you account for the sudden change in the weather?"", ""Online sales account for over forty percent of the company's total revenue.""]",This phrasal verb is often followed by a noun or a gerund. It is widely used in both academic contexts (to explain something) and business contexts (to represent a percentage or portion).,"[""account for a large portion"", ""account for the difference"", ""account for the delay"", ""account for a majority""]"
accurate,/ˈæk.jɚ.ət/,intermediate,"[""Everyday Conversation"", ""Work"", ""Academic""]","Correct, exact, and free from errors.","[""The weather forecast was surprisingly accurate this week."", ""Please make sure all the information in your report is accurate before sending it.""]","Often used with 'information', 'description', or 'data'. The opposite is 'inaccurate'. Do not confuse it with 'precise', which means detailed, though they are often synonyms.","[""accurate information"", ""accurate description"", ""accurate measurement"", ""highly accurate""]"
accurately,/ˈækjərətli/,intermediate,"[""Everyday Conversation"", ""Work"", ""Academic""]","In a way that is correct, exact, and without any mistakes.","[""The report accurately describes the current financial situation."", ""She was able to accurately predict the outcome of the experiment.""]","It is an adverb that modifies verbs or adjectives. Common patterns include 'accurately describe', 'accurately predict', or 'accurately reflect'.","[""accurately reflect"", ""accurately describe"", ""accurately predict"", ""accurately measure"", ""accurately portray""]"
accuse,/əˈkjuːz/,intermediate,"[""Academic"", ""Everyday Conversation"", ""News & Media""]","To say that someone has done something morally wrong, illegal, or unkind.","[""He was accused of stealing the company's confidential data."", ""Are you accusing me of lying?""]",Often used in the passive voice. The standard preposition pattern is 'accuse someone of [noun/doing something]'. Do not use 'accuse someone for'.,"[""accuse someone of a crime"", ""falsely accuse"", ""stand accused of"", ""accuse someone directly""]"
achieve,/əˈtʃiːv/,intermediate,"[""Academic"", ""Everyday Conversation"", ""Work""]","To successfully bring about or reach a desired objective, level, or result by effort, skill, or courage.","[""She worked hard for many years to achieve her dream of becoming a doctor."", ""The team played exceptionally well to achieve a victory in the final minutes of the game.""]","Commonly used with abstract nouns like 'goals', 'success', or 'results'. Avoid using it for simple physical actions (e.g., write 'I reached the station', not 'I achieved the station').","[""achieve a goal"", ""achieve success"", ""achieve a target"", ""achieve results"", ""difficult to achieve""]"
achievement,/əˈtʃiːvmənt/,intermediate,"[""Academic"", ""Everyday Conversation"", ""Work""]","something very good and difficult that you have succeeded in doing, especially through hard work, skill, or effort.","[""Winning the championship was a remarkable achievement for the young team."", ""Learning to speak a new language fluently is a major achievement.""]","It is a countable noun when referring to specific successes, but can be uncountable when referring to the general state of succeeding (e.g., 'a sense of achievement').","[""sense of achievement"", ""major achievement"", ""academic achievement"", ""outstanding achievement"", ""crowning achievement""]"
acid,/ˈæsɪd/,intermediate,"[""Academic"", ""Everyday Conversation"", ""Nature"", ""Health""]","A chemical substance, usually a liquid, that contains hydrogen and can react with other substances to form salts; it often has a sour taste and can burn skin or damage materials.","[""Lemon juice contains citric acid, which gives it a sour taste."", ""Be careful when handling the battery, as it contains a strong acid that can burn your skin.""]","In everyday English, 'acid' can refer to the chemical substance or be used as an adjective meaning 'sour' or 'sharp' (e.g., 'an acid remark'). In slang, it can also refer to the hallucinogenic drug LSD.","[""acid rain"", ""amino acid"", ""stomach acid"", ""acid test"", ""citric acid""]"
acknowledge,/ækˈnɑːl.ɪdʒ/,intermediate,"[""Academic"", ""Everyday Conversation"", ""Business""]","To accept, admit, or recognize the truth, existence, or reality of something, or to confirm that you have received something.","[""She refused to acknowledge that she had made a mistake."", ""Please acknowledge receipt of this email by replying to it.""]","Often followed by a gerund (verb-ing) or a 'that' clause. In professional contexts, it is frequently used to confirm the receipt of messages or documents.","[""acknowledge receipt"", ""acknowledge a mistake"", ""acknowledge the fact that"", ""publicly acknowledge"", ""fail to acknowledge""]"
acquire,/əˈkwaɪər/,intermediate,"[""Academic"", ""Everyday Conversation"", ""Business""]","To obtain or buy something for yourself, or to learn and develop a new skill, habit, or quality.","[""She managed to acquire a rare copy of the book at an auction."", ""It takes years to acquire a deep understanding of a foreign language.""]","Often used in formal, academic, or business contexts instead of 'get' or 'buy'. It is commonly used with abstract nouns like 'knowledge', 'skills', or 'habits'.","[""acquire a skill"", ""acquire knowledge"", ""acquire a habit"", ""acquire assets"", ""acquire a taste for""]"
across,/əˈkrɔːs/,beginner,"[""Everyday Conversation"", ""Travel""]","From one side of something to the other side, or on the opposite side of something.","[""She walked across the street to meet her friend."", ""There is a lovely bakery just across the river.""]","Commonly used as a preposition (e.g., 'across the bridge') or an adverb (e.g., 'run across'). Avoid confusing it with the verb 'cross'; we say 'walk across the road' but 'cross the road'.","[""across the street"", ""across the country"", ""across the world"", ""run across"", ""come across""]"
act,/ækt/,beginner,"[""Everyday Conversation"", ""Arts & Culture""]","To do something, take action, or behave in a particular way; it can also mean to perform a role in a play, movie, or show.","[""We need to act quickly to solve this problem before it gets worse."", ""She has wanted to act in movies since she was a child.""]","Often followed by 'on' (to act on advice) or 'like/as' (to act like a professional). As a noun, it refers to a single thing that is done.","[""act quickly"", ""act of kindness"", ""act as a guide"", ""put on an act"", ""act responsibly""]"
action,/ˈækʃən/,beginner,"[""Academic"", ""Everyday Conversation"", ""Work""]","The process of doing something, typically to achieve an aim, deal with a problem, or make something happen.","[""The government needs to take immediate action to help the homeless."", ""I prefer action movies because they are exciting and fast-paced.""]","Commonly used in the phrase 'take action'. It is usually an uncountable noun when referring to doing things in general, but can be countable when referring to specific deeds or legal proceedings.","[""take action"", ""course of action"", ""action plan"", ""direct action"", ""legal action""]"
active,/ˈæktɪv/,beginner,"[""Sports"", ""Everyday Conversation"", ""Health""]",Busy doing physical or mental activities; energetic and lively.,"[""She plays tennis and goes running, so she is very active."", ""The volcano is still active and could erupt at any time.""]",Often used to describe a lifestyle ('an active lifestyle') or participation ('take an active role'). It is the opposite of 'passive' or 'inactive'.,"[""active lifestyle"", ""active participant"", ""active role"", ""physically active"", ""remain active""]"
actively,/ˈæktɪvli/,intermediate,"[""Academic"", ""Everyday Conversation"", ""Work""]","In a way that involves taking action, making an effort, or participating directly, rather than waiting for things to happen.","[""She is actively looking for a new job in the tech industry."", ""The school actively encourages students to participate in extracurricular activities.""]","This adverb is often used before verbs to show that someone is putting conscious effort into an action, rather than just letting it happen passively.","[""actively seek"", ""actively participate"", ""actively involve"", ""actively avoid"", ""actively engage""]"
activity,/ækˈtɪv.ə.t̬i/,beginner,"[""Sports"", ""Everyday Conversation"", ""Health""]","Something that you do for enjoyment, work, or to achieve a particular goal, or the state of being active and moving.","[""The outdoor center offers a wide range of activities, including kayaking and climbing."", ""There was a lot of activity in the office as everyone prepared for the big meeting.""]","The word can be countable (e.g., 'leisure activities') or uncountable when referring to general movement or busy behavior (e.g., 'there was sudden activity').","[""outdoor activity"", ""leisure activity"", ""physical activity"", ""economic activity"", ""flurry of activity""]"
actor,/ˈæktər/,beginner,"[""Everyday Conversation"", ""Arts & Culture""]","A person whose profession is acting on the stage, in movies, or on television.","[""He is a talented actor who has starred in several award-winning movies."", ""She decided to become an actor after performing in her high school play.""]","While 'actress' was traditionally used for women, 'actor' is now commonly used as a gender-neutral term for both men and women.","[""lead actor"", ""supporting actor"", ""famous actor"", ""voice actor"", ""character actor""]"
actress,/ˈæktrəs/,beginner,"[""Everyday Conversation"", ""Arts & Culture""]","A female actor; a woman who plays a character in a movie, play, or television show.","[""She won an award for being the best actress in a leading role."", ""The young actress rehearsed her lines diligently before the audition.""]","While 'actress' specifically refers to a woman, the gender-neutral term 'actor' is increasingly used for both men and women in modern English.","[""famous actress"", ""lead actress"", ""award-winning actress"", ""aspiring actress""]"
actual,/ˈæktʃuəl/,intermediate,"[""Academic"", ""Everyday Conversation"", ""Business""]","Existing in fact or reality; real rather than imagined, planned, or guessed.","[""The actual cost of the repair was much higher than the original estimate."", ""I know she looks young, but what is her actual age?""]","A common mistake is using 'actual' to mean 'current' or 'present' due to false friends in other languages (like 'actuel' in French or 'actual' in Spanish). In English, 'actual' only means 'real' or 'factual'.","[""actual size"", ""actual cost"", ""actual fact"", ""actual practice"", ""actual experience""]"
actually,/ˈæktʃuəli/,beginner,"[""Everyday Conversation""]","Used to refer to what is real or true, or to emphasize a fact, especially when it is surprising or different from what people might expect.","[""I thought the test would be difficult, but it was actually quite easy."", ""Did you actually see the movie, or did you just read the review?""]","Often used to politely correct someone, to introduce a surprising fact, or to show contrast. In spoken English, it is sometimes used as a filler word.","[""actually happen"", ""not actually"", ""actually quite"", ""actually believe""]"
ad,/æd/,beginner,"[""Everyday Conversation"", ""News & Media"", ""Business""]","A short form of the word 'advertisement', which is a picture, short film, or piece of text that tries to persuade people to buy a product or service.","[""I saw an interesting ad for a new smartphone on TV last night."", ""Many websites display annoying pop-up ads that block the content.""]","'Ad' is an informal abbreviation of 'advertisement' (or 'advert' in British English). It is highly common in everyday speech and casual writing, but 'advertisement' is preferred in formal business reports or academic writing.","[""run an ad"", ""classified ad"", ""online ad"", ""TV ad"", ""ad campaign""]"
adapt,/əˈdæpt/,intermediate,"[""Academic"", ""Everyday Conversation"", ""Work""]","To change your behavior or ideas in order to deal with a new situation, or to change something so that it is suitable for a new use.","[""It took the children a few months to adapt to their new school."", ""The company had to adapt its marketing strategy to appeal to younger customers.""]","Commonly used with the preposition 'to' (e.g., 'adapt to a new environment'). Do not confuse with 'adopt' (to take up or start using something) or 'adept' (highly skilled).","[""adapt to change"", ""quickly adapt"", ""adapt to a new environment"", ""adapt a recipe"", ""highly adaptable""]"
add,/æd/,beginner,"[""Academic"", ""Everyday Conversation"", ""Food & Dining""]","To put something together with something else so as to increase the size, number, or amount.","[""If you add four and five, you get nine."", ""Please add some salt to the soup to give it more flavor.""]","Commonly followed by the preposition 'to' (e.g., 'add something to the mixture'). In mathematics, it is the opposite of 'subtract'.","[""add value"", ""add fuel to the fire"", ""add up the numbers"", ""add to the list""]"
add up,/ˌæd ˈʌp/,intermediate,"[""Academic"", ""Everyday Conversation"", ""Business""]","To seem reasonable, logical, or consistent; or to increase gradually to a significant amount.","[""His story about where he was last night just doesn't add up."", ""All of these small expenses add up to a lot of money over time.""]","This is a phrasal verb. When it means 'to make sense', it is usually used in negative sentences (e.g., 'it doesn't add up'). When it means 'to accumulate', it is often followed by the preposition 'to'.","[""doesn't add up"", ""add up to a total"", ""small things add up"", ""add up the numbers""]"
add up to,/æd ʌp tuː/,intermediate,"[""Academic"", ""Everyday Conversation"", ""Business""]","To result in a particular total amount, or to lead to a particular result or explanation.","[""All these small expenses add up to a lot of money over time."", ""His stories don't quite add up to a believable explanation.""]","This is a phrasal verb. When used to mean 'result in a total', it is followed by a noun (usually a number or amount). It is inseparable, meaning you cannot put the object between 'add up' and 'to'.","[""add up to a total of"", ""add up to nothing"", ""add up to a significant amount"", ""add up to a big difference""]"
addition,/əˈdɪʃn/,beginner,"[""Academic"", ""Everyday Conversation"", ""Business""]","The act of adding something to something else, or a person or thing that is added.","[""The new baby is a wonderful addition to their family."", ""In addition to his salary, he receives a monthly bonus.""]","Often used in the transitional phrase 'in addition (to)', which is used to introduce extra information in writing and formal speech.","[""in addition to"", ""a welcome addition"", ""latest addition"", ""make an addition""]"
additional,/əˈdɪʃ.ən.əl/,intermediate,"[""Academic"", ""Everyday Conversation"", ""Work"", ""Business""]",Extra or added to what already exists.,"[""The hotel charges an additional fee for using the spa."", ""If you need additional information, please do not hesitate to ask.""]","Often used in formal, business, or academic contexts instead of the simpler word 'more'. It usually comes before a noun.","[""additional information"", ""additional cost"", ""additional charge"", ""additional support"", ""additional time""]"
address,/əˈdrɛs/,intermediate,"[""Academic"", ""Everyday Conversation"", ""Work""]","To direct one's attention or efforts toward solving a problem; or, the details of where a place is located.","[""We need to address the issue of climate change immediately."", ""Please write your home address on the shipping form.""]","As a verb, it is often used in formal or professional contexts (e.g., 'address a problem'). Note that the noun can be pronounced with stress on the first syllable (/ˈædrɛs/) or the second syllable (/əˈdrɛs/).","[""address an issue"", ""address a problem"", ""change of address"", ""mailing address"", ""public address""]"
adequate,/ˈæd.ə.kwət/,intermediate,"[""Academic"", ""Everyday Conversation"", ""Work""]","Good enough or sufficient for a specific need or requirement, though not necessarily outstanding.","[""The old heater is adequate for a small room, but it cannot warm the entire house."", ""She proved that her skills were more than adequate for the job.""]","Often used to describe something that meets a minimum standard. It can sometimes carry a slightly negative or neutral tone, implying something is 'just okay' but not excellent.","[""adequate funding"", ""adequate preparation"", ""adequate resources"", ""more than adequate"", ""prove adequate""]"
adequately,/ˈæd.ə.kwət.li/,intermediate,"[""Academic"", ""Everyday Conversation"", ""Work"", ""Business""]",In a way that is enough or satisfactory for a particular need or purpose.,"[""The school was not adequately prepared for the sudden increase in student enrollment."", ""Make sure you are adequately hydrated before starting the long run.""]","It is the adverb form of 'adequate'. It is often used before past participles (e.g., adequately funded, adequately prepared) and carries a neutral, slightly formal tone.","[""adequately prepared"", ""adequately funded"", ""adequately addressed"", ""explain adequately"", ""adequately protected""]"
adjust,/əˈdʒʌst/,intermediate,"[""Everyday Conversation"", ""Work"", ""Technology""]","To change something slightly to make it fit, work better, or be more suitable; or to become accustomed to a new situation.","[""You can adjust the height of the chair by pulling this lever."", ""It took her a few months to adjust to living in a new city.""]","Often followed by the preposition 'to' when meaning 'to get used to' (e.g., 'adjust to the climate'). When meaning 'to alter slightly', it is a transitive verb that takes a direct object.","[""adjust to"", ""make adjustments"", ""adjust the volume"", ""adjust the settings"", ""readjust""]"
admiration,/ˌædməˈreɪʃn/,intermediate,"[""Everyday Conversation"", ""Arts & Culture""]","A feeling of deep respect, approval, and warm approval for someone or something.","[""I have a lot of admiration for her courage and determination."", ""The teacher looked at the student's artwork with genuine admiration.""]",Often used with the prepositions 'for' (admiration for someone) or 'in' (to look in admiration). It is a noun; the verb form is 'admire'.,"[""deep admiration"", ""express admiration"", ""win the admiration of"", ""mutual admiration"", ""filled with admiration""]"
admire,/ədˈmaɪər/,intermediate,"[""Everyday Conversation"", ""Arts & Culture""]","To respect and warm-heartedly approve of someone or something, or to look at something with pleasure and appreciation.","[""I really admire my teacher for her patience and dedication."", ""We stopped for a moment to admire the beautiful sunset over the mountains.""]","Often used in the pattern 'admire someone for something'. It is a stative verb when expressing respect, meaning it is rarely used in the continuous (-ing) form in that context.","[""deeply admire"", ""admire from afar"", ""admire someone's courage"", ""greatly admire""]"
admit,/ədˈmɪt/,intermediate,"[""Academic"", ""Everyday Conversation"", ""Work""]","To agree or confess that something is true, especially when you are reluctant to do so; or to allow someone to enter a place.","[""He was brave enough to admit his mistake in front of the whole team."", ""The museum ticket allows you to admit one person.""]","Often followed by a gerund (verb + -ing) or a 'that' clause, for example: 'She admitted making a mistake' or 'She admitted that she was wrong'. Avoid using an infinitive (not 'admitted to make').","[""admit defeat"", ""admit a mistake"", ""grudgingly admit"", ""admit to a hospital"", ""refuse to admit""]"
adopt,/əˈdɑːpt/,intermediate,"[""Academic"", ""Everyday Conversation"", ""Business""]","To legally take another person's child into your own family and bring them up as your own; or to start using a new method, plan, or attitude.","[""They decided to adopt a child after trying to conceive for several years."", ""The company plans to adopt a new policy regarding remote work next month.""]","Do not confuse 'adopt' with 'adapt' (which means to change or adjust to new conditions). 'Adopt' is a transitive verb, so it always requires a direct object.","[""adopt a child"", ""adopt a policy"", ""adopt an approach"", ""adopt a pet"", ""adopt a lifestyle""]"
adult,/əˈdʌlt/,beginner,"[""Everyday Conversation"", ""Health""]","A person who is fully grown and developed, or someone who has reached the legal age of maturity.","[""Children must be accompanied by an adult at the swimming pool."", ""Now that you are eighteen, you are legally an adult.""]","Can be used as a noun ('an adult') or as an adjective ('adult education', 'adult life'). In US English, it is sometimes pronounced /ˈæd.ʌlt/.","[""young adult"", ""adult life"", ""responsible adult"", ""adult education"", ""consent of an adult""]"
advance,/ədˈvæns/,intermediate,"[""Everyday Conversation"", ""Work"", ""Technology"", ""Business""]","To move forward, make progress, or develop; it can also refer to money paid before the usual time or progress made in a particular field.","[""We need to decide how to advance our plans for the new project."", ""The company gave her a cash advance to cover her travel expenses.""]","Can be used as a verb (to advance), a noun (an advance in technology), or an adjective (advance planning). Note the common prepositional phrase 'in advance', which means beforehand.","[""in advance"", ""technological advance"", ""advance warning"", ""make advances"", ""advance payment""]"
advanced,/ədˈvænst/,intermediate,"[""Academic"", ""Everyday Conversation"", ""Work"", ""Technology""]","Being at a high level of progress, development, or difficulty.","[""She is taking an advanced English course to prepare for her university studies."", ""The hospital uses advanced technology to detect diseases early.""]","Often used to describe courses of study, technology, or skills. It is the opposite of 'beginner' or 'basic'.","[""advanced technology"", ""advanced level"", ""advanced degree"", ""advanced stage"", ""advanced learner""]"
advantage,/ədˈvæn.t̬ɪdʒ/,intermediate,"[""Academic"", ""Everyday Conversation"", ""Work""]","A condition, circumstance, or feature that puts you in a better, more favorable, or more successful position than others.","[""Having a college degree gave her a significant advantage when applying for the job."", ""One of the advantages of living in a big city is the excellent public transportation system.""]","Often used with the prepositions 'of' (e.g., 'the advantage of working from home') or 'over' (e.g., 'to have an advantage over your competitors'). Note the common idiom 'take advantage of', which can mean to use an opportunity well, or to exploit someone unfairly.","[""take advantage of"", ""competitive advantage"", ""unfair advantage"", ""huge advantage"", ""to someone's advantage""]"
adventure,/ədˈventʃər/,beginner,"[""Everyday Conversation"", ""Travel"", ""Arts & Culture""]","An exciting, unusual, and sometimes dangerous experience or activity.","[""Our trip through the Amazon rainforest was a real adventure."", ""The children are always looking for adventure in the backyard.""]","Can be used as a countable noun ('an adventure') or an uncountable noun ('looking for adventure'). It can also be used as a verb meaning to go somewhere risky, though this is less common.","[""sense of adventure"", ""outdoor adventure"", ""go on an adventure"", ""spirit of adventure""]"
advert,/ˈæd.vɜːrt/,intermediate,"[""Everyday Conversation"", ""News & Media"", ""Business""]","A short form of the word 'advertisement', which is a public notice, picture, or video promoting a product, service, or event.","[""I saw an interesting advert for a new smartphone on TV last night."", ""They placed an advert in the local newspaper to find a new assistant.""]","This is a British English term. In American English, the word 'ad' is much more commonly used instead of 'advert'.","[""place an advert"", ""TV advert"", ""newspaper advert"", ""job advert""]"
advertise,/ˈædvərˌtaɪz/,intermediate,"[""Everyday Conversation"", ""Work"", ""News & Media"", ""Business""]","To tell the public about a product, service, or event in order to encourage people to buy, use, or attend it.","[""The company decided to advertise their new smartphone on television and social media."", ""They are advertising for a new marketing manager in the local newspaper.""]","Can be used with 'for' when looking to hire someone or find something (e.g., 'advertise for a roommate'). Note the spelling difference: 'advertise' is standard in both US and UK English, unlike some words where UK English uses '-ise' and US uses '-ize'.","[""advertise a product"", ""advertise heavily"", ""advertise for a job"", ""advertise online""]"
advertisement,/ˌædvərˈtaɪzmənt/,beginner,"[""Everyday Conversation"", ""News & Media"", ""Business""]","A picture, short film, or text that tries to persuade people to buy a product, use a service, or apply for a job.","[""I saw an advertisement for a new smartphone on television."", ""The company placed an advertisement in the local newspaper to hire a new manager.""]",Often shortened to 'ad' (informal) or 'advert' (mainly British English). Note the difference in US pronunciation (/ˌædvərˈtaɪzmənt/) and UK pronunciation (/ədˈvɜːtɪsmənt/).,"[""place an advertisement"", ""online advertisement"", ""television advertisement"", ""pop-up advertisement""]"
advertising,/ˈædvərˌtaɪzɪŋ/,intermediate,"[""Everyday Conversation"", ""Work"", ""News & Media"", ""Business""]","The business or activity of creating advertisements to persuade people to buy products, services, or ideas.","[""The company spent millions of dollars on television advertising last year."", ""She decided to pursue a career in digital advertising after graduating.""]","Note that 'advertising' is an uncountable noun (e.g., 'a lot of advertising', not 'an advertising'). To talk about a single item, use 'an advertisement' or 'an ad'.","[""advertising agency"", ""advertising campaign"", ""digital advertising"", ""misleading advertising"", ""outdoor advertising""]"
advice,/ədˈvaɪs/,beginner,"[""Everyday Conversation"", ""Work""]",An opinion or recommendation given to someone about what they should do in a particular situation.,"[""She asked her teacher for advice on how to study for the exam."", ""My uncle gave me some good financial advice before I bought my first car.""]","Advice is an uncountable noun. Do not say 'an advice' or 'advices'. Instead, use 'a piece of advice' or 'some advice'. Do not confuse with the verb 'advise'.","[""give advice"", ""take advice"", ""ask for advice"", ""a piece of advice"", ""good advice"", ""expert advice""]"
advise,/ədˈvaɪz/,intermediate,"[""Everyday Conversation"", ""Work"", ""Business""]",To give someone a recommendation or suggestion about what they should do in a particular situation.,"[""The doctor advised him to get more rest and drink plenty of fluids."", ""I would strongly advise against making a decision before reading the full report.""]",Commonly confused with the noun 'advice' (with a 'c'). 'Advise' is the verb form (ends in a /z/ sound). Common patterns include 'advise someone to do something' or 'advise someone against something'.,"[""strongly advise"", ""advise someone to"", ""advise against"", ""expertly advise"", ""legal advise""]"
affair,/əˈfer/,intermediate,"[""Everyday Conversation"", ""Business"", ""News & Media""]","An event, matter, or public concern; it can also refer to a secret sexual relationship between two people, especially when at least one of them is married.","[""The mayor's involvement in the financial scandal became a public affair."", ""She discovered that her husband was having an affair with a co-worker.""]","When referring to a romantic relationship, it is almost always used with the verb 'have' (e.g., 'to have an affair'). In the plural form ('affairs'), it often refers to personal or business matters, such as 'financial affairs'.","[""have an affair"", ""a public affair"", ""foreign affairs"", ""state of affairs"", ""current affairs""]"
affect,/əˈfɛkt/,intermediate,"[""Academic"", ""Everyday Conversation""]",To produce a change or influence in someone or something.,"[""The bad weather will affect our travel plans this weekend."", ""How you sleep can directly affect your mood the next day.""]","Often confused with 'effect'. 'Affect' is usually a verb (to influence), while 'effect' is usually a noun (a result).","[""directly affect"", ""adversely affect"", ""seriously affect"", ""affect the outcome""]"
affection,/əˈfɛkʃən/,intermediate,"[""Everyday Conversation"", ""Arts & Culture""]","A gentle feeling of liking, fondness, or caring for someone or something.","[""She showed deep affection for her old dog by taking him on slow daily walks."", ""He held a lot of affection for the small town where he grew up.""]","Usually an uncountable noun, but can be used in the plural ('affections') to refer to romantic feelings or love.","[""show affection"", ""deep affection"", ""mutual affection"", ""feel affection for"", ""win someone's affection""]"
afford,/əˈfɔːrd/,beginner,"[""Everyday Conversation"", ""Business""]",To have enough money or time to be able to buy or do something.,"[""I would love to buy that car, but I can't afford it right now."", ""We can't afford to waste any more time on this project.""]","Usually used with 'can', 'could', or 'be able to' in negative sentences or questions. When followed by another verb, use the to-infinitive form (e.g., 'afford to buy', not 'afford buying').","[""can afford"", ""can't afford to"", ""afford the cost"", ""afford a luxury""]"
afraid,/əˈfreɪd/,beginner,"[""Everyday Conversation"", ""Health""]","Feeling fear, worry, or anxiety about something bad that might happen.","[""Don't be afraid to ask questions if you don't understand."", ""She was afraid of the dark when she was a young child.""]","Commonly followed by 'of' + noun/gerund (afraid of dogs) or 'to' + verb (afraid to speak). In polite conversation, 'I'm afraid...' is often used to mean 'I am sorry to say...'. Note that 'afraid' is rarely used directly before a noun.","[""afraid of the dark"", ""afraid to fail"", ""I'm afraid that..."", ""nothing to be afraid of""]"
after,/ˈæftər/,beginner,"[""Everyday Conversation""]","Later in time than something else, or behind someone or something in place or order.","[""We went for a walk after dinner."", ""The letter 'B' comes after 'A' in the alphabet.""]","Can be used as a preposition, conjunction, or adverb. A common mistake is using 'after' instead of 'in' when referring to a future time period (e.g., say 'I will return in an hour,' not 'after an hour').","[""after all"", ""day after day"", ""one after another"", ""shortly after"", ""named after""]"
afternoon,/ˌæftərˈnun/,beginner,"[""Travel"", ""Everyday Conversation""]",The period of time between midday (noon) and evening.,"[""I usually feel a bit tired in the afternoon, so I drink some tea."", ""Are you free this afternoon to go for a walk?""]","We use the preposition 'in' when referring to this time of day (e.g., 'in the afternoon'), but we use 'this' or 'yesterday' without a preposition (e.g., 'this afternoon').","[""this afternoon"", ""in the afternoon"", ""afternoon tea"", ""good afternoon"", ""late afternoon""]"
afterwards,/ˈæftərwərdz/,intermediate,"[""Everyday Conversation"", ""Academic""]",At a later time; after something else has happened.,"[""We had a quick lunch and went for a walk afterwards."", ""She was tired during the meeting, but felt much better afterwards.""]","In British English, 'afterwards' is the standard form, while 'afterward' (without the 's') is more common in American English, though both are widely understood. It is an adverb and cannot be followed directly by a noun; use 'after' instead (e.g., 'after the game', not 'afterwards the game').","[""shortly afterwards"", ""soon afterwards"", ""immediately afterwards"", ""long afterwards""]"
again,/əˈɡen/,beginner,"[""Everyday Conversation""]","One more time; once more, or returning to a previous place, state, or position.","[""Could you please say that again? I didn't hear you."", ""It was great to see her again after so many years.""]","Often placed at the end of a sentence. In spoken English, 'then again' is commonly used to introduce a contrasting thought.","[""once again"", ""again and again"", ""never again"", ""then again"", ""try again""]"
against,/əˈɡenst/,beginner,"[""Everyday Conversation"", ""Academic""]","In opposition to, in contact with, or as a protection from something.","[""The local residents are voting against the new highway proposal."", ""He leaned his bicycle against the wooden fence.""]","Commonly used with verbs of physical contact (lean, press) or verbs of opposition (fight, argue, vote). Avoid using 'against' when 'to' or 'with' is required by the verb.","[""against the law"", ""against the rules"", ""lean against"", ""fight against"", ""against all odds""]"
age,/eɪdʒ/,beginner,"[""Everyday Conversation"", ""Academic""]","The number of years someone has lived or something has existed, or a specific period of time in history.","[""She started learning how to play the piano at a very young age."", ""We are currently living in the digital age, where information is easily accessible.""]","When asking about someone's age, use 'How old are you?' rather than 'What is your age?' in informal spoken English.","[""at the age of"", ""old age"", ""digital age"", ""middle age"", ""look your age""]"
aged,/eɪdʒd/ or /ˈeɪ.dʒɪd/,intermediate,"[""Food & Dining"", ""Everyday Conversation""]","Having lived or existed for a long time; old, or of a specified age.","[""The cheese is aged for two years to develop a strong flavor."", ""He volunteered at a community center helping aged members of the neighborhood.""]","When used to mean 'very old', it is pronounced as two syllables (/ˈeɪ.dʒɪd/), as in 'the aged'. When used to state a specific age (e.g., 'a child aged ten') or referring to food/wine, it is pronounced as one syllable (/eɪdʒd/).","[""aged cheese"", ""aged wine"", ""children aged"", ""the aged""]"
agency,/ˈeɪ.dʒən.si/,intermediate,"[""Work"", ""Everyday Conversation"", ""Business"", ""Academic""]","A business or organization that provides a specific service, often acting on behalf of another person or group; it can also mean the ability of an individual to make their own choices and take action.","[""She decided to hire an advertising agency to help promote her new brand."", ""The program aims to give young people a sense of agency over their own lives.""]","In business contexts, it usually refers to a service organization (like a travel agency). In academic, philosophical, or sociological contexts, it refers to the capacity of individuals to act independently.","[""travel agency"", ""government agency"", ""advertising agency"", ""sense of agency"", ""employment agency""]"
agent,/ˈeɪdʒənt/,intermediate,"[""Everyday Conversation"", ""Work"", ""Business""]","A person or business that acts on behalf of another person or group, or a representative who manages affairs like business or travel.","[""We hired a real estate agent to help us sell our house."", ""The secret agent gathered important information for the government.""]","Countable noun. Often followed by the preposition 'for' (e.g., an agent for the company).","[""real estate agent"", ""travel agent"", ""FBI agent"", ""literary agent"", ""insurance agent""]"
aggressive,/əˈɡres.ɪv/,intermediate,"[""Everyday Conversation"", ""Business"", ""Sports""]","Behaving in an angry or violent way towards others, or using very strong and forceful methods to achieve success.","[""The dog became aggressive whenever anyone approached its food bowl."", ""The company launched an aggressive marketing campaign to win new customers.""]","While 'aggressive' often has a negative meaning related to anger or violence, in business and sports it can be positive, meaning 'highly energetic, assertive, and determined to win'.","[""aggressive behavior"", ""an aggressive campaign"", ""aggressive tactics"", ""grow aggressive""]"
ago,/əˈɡoʊ/,beginner,"[""Everyday Conversation""]","In the past, measuring back from the present time.","[""I graduated from college five years ago."", ""The train left just a few minutes ago.""]","Always placed after the measurement of time (e.g., 'three days ago', NOT 'ago three days'). It is used with the simple past tense, not the present perfect.","[""a long time ago"", ""a moment ago"", ""years ago"", ""not long ago"", ""centuries ago""]"
agree,/əˈɡriː/,beginner,"[""Work"", ""Everyday Conversation"", ""Academic""]","To have the same opinion as someone else, or to say yes to a suggestion or plan.","[""I completely agree with your decision to move to a new city."", ""They agreed to meet at the coffee shop at two o'clock.""]",Commonly followed by 'with' (for people or opinions) or 'to' (for actions or proposals). Avoid saying 'I am agree'; the correct form is 'I agree'.,"[""agree with someone"", ""agree to do something"", ""agree on a plan"", ""completely agree"", ""agree to disagree""]"
agreement,/əˈɡriːmənt/,intermediate,"[""Work"", ""Everyday Conversation"", ""Business""]","A decision or arrangement shared by two or more people, groups, or organizations, or the state of sharing the same opinion.","[""After hours of negotiation, the two companies finally signed a written agreement."", ""We are in complete agreement about where to go for our summer vacation.""]",Often used with the prepositions 'on' (agreement on a topic) or 'with' (in agreement with someone). It can be countable (an agreement/agreements) or uncountable (reach agreement).,"[""reach an agreement"", ""sign an agreement"", ""written agreement"", ""in agreement"", ""mutual agreement""]"
ahead,/əˈhɛd/,beginner,"[""Everyday Conversation"", ""Work"", ""Travel""]","In front, further forward in space or time, or making progress toward a goal.","[""Go straight ahead for two blocks, and the library will be on your right."", ""We need to plan ahead if we want to finish the project on time.""]","Often paired with 'of' (e.g., 'ahead of schedule', 'ahead of us'). Used as an adverb or adjective, but usually follows the verb or noun it modifies.","[""straight ahead"", ""look ahead"", ""plan ahead"", ""ahead of time"", ""ahead of schedule""]"
aid,/eɪd/,intermediate,"[""Health"", ""News & Media"", ""Everyday Conversation"", ""Academic""]","Help or support given to someone, often in the form of money, food, or services, especially during a difficult situation.","[""The organization sent emergency aid to the victims of the earthquake."", ""A dictionary is a useful aid when you are learning a new language.""]","As a verb, 'aid' is more formal than 'help'. As a noun, it can refer to the assistance itself (uncountable) or a helpful device/tool (countable, e.g., 'visual aids').","[""first aid"", ""foreign aid"", ""humanitarian aid"", ""financial aid"", ""with the aid of""]"
aim,/eɪm/,beginner,"[""Work"", ""Everyday Conversation"", ""Academic""]","To point a weapon or object at a target, or to direct your efforts toward achieving a specific goal.","[""She aims to finish her degree by the end of next year."", ""He carefully took aim before shooting at the target.""]","When used as a verb meaning 'intend,' it is typically followed by an infinitive ('aim to do something'). As a noun, it often pairs with 'achieve' or 'reach'.","[""take aim"", ""main aim"", ""aim to achieve"", ""aim at a target""]"
air,/ɛr/,beginner,"[""Everyday Conversation"", ""Nature"", ""Health""]","The invisible mixture of gases that surrounds the Earth, which people and animals breathe.","[""It was a hot day, so we went outside to get some fresh air."", ""Balloons float because they are filled with gas that is lighter than air.""]","When referring to the atmosphere we breathe, 'air' is an uncountable noun and does not take a plural form.","[""fresh air"", ""air pollution"", ""thin air"", ""open air"", ""air quality""]"
aircraft,/ˈerkræft/,intermediate,"[""Work"", ""Everyday Conversation"", ""Technology"", ""Travel""]","Any vehicle that is able to fly through the air, such as an airplane, helicopter, or glider.","[""The airport has a large hangar used for maintaining commercial aircraft."", ""The military deployed several aircraft to assist with the rescue mission.""]",The word 'aircraft' is the same in both singular and plural forms. Do not say 'aircrafts'.,"[""commercial aircraft"", ""military aircraft"", ""aircraft carrier"", ""board the aircraft"", ""unmanned aircraft""]"
airport,/ˈɛrˌpɔrt/,beginner,"[""Everyday Conversation"", ""Travel""]","A place where aircraft regularly take off and land, equipped with facilities for passengers and goods.","[""We arrived at the airport two hours before our flight."", ""Her plane lands at the international airport tonight.""]","Remember to use the preposition 'at' when talking about being located inside or near an airport (e.g., 'I am at the airport').","[""international airport"", ""airport terminal"", ""head to the airport"", ""airport security""]"
alarm,/əˈlɑːrm/,beginner,"[""Everyday Conversation"", ""Technology"", ""Health""]",A device that makes a loud noise to warn people of danger or to wake them up; or a sudden feeling of fear or worry that something bad might happen.,"[""I set my alarm for 6:00 AM so I wouldn't miss the train."", ""The sound of the smoke alarm made everyone run out of the building.""]","Can be used as both a noun and a verb (e.g., 'The news alarmed her'). In everyday conversation, 'alarm' often refers to an 'alarm clock'.","[""set an alarm"", ""sound the alarm"", ""false alarm"", ""alarm system"", ""cause alarm""]"
alarmed,/əˈlɑːrmd/,intermediate,"[""Everyday Conversation"", ""News & Media"", ""Health""]","Feeling worried, frightened, or anxious that something dangerous or unpleasant might happen.","[""She was alarmed by the sudden increase in her electricity bill."", ""Local residents are alarmed at the prospect of a new highway being built through the forest.""]","Often followed by the prepositions 'by' or 'at' (e.g., 'alarmed by the news'). It can also be followed by a to-infinitive (e.g., 'alarmed to hear') or a 'that' clause.","[""alarmed by"", ""alarmed at"", ""growing alarmed"", ""deeply alarmed"", ""alarmed to find""]"
alarming,/əˈlɑːrmɪŋ/,intermediate,"[""Everyday Conversation"", ""News & Media"", ""Academic""]","Causing worry, fear, or surprise because something is dangerous or getting worse.","[""The doctor noticed an alarming rise in the patient's blood pressure."", ""It is alarming how fast the ice caps are melting.""]","Often used to describe news, statistics, rates, or trends that cause deep concern.","[""alarming rate"", ""alarming trend"", ""alarming news"", ""alarming increase"", ""alarming speed""]"
alcohol,/ˈælkəhɔːl/,beginner,"[""Everyday Conversation"", ""Health"", ""Food & Dining""]","Drinks such as beer, wine, or whiskey that can make people drunk; or a chemical substance used in medicine and industry for cleaning or sterilizing.","[""The doctor advised him to avoid drinking alcohol while taking the medication."", ""Rubbing alcohol is commonly used to clean minor cuts and disinfect surfaces.""]","The word 'alcohol' is an uncountable noun. When referring to drinks, we say 'some alcohol' or 'bottles of alcohol', but not 'an alcohol'.","[""consume alcohol"", ""alcohol abuse"", ""rubbing alcohol"", ""alcohol-free"", ""blood alcohol level""]"
alcoholic,/ˌælkəˈhɑːlɪk/,intermediate,"[""Everyday Conversation"", ""Health"", ""Food & Dining""]","Containing alcohol, or relating to a person who is unable to control their drinking of alcohol.","[""Would you prefer an alcoholic drink or a fruit juice?"", ""He has been a recovering alcoholic for over five years.""]","The word can be used as an adjective (e.g., 'alcoholic beverages') or as a noun to refer to a person (e.g., 'he is an alcoholic'). When referring to people, it is often sensitive, and terms like 'person with alcohol use disorder' are sometimes preferred in medical contexts.","[""alcoholic beverage"", ""alcoholic drink"", ""recovering alcoholic"", ""alcoholic content""]"
alive,/əˈlaɪv/,beginner,"[""Everyday Conversation"", ""Nature"", ""Health""]","Living and not dead, or full of life, energy, and activity.","[""Doctors worked hard to keep the patient alive."", ""The streets came alive with music and dancing during the festival.""]","'Alive' is usually used after a verb (like 'be', 'keep', or 'stay') rather than directly before a noun. Use 'living' or 'live' before a noun instead (e.g., 'a living person', not 'an alive person').","[""stay alive"", ""keep alive"", ""come alive"", ""alive and well"", ""buried alive""]"
all,/ɔːl/,beginner,"[""Everyday Conversation""]","The whole quantity, amount, or number of something; every single one of a group.","[""She ate all the apples in the basket."", ""All of the students passed the final exam.""]","Can be used as a determiner, pronoun, or adverb. When followed by a noun, 'all' or 'all of' can often both be used (e.g., 'all the people' or 'all of the people').","[""all day"", ""all over"", ""all the time"", ""all of a sudden"", ""first of all""]"
all right,/ˌɔːl ˈraɪt/,beginner,"[""Everyday Conversation""]","Satisfactory, acceptable, or uninjured; it is also used to express agreement or to check if someone is safe or needs help.","[""Is everything all right, or do you need some help?"", ""The movie wasn't amazing, but it was all right.""]","Always write as two words ('all right') in formal writing. The single-word spelling 'alright' is common in informal contexts, but often considered incorrect in standard written English.","[""turn out all right"", ""feel all right"", ""all right with me"", ""do all right""]"
allied,/ˈælaɪd/,intermediate,"[""Work"", ""Everyday Conversation"", ""News & Media"", ""Academic""]","Joined together or working in partnership with another country, group, or organization to achieve a common purpose.","[""The two companies formed an allied network to expand their market reach."", ""Allied forces worked together to provide humanitarian aid to the region.""]","Can be used as an adjective (e.g., 'allied nations') or as the past tense of the verb 'ally' (often followed by 'with' or 'to').","[""allied forces"", ""allied nations"", ""closely allied"", ""allied health""]"
allow,/əˈlaʊ/,beginner,"[""Work"", ""Everyday Conversation"", ""Academic""]","To give permission for someone to do something, or to let something happen.","[""My parents don't allow me to stay out past midnight."", ""The new rules allow students to use calculators during the exam.""]","Commonly used in the pattern 'allow someone to do something' (active) or 'be allowed to do something' (passive). Avoid using a gerund directly after a person, such as 'allow him doing'.","[""allow access"", ""allow time"", ""not allowed to"", ""allow for the possibility""]"
allow for,/əˈlaʊ fɔːr/,intermediate,"[""Work"", ""Everyday Conversation"", ""Business""]","To consider or include something when making a plan, calculation, or judgment.","[""You should allow for traffic delays when planning your trip to the airport."", ""The budget needs to allow for unexpected expenses.""]",Always followed by a noun or gerund (-ing form). Often used when preparing for potential future problems or changes.,"[""allow for extra time"", ""allow for unexpected costs"", ""allow for delays"", ""allow for growth""]"
ally,/ˈælaɪ/,intermediate,"[""Work"", ""Everyday Conversation"", ""News & Media"", ""Academic""]","A person, group, or country that agrees to help and support another, especially in a war or for a shared purpose.","[""The two countries became strong allies during the conflict."", ""She has been a valuable ally in my fight for better working conditions.""]","When used as a verb, it is pronounced /əˈlaɪ/ (e.g., 'to ally oneself with someone'). As a noun, the stress is on the first syllable.","[""close ally"", ""political ally"", ""form an ally"", ""key ally""]"
almost,/ˈɔːlmoʊst/,beginner,"[""Everyday Conversation""]","Very nearly, but not completely.","[""I'm almost finished with my homework."", ""It took almost an hour to get there.""]","Place 'almost' directly before the word it modifies (e.g., 'almost ready', 'almost finished'). Avoid using 'very' before 'almost'.","[""almost always"", ""almost never"", ""almost certainly"", ""almost ready"", ""almost impossible""]"
alone,/əˈloʊn/,beginner,"[""Everyday Conversation"", ""Health""]","Without any other people present, or feeling isolated without help or support.","[""She enjoys sitting alone in the park to read a book."", ""He managed to fix the entire car all by himself, completely alone."", ""You are not alone in feeling nervous about the upcoming exam.""]","'Alone' is typically used as an adjective after a verb (e.g., 'he was alone'), not directly before a noun. To describe feeling sad about being by yourself, use 'lonely' instead.","[""leave me alone"", ""all alone"", ""feel alone"", ""stand alone"", ""fly alone""]"
along,/əˈlɔːŋ/,beginner,"[""Everyday Conversation"", ""Travel""]","Moving in a constant direction on or beside a path, road, or line, or being together with someone.","[""We took a pleasant walk along the riverbank."", ""Do you mind if I come along to the movie?""]",Often used as a preposition (walk along the road) or an adverb (bring someone along). Common in phrasal verbs like 'get along' or 'go along'.,"[""all along"", ""along the way"", ""go along with"", ""come along"", ""get along with""]"
alongside,/əˈlɔːŋ.saɪd/,intermediate,"[""Work"", ""Everyday Conversation"", ""Travel""]",Next to or together with something or someone.,"[""A new highway was built alongside the old railway line."", ""She worked alongside famous scientists during her research project.""]","Can be used as both a preposition (followed directly by a noun, e.g., 'alongside the road') and an adverb (e.g., 'the boat pulled alongside'). It is often used metaphorically to mean working together in cooperation.","[""work alongside"", ""alongside each other"", ""parked alongside"", ""run alongside""]"
aloud,/əˈlaʊd/,beginner,"[""Everyday Conversation"", ""Academic""]","In a voice that can be heard clearly, rather than silently in your mind.","[""She read the story aloud to her younger brother."", ""I accidentally said my thoughts aloud during the quiet meeting.""]","Often confused with 'out loud', which means the same thing but is slightly more informal. 'Aloud' usually follows verbs related to speaking or reading, such as 'read', 'think', or 'say'.","[""read aloud"", ""think aloud"", ""say something aloud"", ""laugh aloud""]"
alphabet,/ˈæl.fə.bet/,beginner,"[""Everyday Conversation"", ""Academic""]",A set of letters or symbols in a fixed order used to represent the basic sounds of a language when writing.,"[""The English alphabet consists of twenty-six letters."", ""Young children often learn the alphabet by singing a song.""]",Countable noun. Often used with 'the' when referring to the full set of letters of a specific language.,"[""English alphabet"", ""Greek alphabet"", ""phonetic alphabet"", ""learn the alphabet""]"
alphabetical,/ˌælfəˈbetɪkl/,beginner,"[""Work"", ""Everyday Conversation"", ""Academic""]","Arranged in the order of the letters of the alphabet, from A to Z.","[""The files are kept in alphabetical order by the last name of each client."", ""Please arrange the books on the shelf alphabetically.""]",Most commonly used in the phrase 'in alphabetical order'.,"[""alphabetical order"", ""alphabetical list"", ""alphabetical index"", ""alphabetical sequence""]"
alphabetically,/ˌælfəˈbetɪkli/,beginner,"[""Work"", ""Everyday Conversation"", ""Academic""]","In the order of the letters of the alphabet, from A to Z.","[""The students' names are listed alphabetically on the roster."", ""Please arrange the files alphabetically by last name.""]","Often used with verbs of organizing, such as 'arrange', 'sort', 'list', or 'organize'. The adjective form is 'alphabetical'.","[""arranged alphabetically"", ""listed alphabetically"", ""sorted alphabetically"", ""alphabetically by name"", ""in alphabetical order""]"
already,/ɔːlˈrɛdi/,beginner,"[""Everyday Conversation""]","Before the present time, or earlier than the time expected.","[""I have already finished my homework, so I can go out to play."", ""Is it 9:00 PM already? Time flies!""]","Often used with the present perfect tense (e.g., 'have already done'). Be careful not to confuse 'already' (one word meaning 'by this time') with 'all ready' (two words meaning 'completely prepared').","[""already exists"", ""already known"", ""already decided"", ""has already begun""]"
also,/ˈɔːl.soʊ/,beginner,"[""Everyday Conversation"", ""Academic""]",In addition; too; besides.,"[""She speaks French, and she also speaks Spanish."", ""I am tired, and I am also very hungry.""]","In a sentence, 'also' usually goes before the main verb, but after the verb 'to be' or auxiliary verbs (e.g., 'I also like it' vs. 'I am also here'). It is rarely used at the very end of a sentence in standard English; 'too' or 'as well' are preferred there.","[""not only... but also"", ""also known as"", ""but also"", ""also referred to as""]"
alter,/ˈɔːltər/,intermediate,"[""Work"", ""Everyday Conversation"", ""Academic""]","To change or modify something, usually in a small or limited way.","[""She had to alter her travel plans because of the bad weather."", ""The tailor will alter the jacket so that it fits him perfectly.""]",Often confused with 'altar' (a table or structure used in religious ceremonies). It is a formal or semi-formal synonym for 'change'.,"[""alter plans"", ""alter behavior"", ""significantly alter"", ""alter clothes"", ""alter the course""]"
alternative,/ɔːlˈtɜːrnətɪv/,intermediate,"[""Work"", ""Everyday Conversation"", ""Academic""]","A choice or possibility that is different from the current option, or describing something that is available as another choice.","[""We decided to look for an alternative route to avoid the heavy traffic."", ""If the main plan fails, do you have a viable alternative?""]","Can be used as both a noun (e.g., 'an alternative') and an adjective (e.g., 'an alternative plan').","[""viable alternative"", ""alternative option"", ""alternative solution"", ""have no alternative""]"
alternatively,/ɔːlˈtɜːrnətɪvli/,intermediate,"[""Work"", ""Everyday Conversation"", ""Academic""]","Used to introduce a different option, choice, or possibility from the one previously mentioned.","[""We could take the train to the airport. Alternatively, we can hire a taxi."", ""You can pay the full amount now or, alternatively, pay in three monthly installments.""]","It usually appears at the beginning of a sentence or clause, followed by a comma, to propose another idea.","[""or alternatively"", ""alternatively available"", ""alternatively suggest"", ""alternatively choose""]"
although,/ɔːlˈðoʊ/,intermediate,"[""Everyday Conversation"", ""News & Media"", ""Academic""]",Used to introduce a statement that makes the main statement seem surprising or unexpected; in spite of the fact that.,"[""Although it was raining heavily, they decided to go for a walk in the park."", ""She decided to buy the car, although it was more expensive than she had planned.""]","Do not use 'but' in the same sentence when you start with 'although' (e.g., say 'Although it was cold, he went out,' not 'Although it was cold, but he went out'). It is more formal than 'though'.","[""although some might argue"", ""although it is true that"", ""although not entirely"", ""although necessary""]"
altogether,/ˌɔːltəˈɡɛðər/,intermediate,"[""Everyday Conversation"", ""Academic""]","Completely, or including everyone or everything to give a total.","[""That makes fifty dollars altogether."", ""I am not altogether sure that this is the best idea.""]",Do not confuse 'altogether' (meaning completely or in total) with 'all together' (meaning all people or things gathered in one place).,"[""altogether different"", ""cost altogether"", ""not altogether clear"", ""stop altogether""]"
always,/ˈɔːlweɪz/,beginner,"[""Everyday Conversation""]","At all times, on every occasion, or continuously without stopping.","[""She always drinks a cup of coffee before starting her workday."", ""The sun always rises in the east.""]","Placed before the main verb, but after the verb 'to be' or auxiliary verbs (e.g., 'She is always late', 'I have always liked him'). When used with the present continuous tense (e.g., 'He is always complaining'), it often expresses annoyance.","[""as always"", ""almost always"", ""always remember"", ""always have"", ""always be""]"
amaze,/əˈmeɪz/,beginner,"[""Everyday Conversation"", ""Arts & Culture""]",To surprise someone very much or fill them with wonder.,"[""Her ability to speak five languages fluently never fails to amaze me."", ""The magician's incredible tricks amazed the entire audience.""]",Often used in the passive form ('to be amazed by/at something') or as a participle adjective ('amazing' or 'amazed').,"[""never cease to amaze"", ""continue to amaze"", ""amaze the world"", ""utterly amaze""]"
amazed,/əˈmeɪzd/,beginner,"[""Everyday Conversation"", ""Arts & Culture""]",Extremely surprised and impressed by something unexpected or remarkable.,"[""I was amazed by how quickly she learned to play the piano."", ""We stood there in silence, amazed at the breathtaking view of the mountains.""]","Usually followed by the prepositions 'at', 'by', or a 'that'-clause. Do not confuse with 'amazing', which describes the thing causing the feeling.","[""absolutely amazed"", ""amazed at the difference"", ""amazed to see"", ""amazed by the news""]"
amazing,/əˈmeɪzɪŋ/,beginner,"[""Travel"", ""Everyday Conversation""]","Causing great surprise, wonder, or admiration; extremely good or impressive.","[""The view from the top of the mountain was absolutely amazing."", ""She did an amazing job on her final presentation.""]",Very common in everyday spoken English. Often intensified with adverbs like 'absolutely' rather than 'very'.,"[""an amazing idea"", ""look amazing"", ""absolutely amazing"", ""an amazing experience""]"
ambition,/æmˈbɪʃ.ən/,intermediate,"[""Everyday Conversation"", ""Business"", ""Academic"", ""Work""]","A strong desire and determination to achieve success, power, or a specific goal.","[""Her ambition is to become a top surgeon and lead her own research team."", ""He lacked the ambition needed to advance in his corporate career.""]","Usually a positive quality showing drive, but can sometimes imply being overly ruthless if someone has 'too much ambition'. Common prepositions include 'ambition for' something or 'ambition to do' something.","[""achieve an ambition"", ""burning ambition"", ""fuel someone's ambition"", ""career ambition"", ""personal ambition""]"
ambulance,/ˈæmbjələns/,beginner,"[""Travel"", ""Everyday Conversation"", ""Health""]",A specialized vehicle equipped to treat and transport sick or injured people to a hospital in an emergency.,"[""Someone called an ambulance immediately after the accident occurred."", ""You must pull over to the side of the road when you hear an ambulance siren.""]","Countable noun. Often used with verbs like 'call', 'send', or 'ride in'. In emergencies, people usually say 'call an ambulance'.","[""call an ambulance"", ""ambulance siren"", ""ambulance crew"", ""ride in an ambulance""]"
among,/əˈmʌŋ/,beginner,"[""Everyday Conversation"", ""Academic""]","In the middle of, surrounded by, or included within a group of three or more people or things.","[""She felt comfortable standing among her close friends."", ""The house was hidden among a dense grove of oak trees.""]",Use 'among' when referring to three or more distinct items or a collective group. Use 'between' when referring to two distinct items.,"[""among others"", ""among the best"", ""divide among"", ""popular among"", ""scattered among""]"
amount,/əˈmaʊnt/,beginner,"[""Everyday Conversation"", ""Business"", ""Academic""]","The total quantity or measure of something, especially things that cannot be counted individually.","[""He spent a large amount of money on his new car."", ""A small amount of rain fell during the night.""]","Use 'amount' with uncountable nouns (e.g., amount of water, amount of time). Use 'number' with countable nouns (e.g., number of people, number of books).","[""large amount"", ""small amount"", ""amount of money"", ""amount of time"", ""total amount""]"
amount to,/əˈmaʊnt tuː/,intermediate,"[""Everyday Conversation"", ""Business"", ""Academic""]","To add up to a total quantity, or to be equivalent to something in impact or meaning.","[""The total expenses for the trip amount to over five hundred dollars."", ""Her silence on the matter amounts to an admission of guilt.""]","Often used in business or math contexts to talk about totals, or in general contexts to mean 'equal to' or 'be the same as'. It is usually followed by a noun or a gerund (-ing form).","[""amount to a total of"", ""amount to the same thing"", ""amount to nothing"", ""amounts to a refusal""]"
amuse,/əˈmjuːz/,intermediate,"[""Everyday Conversation"", ""Arts & Culture""]",To entertain someone or make them smile or laugh.,"[""The magician's tricks continued to amuse the young children."", ""I brought a book to keep myself amused during the long flight.""]",Often used in the passive voice as 'be amused' or with the pattern 'amuse yourself'. Do not confuse 'amused' (feeling entertained) with 'amusing' (causing entertainment).,"[""amuse oneself"", ""be easily amused"", ""seem amused"", ""keep someone amused""]"
amused,/əˈmjuːzd/,intermediate,"[""Everyday Conversation"", ""Arts & Culture""]","Finding something funny, entertaining, or enjoyable.","[""She had an amused smile on her face as she watched the puppy chase its tail."", ""He was quietly amused by his friend's silly mistake.""]","Often used with 'by' or 'at' (e.g., 'amused by the story'). Do not confuse with 'bemused', which means confused.","[""easily amused"", ""amused smile"", ""look amused"", ""be amused by"", ""mildly amused""]"
amusing,/əˈmjuːzɪŋ/,intermediate,"[""Everyday Conversation"", ""Arts & Culture""]",Causing laughter or providing entertainment; funny and enjoyable.,"[""She told an amusing story about her first day at work."", ""I found the movie quite amusing, even though the plot was simple.""]","It is an adjective usually applied to stories, situations, or people. While it means funny, it often implies light, mild entertainment rather than hilarious laughter.","[""amusing story"", ""amusing anecdote"", ""find something amusing"", ""quite amusing"", ""mildly amusing""]"
analyse,/ˈæn.əl.aɪz/,intermediate,"[""Everyday Conversation"", ""Business"", ""Academic"", ""Technology""]","To study or examine something in detail, breaking it down into parts, in order to understand it or find relationships.","[""The researchers need to analyse the blood samples before they can make a diagnosis."", ""We spent hours trying to analyse the sales data to find out why profits dropped.""]","'Analyse' is the standard British English spelling, whereas 'analyze' is the standard American English spelling. It is a transitive verb, meaning it is followed directly by an object.","[""analyse data"", ""analyse results"", ""carefully analyse"", ""analyse a situation"", ""analyse trends""]"
analysis,/əˈnæləsɪs/,intermediate,"[""Everyday Conversation"", ""Business"", ""Academic"", ""Technology""]",The detailed study or examination of something in order to understand it better or draw conclusions.,"[""The scientist published a detailed analysis of the experiment's results."", ""A quick analysis of the market showed that demand for electric cars is growing.""]",The plural form is 'analyses' (pronounced /əˈnæləsiːz/). Common verb form is 'analyze'.,"[""detailed analysis"", ""data analysis"", ""conduct an analysis"", ""final analysis"", ""critical analysis""]"
ancient,/ˈeɪn.ʃənt/,beginner,"[""Travel"", ""Everyday Conversation"", ""Academic"", ""Arts & Culture""]","Belonging to a period of history that is thousands of years in the past, or very old.","[""Archaeologists discovered the ruins of an ancient city buried under the desert."", ""My grandfather loves telling stories about his ancient car.""]","When referring to history, 'ancient' usually means the period before the fall of the Western Roman Empire. In informal speech, it is often exaggerated to mean anything very old.","[""ancient history"", ""ancient civilization"", ""ancient ruins"", ""ancient times"", ""ancient wisdom""]"
and,/ænd/,beginner,"[""Everyday Conversation""]","A conjunction used to connect words, phrases, or clauses that belong together.","[""I bought apples and oranges at the store."", ""She sat down and started to read her book.""]","In fast speech, 'and' is often unstressed and pronounced as /ən/ or /n/ (e.g., 'rock 'n' roll'). Avoid starting too many sentences with 'and' in formal writing.","[""black and white"", ""bread and butter"", ""on and on"", ""more and more""]"
anger,/ˈæŋɡər/,beginner,"[""Health"", ""Everyday Conversation""]","A strong feeling of being annoyed, upset, or hostile because of something wrong or unfair.","[""She tried to hide her anger when she heard the unfair decision."", ""He spoke in anger and later regretted the words he used.""]","Can be used as both an uncountable noun ('feel anger') and a verb ('to anger someone'). A common prepositions to use with the noun is 'in' (e.g., 'said in anger').","[""extreme anger"", ""express anger"", ""manage anger"", ""outburst of anger"", ""shake with anger""]"
angle,/ˈæŋ.ɡəl/,beginner,"[""Everyday Conversation"", ""Academic"", ""Arts & Culture""]","The space between two lines or surfaces that meet, measured in degrees, or a particular way of looking at a situation.","[""The two roads meet at a sharp angle."", ""Try looking at the problem from a different angle.""]","Can be used literally in geometry and design, or figuratively to mean 'perspective' or 'approach'.","[""right angle"", ""sharp angle"", ""different angle"", ""camera angle"", ""from every angle""]"
angrily,/ˈæŋ.ɡrə.li/,beginner,"[""Everyday Conversation""]","In a manner that shows strong feelings of annoyance, displeasure, or hostility.","[""He slammed the door angrily after the argument."", ""She glared angrily at the person who cut in line.""]","It is an adverb that modifies verbs showing actions done in anger (e.g., 'mutter angrily', 'reply angrily'). Do not confuse it with the adjective 'angry'.","[""react angrily"", ""shout angrily"", ""mutter angrily"", ""glare angrily"", ""deny angrily""]"
angry,/ˈæŋ.ɡri/,beginner,"[""Everyday Conversation""]","Feeling or showing strong displeasure, resentment, or hostility because of something wrong, unfair, or hurtful.","[""He was very angry with his sister for breaking his favorite mug."", ""The customers became angry when they were told the flight was delayed by five hours.""]","Commonly used with the prepositions 'at' or 'with' for people (e.g., 'angry with him'), and 'about' or 'at' for situations (e.g., 'angry about the decision').","[""get angry"", ""angry with someone"", ""angry about something"", ""look angry"", ""make someone angry""]"
animal,/ˈæn.ə.məl/,beginner,"[""Everyday Conversation"", ""Nature""]","A living creature that can move around and react to its surroundings, but is not a human, plant, or fungus.","[""The zoo is home to many different kinds of wild animals."", ""Dogs and cats are two of the most popular domestic animals.""]","In everyday speech, 'animal' usually excludes humans, though scientifically humans are animals. It can also refer to mammals specifically, as opposed to birds, fish, or insects.","[""wild animal"", ""domestic animal"", ""stuffed animal"", ""animal rights"", ""animal kingdom""]"
ankle,/ˈæŋ.kəl/,beginner,"[""Everyday Conversation"", ""Sports"", ""Health""]",The joint that connects the foot with the lower leg.,"[""She twisted her ankle while running down the stairs."", ""The ice water came up to my ankles.""]","Commonly used with verbs like 'sprain', 'twist', or 'break'.","[""twisted ankle"", ""sprained ankle"", ""swollen ankle"", ""ankle-deep""]"
anniversary,/ˌænəˈvɝːsəri/,beginner,"[""Everyday Conversation"", ""Arts & Culture""]",A date that is remembered or celebrated because a special event happened on that date in a previous year.,"[""We are going out to a nice restaurant to celebrate our wedding anniversary."", ""Today marks the 10th anniversary of the company's founding.""]","Often used with ordinal numbers (e.g., '5th anniversary', '50th anniversary'). For a 50th anniversary, the term 'golden anniversary' is commonly used.","[""wedding anniversary"", ""celebrate an anniversary"", ""mark an anniversary"", ""annual anniversary""]"
announce,/əˈnaʊns/,beginner,"[""Work"", ""Business"", ""Everyday Conversation"", ""News & Media""]",To make something known publicly or officially.,"[""The company will announce its new product line tomorrow morning."", ""They happily announced their engagement to family and friends.""]",Often used with 'that' (announce that...) or with a direct object (announce a decision). Note the pattern 'announce something to someone' rather than 'announce someone something'.,"[""officially announce"", ""announce a decision"", ""announce a plan"", ""announce a winner"", ""proud to announce""]"
annoy,/əˈnɔɪ/,beginner,"[""Everyday Conversation""]","To make someone feel slightly angry, impatient, or irritated.","[""The constant dripping of the faucet began to annoy her."", ""It really annoys me when people talk loudly on their phones during the movie.""]","Often used in the passive voice as 'be annoyed' (e.g., 'I was annoyed by his behavior') or as an adjective 'annoying' to describe the thing causing the irritation.","[""annoy someone intensely"", ""begin to annoy"", ""easily annoyed"", ""annoy the neighbors""]"
annoyed,/əˈnɔɪd/,beginner,"[""Everyday Conversation"", ""Health""]","Slightly angry, irritated, or bothered by someone or something.","[""She was annoyed with him for arriving late to the meeting."", ""I get really annoyed when people talk loudly on the phone during a movie.""]","Often followed by the prepositions 'with' or 'at' when referring to a person, and 'by' or 'about' when referring to a situation (e.g., 'annoyed with him', 'annoyed by the noise').","[""annoyed with someone"", ""annoyed by something"", ""get annoyed"", ""look annoyed"", ""slightly annoyed""]"
annoying,/əˈnɔɪ.ɪŋ/,beginner,"[""Everyday Conversation""]","Causing irritation, slight anger, or nuisance.","[""It is really annoying when people talk loudly on their phones during a movie."", ""He has an annoying habit of interrupting others while they speak.""]","'Annoying' describes the thing or person that causes irritation, while 'annoyed' describes the feeling a person has.","[""annoying habit"", ""annoying noise"", ""extremely annoying"", ""find something annoying""]"
annual,/ˈænjuəl/,intermediate,"[""Work"", ""Everyday Conversation"", ""Business""]","Happening or done once every year, or relating to a period of one year.","[""The company holds its annual meeting every spring."", ""Sunflowers are annual plants that complete their lifecycle in one season.""]",Do not confuse 'annual' (happening once a year) with 'biennial' (happening every two years) or 'perennial' (lasting for many years). It can be used as an adjective or as a noun (meaning a plant that lives for one year).,"[""annual report"", ""annual meeting"", ""annual event"", ""annual salary"", ""annual check-up""]"
annually,/ˈænjuəli/,intermediate,"[""Work"", ""Everyday Conversation"", ""Business""]",Once every year or every twelve months.,"[""The company publishes its financial report annually."", ""We hold an annually organized festival every October.""]",It is an adverb. The adjective form is 'annual'. Do not confuse 'annually' (once a year) with 'biannually' (twice a year).,"[""held annually"", ""published annually"", ""occur annually"", ""reviewed annually""]"
another,/əˈnʌðər/,beginner,"[""Everyday Conversation""]","One more person or thing of the same type, or a different one.","[""Would you like another cup of coffee?"", ""That plan didn't work, so we need to try another one.""]",'Another' is used with singular countable nouns. Do not use it directly with plural nouns (use 'other' or 'more' instead).,"[""one another"", ""another day"", ""another time"", ""another chance"", ""yet another""]"
answer,/ˈænsər/,beginner,"[""Work"", ""Everyday Conversation"", ""Academic""]","To say, write, or do something in reaction to a question, letter, phone call, or situation.","[""She raised her hand to answer the teacher's question."", ""I tried calling him twice, but nobody answered the phone.""]","When used as a verb, do not use 'to' before the object (e.g., say 'answer the question', not 'answer to the question'). As a noun, it is followed by 'to' (e.g., 'the answer to the question').","[""answer a question"", ""answer the phone"", ""answer a call"", ""correct answer"", ""short answer""]"
anti-,/ˈænti/ or /ˈæntaɪ/,intermediate,"[""Technology"", ""Everyday Conversation"", ""Academic"", ""Health""]","A prefix meaning opposed to, against, or preventing something.","[""The doctor prescribed an antibiotic to help fight the bacterial infection."", ""She joined an anti-war protest in the city center.""]","When attached to a proper noun (e.g., anti-American) or to avoid double vowels (e.g., anti-inflammatory), a hyphen is typically used. In many common words, it is written as a single word without a hyphen (e.g., social becomes antisocial).","[""antisocial behavior"", ""anti-inflammatory drug"", ""antibiotic treatment"", ""anti-war movement"", ""antivirus software""]"
anticipate,/ænˈtɪs.ə.peɪt/,intermediate,"[""Work"", ""Everyday Conversation"", ""Academic"", ""Business""]","To expect or predict that something will happen, and often to prepare for it in advance.","[""We anticipate a full recovery for the patient after a few weeks of rest."", ""The company did not anticipate such a high demand for its new product.""]","Often followed by a noun, a gerund (-ing form), or a 'that' clause. Avoid using a full infinitive (to + verb) directly after 'anticipate'.","[""eagerly anticipate"", ""anticipate changes"", ""anticipate problems"", ""anticipate demand""]"
anxiety,/æŋˈzaɪ.ə.ti/,intermediate,"[""Everyday Conversation"", ""Health""]","A feeling of worry, nervousness, or unease about something with an uncertain outcome.","[""He felt a wave of anxiety before giving his presentation to the team."", ""Deep breathing exercises can help reduce anxiety during stressful situations.""]","Uncountable when referring to the general feeling, but can be countable ('anxieties') when referring to specific worries or fears.","[""severe anxiety"", ""cause anxiety"", ""reduce anxiety"", ""anxiety attack"", ""social anxiety""]"
anxious,/ˈæŋkʃəs/,intermediate,"[""Everyday Conversation"", ""Academic"", ""Health""]","Feeling worried, nervous, or uneasy about something with an uncertain outcome. It can also mean being very eager or wanting to do something very much.","[""She felt anxious about her upcoming job interview."", ""He was anxious to start his new job as soon as possible.""]","When meaning 'worried', it is usually followed by 'about' (e.g., anxious about the test). When meaning 'eager', it is followed by an infinitive verb (e.g., anxious to leave).","[""feel anxious"", ""anxious about"", ""anxious to do something"", ""anxious thought"", ""anxious wait""]"
anxiously,/ˈæŋkʃəsli/,intermediate,"[""Everyday Conversation"", ""Health""]","In a manner that shows nervousness, worry, or unease about something that may happen.","[""She waited anxiously by the phone for the test results."", ""The passengers looked anxiously out the window as the storm grew worse.""]","This is an adverb derived from the adjective 'anxious'. It is commonly followed by prepositions like 'about', 'for', or verbs of waiting and watching.","[""wait anxiously"", ""look anxiously"", ""glance anxiously"", ""await anxiously""]"
any,/ˈɛni/,beginner,"[""Everyday Conversation""]","Used to refer to one or some of a thing or number of things, no matter how much or how many, especially in negative statements and questions.","[""Do you have any questions about the assignment?"", ""I don't have any money left in my wallet.""]","Typically used in questions and negative sentences, while 'some' is preferred in positive affirmative sentences.","[""any time"", ""any longer"", ""at any rate"", ""hardly any"", ""any moment""]"
anybody,/ˈɛnibʌdi/,beginner,"[""Everyday Conversation""]","Any person; used in questions, negative statements, and conditional sentences to refer to an unspecified person.","[""Is anybody home?"", ""I didn't see anybody I knew at the party.""]","""Anybody"" and ""anyone"" are interchangeable, but ""anybody"" is slightly more informal. It is grammatically singular, so it takes a singular verb (e.g., ""Does anybody know?""), but is often referred to with plural pronouns (e.g., ""Does anybody have their keys?"").","[""anybody else"", ""hardly anybody"", ""just anybody"", ""anybody's guess""]"
anyone,/ˈɛniwʌn/,beginner,"[""Everyday Conversation""]","Any person; used in questions, negative statements, and conditional sentences, or to mean 'any person at all' in positive sentences.","[""Does anyone know where the library is?"", ""Anyone can join the club, regardless of their age.""]","Written as one word. Do not confuse with 'any one' (two words), which refers to one specific person or thing from a group.","[""anyone else"", ""hardly anyone"", ""is anyone there"", ""anyone who wants""]"
anything,/ˈɛniˌθɪŋ/,beginner,"[""Everyday Conversation""]","Used to refer to a thing, no matter what kind, especially in questions, negative statements, or conditional sentences.","[""Is there anything I can do to help you?"", ""I haven't eaten anything since breakfast.""]","Use 'anything' in questions and negative sentences, but use 'something' in positive statements. 'Anything' can also mean 'it doesn't matter which thing' in positive sentences (e.g., 'You can choose anything you want').","[""anything else"", ""hardly anything"", ""do anything"", ""if anything"", ""anything at all""]"
anyway,/ˈɛniˌweɪ/,beginner,"[""Everyday Conversation""]","Used to change the subject, return to an earlier topic, or to indicate that something is true despite other facts.","[""It was raining, but we went for a walk anyway."", ""Anyway, as I was saying before we were interrupted, the meeting is at two o'clock.""]","Often used as a transition word in spoken English. Be careful not to confuse it with 'anyways', which is considered informal or non-standard.","[""but anyway"", ""anyway, let's"", ""do it anyway"", ""thanks anyway""]"
anywhere,/ˈɛniˌwɛr/,beginner,"[""Everyday Conversation"", ""Travel""]","In, at, or to any place. It is often used in questions, negative statements, or to mean 'it doesn't matter where'.","[""I can't find my keys anywhere in the house."", ""You can sit anywhere you like.""]","'Anywhere' is a single word. Avoid writing it as 'any where'. In British English, 'anyplace' is sometimes used informally, but 'anywhere' is standard in all dialects.","[""go anywhere"", ""anywhere else"", ""anywhere near"", ""from anywhere""]"
apart,/əˈpɑːrt/,intermediate,"[""Everyday Conversation"", ""Academic""]","Separated by a distance in time, space, or relation; not together.","[""The two houses were built about fifty yards apart."", ""We had to take the old clock apart to see what was wrong with it.""]","Often used with 'from' (e.g., 'apart from') to mean 'except for' or 'in addition to'. It is also commonly paired with verbs like 'take' (take apart) and 'fall' (fall apart).","[""apart from"", ""fall apart"", ""take apart"", ""tell apart"", ""worlds apart""]"
apart from,/əˈpɑːrt frʌm/,intermediate,"[""Everyday Conversation"", ""Academic""]","Except for, or in addition to; used to show that someone or something is not included in a statement, or to introduce an extra point.","[""Apart from a few minor spelling mistakes, your essay was excellent."", ""Apart from the high price, the hotel was absolutely perfect.""]","This phrase can mean both 'excluding' (except for) and 'including' (in addition to), depending on the context. It is synonymous with 'aside from' in American English.","[""apart from that"", ""apart from the fact that"", ""apart from anything else"", ""apart from a few""]"
apartment,/əˈpɑːrt.mənt/,beginner,"[""Everyday Conversation"", ""Travel""]","A set of rooms for living in, usually on one floor of a building containing other similar sets of rooms.","[""She lives in a modern two-bedroom apartment in the city center."", ""They are looking to rent a cheap apartment near the university.""]","In British English, the word 'flat' is much more commonly used instead of 'apartment'.","[""rent an apartment"", ""studio apartment"", ""apartment building"", ""spacious apartment"", ""furnished apartment""]"
apologize,/əˈpɑːlədʒaɪz/,beginner,"[""Work"", ""Everyday Conversation""]",To say that you are sorry for doing something wrong or causing a problem.,"[""I want to apologize for being late to the meeting."", ""She apologized to her friend after they had an argument.""]","Commonly used with the preposition 'to' for the person being addressed (apologize to someone) and 'for' for the reason (apologize for something). In British English, it is often spelled 'apologise'.","[""apologize sincerely"", ""apologize for the delay"", ""apologize to someone"", ""publicly apologize"", ""demand an apology""]"
apparent,/əˈpærənt/,intermediate,"[""News & Media"", ""Everyday Conversation"", ""Academic""]","Easy to see or understand, or seeming to be true although it may not actually be so.","[""It became apparent that she was not going to change her mind."", ""Their apparent success was actually the result of a lot of hidden debt.""]","Often used before a noun to mean 'seeming' (e.g., 'his apparent wealth'), or after a verb like 'become' or 'be' to mean 'obvious' (e.g., 'it is apparent that...').","[""become apparent"", ""for no apparent reason"", ""apparent discrepancy"", ""heir apparent"", ""apparent ease""]"
apparently,/əˈpær.ənt.li/,intermediate,"[""News & Media"", ""Everyday Conversation""]","Used to say that something seems to be true based on what you have heard, read, or seen, even though you are not completely sure.","[""Apparently, the meeting has been postponed until next Thursday."", ""I thought they were married, but apparently they are just good friends.""]","It is often placed at the beginning of a sentence to introduce a piece of information you learned from someone else. It can sound slightly informal or conversational, but it is also common in written English.","[""apparently so"", ""apparently not"", ""apparently simple"", ""quite apparently""]"
appeal,/əˈpiːl/,intermediate,"[""News & Media"", ""Everyday Conversation"", ""Academic""]","To make a serious, urgent, or formal request for help, mercy, or a change in a decision; or to be attractive and interesting to someone.","[""The charity made an urgent appeal for donations to help the flood victims."", ""The idea of working from home doesn't appeal to everyone.""]","When meaning 'to be attractive,' it is followed by the preposition 'to' (e.g., 'it appeals to me'). In legal contexts, it can be used as a verb or a noun to describe challenging a court decision.","[""appeal to someone"", ""make an appeal"", ""lose its appeal"", ""broad appeal"", ""lodge an appeal""]"
appear,/əˈpɪr/,beginner,"[""Everyday Conversation"", ""Academic""]","To start to be seen, or to give the impression of being or doing something.","[""A small boat suddenly appeared on the horizon."", ""She tried to appear calm, but she was actually very nervous.""]","Often followed by an infinitive (e.g., 'He appears to be lost') or a 'that' clause. In the sense of 'to seem', it is a linking verb and is followed by an adjective, not an adverb.","[""appear to be"", ""suddenly appear"", ""appear in public"", ""make an appearance""]"
appearance,/əˈpɪrəns/,intermediate,"[""Everyday Conversation"", ""Arts & Culture""]","The way that someone or something looks on the outside, or the act of coming into sight or public view.","[""She was very professional in her dress and general appearance."", ""The famous author made a brief appearance at the local bookstore.""]",The word can refer to physical looks (countable or uncountable) or the act of showing up (countable). Common verbs used with it include 'keep up' (to maintain a good social image) and 'make' (to show up).,"[""physical appearance"", ""make an appearance"", ""personal appearance"", ""keep up appearances"", ""sudden appearance""]"
apple,/ˈæp.əl/,beginner,"[""Food & Dining"", ""Everyday Conversation"", ""Nature""]","A round fruit with red, green, or yellow skin and crisp white flesh.","[""She took a bite of a juicy red apple."", ""My grandmother bakes a delicious apple pie every autumn.""]",Countable noun. Often used in common idioms like 'the apple of my eye' (someone highly cherished) or 'an apple a day keeps the doctor away'.,"[""apple pie"", ""bite an apple"", ""rotten apple"", ""apple juice"", ""crisp apple""]"
application,/ˌæplɪˈkeɪʃn/,beginner,"[""Work"", ""Everyday Conversation"", ""Business"", ""Technology""]","A formal request for something such as a job, position, or permission, or a computer program designed for a specific purpose.","[""She submitted her job application yesterday morning."", ""You can download the new language learning application on your phone.""]","Often shortened to 'app' when referring to software. When referring to a formal request, it is usually followed by the preposition 'for' (e.g., application for a visa).","[""job application"", ""submit an application"", ""software application"", ""application form"", ""written application""]"
apply,/əˈplaɪ/,beginner,"[""Work"", ""Everyday Conversation"", ""Academic""]","To make a formal request for something, such as a job or admission to a school; or to put something into use or action.","[""She decided to apply for a job at the local library."", ""You need to apply the cream to the affected area twice a day.""]","When requesting a job or position, use the preposition 'for' (apply for a job). When referring to the organization receiving the request, use 'to' (apply to a college).","[""apply for a job"", ""apply to college"", ""apply a rule"", ""apply pressure"", ""apply online""]"
appoint,/əˈpɔɪnt/,intermediate,"[""News & Media"", ""Work"", ""Everyday Conversation"", ""Business""]","To officially choose someone for a job, position, or responsibility.","[""The board decided to appoint her as the new CEO of the company."", ""The president has the power to appoint federal judges.""]","Often used in the passive voice (e.g., 'he was appointed') and commonly followed by the preposition 'as' or an infinitive verb (e.g., 'appointed to lead').","[""appoint a committee"", ""appoint a successor"", ""be appointed as"", ""newly appointed""]"
appointment,/əˈpɔɪntmənt/,beginner,"[""Work"", ""Everyday Conversation"", ""Health""]","A formal agreement to meet someone at a specific time and place, usually for business or medical reasons.","[""I have a doctor's appointment tomorrow morning at nine o'clock."", ""She called the office to schedule an appointment with her lawyer.""]","Use 'make', 'schedule', or 'book' an appointment. Use the preposition 'with' for people (e.g., an appointment with the doctor) and 'for' for times or reasons (e.g., an appointment for a checkup).","[""make an appointment"", ""schedule an appointment"", ""cancel an appointment"", ""doctor's appointment"", ""by appointment only""]"
appreciate,/əˈpriːʃieɪt/,intermediate,"[""Work"", ""Everyday Conversation"", ""Business""]","To recognize the full value of something, or to be grateful for something someone has done.","[""I really appreciate all the help you gave me with my project."", ""Over time, you will learn to appreciate the art and culture of this city.""]","When expressing gratitude, 'appreciate' is usually followed by a noun or a gerund (e.g., 'I appreciate your advice' or 'I appreciate you helping me'). Avoid using a 'to-infinitive' directly after it.","[""greatly appreciate"", ""appreciate the effort"", ""appreciate the value"", ""would appreciate it if""]"
approach,/əˈproʊtʃ/,intermediate,"[""Work"", ""Everyday Conversation"", ""Academic""]","To come near to something or someone in distance, time, or quality; or a particular way of thinking about or dealing with something.","[""As winter approaches, the weather is getting much colder."", ""We need to adopt a new approach to solve this customer problem.""]","When used as a verb meaning 'to come near', do not use 'to' after it (e.g., say 'approach the building', not 'approach to the building'). When used as a noun, it is often followed by 'to' (e.g., 'an approach to learning').","[""a new approach"", ""cautious approach"", ""approach a problem"", ""slowly approach"", ""direct approach""]"
appropriate,/əˈproʊpriət/,intermediate,"[""Work"", ""Everyday Conversation"", ""Academic""]","Suitable, acceptable, or correct for a particular situation, person, or purpose.","[""Please wear clothes that are appropriate for a job interview."", ""The teacher took appropriate action to stop the bullying.""]","The adjective is pronounced with a short 'it' sound at the end (/ət/). Note that 'appropriate' can also be a verb meaning to take something for one's own use, which is pronounced with a long 'ate' sound (/eɪt/).","[""highly appropriate"", ""appropriate behavior"", ""appropriate response"", ""appropriate for"", ""deem appropriate""]"
approval,/əˈpruːvəl/,intermediate,"[""Work"", ""Everyday Conversation"", ""Business""]","The feeling that someone or something is good or acceptable, or official permission to do something.","[""The manager gave her approval for the new project proposal."", ""He showed his approval with a warm smile and a nod.""]","Often used with the verbs 'give', 'get', 'receive', or 'win'. The preposition 'of' usually follows when expressing a positive opinion (e.g., 'approval of the plan').","[""final approval"", ""seek approval"", ""seal of approval"", ""win approval"", ""prior approval""]"
approve,/əˈpruːv/,intermediate,"[""Work"", ""Everyday Conversation"", ""Business""]","To officially accept a plan, proposal, or request, or to agree that something is good, right, or suitable.","[""The city council voted to approve the budget for the new park."", ""My parents don't approve of my decision to quit my job.""]","When you agree with an action or behavior, use the pattern 'approve of' (e.g., 'I don't approve of smoking'). When you officially allow something, use 'approve' directly as a transitive verb (e.g., 'The manager approved the request').","[""approve a request"", ""approve a budget"", ""approve of a decision"", ""officially approve"", ""fail to approve""]"
approving,/əˈpruːvɪŋ/,intermediate,"[""Work"", ""Everyday Conversation"", ""Arts & Culture""]","Showing that you believe someone or something is good, acceptable, or satisfactory.","[""She gave me an approving nod when I finished my presentation."", ""The audience responded with approving smiles and warm applause.""]","This is the adjective form of the verb 'approve'. It is most commonly used to describe facial expressions, gestures, or tones of voice (e.g., an approving look, an approving murmur).","[""approving nod"", ""approving smile"", ""approving glance"", ""approving murmur"", ""highly approving""]"
approximate,/əˈprɑːksɪmət/,intermediate,"[""Everyday Conversation"", ""Academic"", ""Business""]","Close to a particular number, time, or position, but not completely accurate or exact.","[""The approximate cost of the repairs will be around two hundred dollars."", ""Can you give me an approximate time of your arrival?""]","The adjective is pronounced with a /mət/ sound at the end, whereas the verb form ('to approximate') is pronounced with a /meɪt/ sound.","[""approximate value"", ""approximate number"", ""approximate cost"", ""approximate time""]"
approximately,/əˈprɑːksɪmətli/,intermediate,"[""Everyday Conversation"", ""Academic"", ""Business""]","Close to a particular number or amount, but not exactly.","[""The journey will take approximately three hours."", ""The repair work will cost approximately five hundred dollars.""]","Often abbreviated as 'approx.' in writing. It is more formal than 'about' or 'around' and is frequently used in academic, business, and scientific contexts.","[""approximately equal"", ""approximately double"", ""approximately the same"", ""cost approximately""]"
april,/ˈeɪ.prəl/,beginner,"[""Everyday Conversation"", ""Nature""]","The fourth month of the year, coming after March and before May, consisting of 30 days.","[""We are planning to go on vacation in early April."", ""April showers bring May flowers.""]","In English, the names of months like April must always be capitalized.","[""in April"", ""early April"", ""late April"", ""April Fools' Day""]"
area,/ˈɛriə/,beginner,"[""Everyday Conversation"", ""Academic"", ""Travel""]","A particular part of a place, city, country, or space; it can also refer to a specific field of study or activity.","[""There is a beautiful picnic area near the lake."", ""She is an expert in the area of digital marketing.""]","When talking about physical space, 'area' is countable. When referring to the size of a surface (e.g., length times width), it is uncountable.","[""surrounding area"", ""residential area"", ""rural area"", ""area of expertise"", ""gray area""]"
argue,/ˈɑːrɡjuː/,beginner,"[""Everyday Conversation"", ""Academic"", ""Business""]","To disagree with someone in an angry, verbal way, or to give reasons in order to support or oppose an idea.","[""My parents rarely argue about money because they plan their budget together."", ""The lawyer will argue that his client is completely innocent.""]","Often followed by the prepositions 'with' (someone) or 'about' (something). In academic contexts, 'argue' does not mean to fight, but rather to present a logical point of view.","[""argue with someone"", ""argue about something"", ""strongly argue"", ""argue a case"", ""start to argue""]"
argument,/ˈɑːrɡjumənt/,beginner,"[""Work"", ""Everyday Conversation"", ""Academic""]","A conversation or discussion in which people disagree, often angrily, or a set of reasons given to support an idea.","[""They got into a heated argument about who should pay for the damage."", ""The lawyer presented a strong argument to convince the jury.""]","Commonly used with the verbs 'have', 'get into', or 'win/lose'. Use the preposition 'with' for the person you disagree with, and 'about' or 'over' for the topic (e.g., 'have an argument with someone about something').","[""have an argument"", ""heated argument"", ""convincing argument"", ""win an argument"", ""main argument""]"
arise,/əˈraɪz/,intermediate,"[""Everyday Conversation"", ""Academic"", ""Business""]","To happen, occur, or start to exist, especially when referring to problems, difficulties, or opportunities.","[""A new problem has arisen with the computer system."", ""If the opportunity arises, you should definitely take it.""]","The past tense is 'arose' and the past participle is 'arisen'. It is more formal than 'happen' or 'come up' and is frequently used with abstract nouns like 'problem', 'issue', 'difficulty', or 'opportunity'.","[""if the opportunity arises"", ""problems arise"", ""complications arise"", ""a conflict arises""]"
arm,/ɑːrm/,beginner,"[""Everyday Conversation"", ""Health""]","Either of the two long upper limbs of the human body, reaching from the shoulder to the hand.","[""She held the baby in her arms."", ""He stretched out his arm to reach the top shelf.""]","The word 'arm' can also be used as a verb meaning 'to provide with weapons'. As a noun, the plural form 'arms' can also refer to weapons in general.","[""broken arm"", ""arm in arm"", ""fold one's arms"", ""stretch your arms""]"
armed,/ɑːrmd/,intermediate,"[""Everyday Conversation"", ""News & Media""]","Carrying weapons, especially firearms, or equipped with essential tools, information, or security features.","[""The bank was robbed by two armed men wearing masks."", ""Armed with all the facts, she felt confident going into the negotiation.""]","Often used with the preposition 'with' when referring to being equipped with information, knowledge, or tools (e.g., 'armed with a laptop').","[""armed forces"", ""armed conflict"", ""armed robbery"", ""armed guard"", ""armed with""]"
arms,/ɑːrmz/,intermediate,"[""Everyday Conversation"", ""News & Media""]","Weapons, especially those used by the military or police; it can also refer to the plural of the upper limbs of the human body.","[""The country agreed to reduce its export of conventional arms."", ""She held the crying baby in her arms.""]","When used to mean 'weapons', 'arms' is a plural noun and does not have a singular form with the same meaning (you cannot say 'an arm' to mean a weapon).","[""bear arms"", ""arms race"", ""lay down arms"", ""open arms"", ""arms control""]"
army,/ˈɑːrmi/,beginner,"[""Everyday Conversation"", ""News & Media""]","A large, organized group of soldiers trained to fight on land in wars.","[""He decided to join the army after finishing high school."", ""The army was sent to the region to help with the flood relief efforts.""]","The word 'army' is a collective noun. In American English, it usually takes a singular verb ('the army is...'), while in British English, it can take either a singular or plural verb ('the army are...').","[""join the army"", ""serve in the army"", ""army officer"", ""regular army"", ""standing army""]"
around,/əˈraʊnd/,beginner,"[""Everyday Conversation"", ""Travel""]","In a circle, on all sides of something, or in various places nearby.","[""We sat around the table to eat dinner."", ""I'll be around all afternoon if you need any help.""]","Can be used as both a preposition (e.g., 'around the world') and an adverb (e.g., 'look around'). In British English, 'round' is often used instead of 'around' in many contexts.","[""all around"", ""turn around"", ""look around"", ""around the corner"", ""travel around""]"
arrange,/əˈreɪndʒ/,intermediate,"[""Work"", ""Business"", ""Everyday Conversation""]","To plan, prepare, or organize something; or to put things into a neat, attractive, or specific order.","[""I need to arrange a meeting with the project manager for next Tuesday."", ""She carefully arranged the flowers in a beautiful glass vase.""]","Commonly followed by the infinitive 'to do' (e.g., 'arrange to meet') or the preposition 'for' (e.g., 'arrange for a taxi').","[""arrange a meeting"", ""arrange flowers"", ""arrange in alphabetical order"", ""arrange for a trip"", ""make arrangements""]"
arrangement,/əˈreɪndʒmənt/,intermediate,"[""Work"", ""Business"", ""Everyday Conversation""]","An agreement or plan made between people, or the specific way in which things are organized and positioned.","[""We have a flexible working arrangement that allows us to work from home twice a week."", ""The florist created a beautiful flower arrangement for the dining table.""]","Often used with the verbs 'make' (to make arrangements) or 'have' (to have an arrangement). It can be countable when referring to plans, or uncountable when referring to the act of organizing.","[""make arrangements"", ""travel arrangements"", ""flower arrangement"", ""seating arrangement"", ""living arrangement""]"
arrest,/əˈrest/,intermediate,"[""News & Media"", ""Everyday Conversation""]","To legally seize someone by legal authority and take them into custody, usually because they are suspected of committing a crime; it can also mean to stop or attract attention.","[""The police officer decided to arrest the suspect after finding the stolen goods in his car."", ""An unusual sound outside the window managed to arrest her attention.""]",Most commonly used as a verb in passive voice ('he was arrested') or as a noun in the phrase 'under arrest'.,"[""under arrest"", ""place under arrest"", ""cardiac arrest"", ""arrest a suspect"", ""arrest the spread of""]"
arrival,/əˈraɪvəl/,beginner,"[""Everyday Conversation"", ""Travel""]","The act of reaching a place, or the appearance of a person or thing that has come to a destination.","[""We apologized for our late arrival because our train was delayed."", ""The hotel staff was ready to welcome the new arrivals.""]","It is the noun form of the verb 'arrive'. It is often used with the prepositions 'at' or 'in' (e.g., 'arrival at the airport', 'arrival in London').","[""late arrival"", ""expected arrival"", ""arrival time"", ""upon arrival"", ""arrival gate""]"
arrive,/əˈraɪv/,beginner,"[""Everyday Conversation"", ""Travel""]",To reach a destination or a specific place at the end of a journey.,"[""The train is scheduled to arrive at the station at 6:00 PM."", ""We finally arrived at the hotel after a very long flight.""]",Use 'arrive in' for cities or countries and 'arrive at' for specific buildings or locations. Avoid saying 'arrive to'.,"[""arrive at"", ""arrive in"", ""arrive late"", ""arrive early"", ""arrive safely""]"
arrive at,/əˈraɪv æt/,intermediate,"[""Everyday Conversation"", ""Business"", ""Travel""]","To reach a specific place at the end of a journey, or to reach a decision or agreement after discussion.","[""We arrived at the airport two hours before our flight."", ""After much debate, the team finally arrived at a solution.""]","Use 'arrive at' for specific locations like buildings or stations, and 'arrive in' for larger areas like cities or countries. It is also commonly used for abstract results like decisions.","[""arrive at a decision"", ""arrive at a conclusion"", ""arrive at the station"", ""arrive at a compromise"", ""arrive at the hotel""]"
arrow,/ˈæroʊ/,beginner,"[""Everyday Conversation"", ""Sports"", ""Technology""]","A thin, straight stick with a sharp point shot from a bow, or a symbol used to point in a specific direction.","[""The archer aimed his arrow carefully at the center of the target."", ""Follow the painted arrows on the floor to find the emergency exit.""]",The word refers both to the physical weapon used in archery and the graphical symbol used for navigation or on computer keyboards.,"[""bow and arrow"", ""shoot an arrow"", ""arrow key"", ""directional arrow"", ""poisoned arrow""]"
art,/ɑːrt/,beginner,"[""Arts & Culture"", ""Everyday Conversation"", ""Academic""]","The expression or application of human creative skill and imagination, typically in a visual form such as painting or sculpture, producing works to be appreciated primarily for their beauty or emotional power.","[""She decided to study art history at university because she loved visiting museums."", ""The gallery is displaying a new exhibition of modern art this month.""]","The word 'art' is usually uncountable when referring to the general concept, but it can be countable ('the arts') when referring to various creative fields like music, drama, and literature.","[""work of art"", ""modern art"", ""art gallery"", ""fine art"", ""martial arts""]"
article,/ˈɑrtɪkəl/,intermediate,"[""Everyday Conversation"", ""Academic"", ""News & Media""]","A piece of writing about a particular subject in a newspaper, magazine, or website; it can also refer to a specific object or item.","[""I read an interesting article about space exploration in the newspaper this morning."", ""The shop sells various articles of clothing, including hats and scarves.""]","In grammar, the words 'a', 'an', and 'the' are called articles. In legal or formal contexts, it can also mean a specific section of a document.","[""news article"", ""feature article"", ""article of clothing"", ""scholarly article"", ""journal article""]"
artificial,/ˌɑːrtɪˈfɪʃl/,intermediate,"[""Everyday Conversation"", ""Nature"", ""Technology""]","Made or produced by human beings rather than occurring naturally, often as a copy of something natural.","[""The room was filled with artificial light from the lamps."", ""She prefers artificial flowers because they never wilt.""]",Often used to describe things that mimic nature. It can also describe human behavior that seems insincere or fake.,"[""artificial intelligence"", ""artificial sweetener"", ""artificial light"", ""artificial flavoring"", ""artificial limb""]"
artificially,/ˌɑːrtɪˈfɪʃəli/,intermediate,"[""Everyday Conversation"", ""Food & Dining"", ""Technology"", ""Academic""]",In a way that is not natural or is created by humans rather than occurring by itself in nature.,"[""The price of the product was artificially inflated to make it seem more valuable."", ""These flowers were grown artificially in a climate-controlled greenhouse.""]","This is an adverb often used to describe things that are manipulated or fake, frequently appearing before adjectives or past participles.","[""artificially sweetened"", ""artificially intelligent"", ""artificially low"", ""artificially flavored"", ""artificially induced""]"
artist,/ˈɑːrtɪst/,beginner,"[""Everyday Conversation"", ""Arts & Culture"", ""Work""]","A person who creates art, such as paintings, drawings, sculptures, or music, often as a profession.","[""The artist spent months working on the large oil painting."", ""She is a talented makeup artist who works in the film industry.""]","While often used for painters, it can also describe musicians (recording artist) or people skilled in specific crafts (makeup artist).","[""talented artist"", ""makeup artist"", ""recording artist"", ""graphic artist"", ""starving artist""]"
artistic,/ɑːrˈtɪstɪk/,intermediate,"[""Everyday Conversation"", ""Arts & Culture""]","Relating to art or artists, or showing skill and imagination in creating beautiful things.","[""She has a very artistic way of decorating her home."", ""The film was praised for its artistic direction and cinematography.""]",It can describe both a person's natural ability and the quality of an object or performance.,"[""artistic talent"", ""artistic vision"", ""artistic expression"", ""artistic director"", ""artistic flair""]"
artistically,/ɑːrˈtɪstɪkli/,intermediate,"[""Everyday Conversation"", ""Arts & Culture""]",In a way that shows creative skill or aesthetic beauty.,"[""The food was artistically presented on the plate, looking almost too good to eat."", ""She is artistically gifted and spends most of her free time painting landscapes.""]",This is an adverb used to describe the manner in which an action is performed or how something is arranged to look pleasing.,"[""artistically gifted"", ""artistically inclined"", ""artistically designed"", ""artistically arranged"", ""artistically significant""]"
as,/æz/,beginner,"[""Everyday Conversation"", ""Academic""]","Used to describe the purpose or role of someone or something, or to indicate that something happens at the same time as another event.","[""She works as a manager at a large tech company."", ""The phone rang just as I was leaving the house.""]","It can function as a preposition, conjunction, or adverb. It is also commonly used in comparisons with the pattern 'as + adjective + as'.","[""as soon as"", ""as well as"", ""such as"", ""as if"", ""as long as""]"
ashamed,/əˈʃeɪmd/,intermediate,"[""Everyday Conversation"", ""Health""]","Feeling guilty, embarrassed, or sorry because of something you have done or because of a quality you have.","[""He felt ashamed of his behavior at the party last night."", ""She was too ashamed to admit that she had made a mistake.""]","Commonly used with the preposition 'of' or followed by an infinitive verb. It describes a person's feeling, whereas 'shameful' describes the action itself.","[""deeply ashamed"", ""ashamed of yourself"", ""feel ashamed"", ""nothing to be ashamed of""]"
aside,/əˈsaɪd/,intermediate,"[""Everyday Conversation"", ""Arts & Culture"", ""Work""]","To one side or out of the way, often to make space or to speak to someone privately.","[""She moved the heavy boxes aside to clear a path."", ""The manager pulled me aside after the meeting to discuss my promotion.""]","Commonly used with verbs of movement like 'step', 'move', or 'pull'. It can also be used as a noun in theater to describe a character speaking to the audience.","[""step aside"", ""pull someone aside"", ""set aside"", ""move aside"", ""aside from""]"
aside from,/əˈsaɪd frʌm/,intermediate,"[""Everyday Conversation"", ""Academic""]",Used to indicate an exception to a statement or to introduce additional information related to the topic.,"[""Aside from a few scratches, the car is in perfect condition."", ""Aside from her regular job, she also volunteers at the local animal shelter.""]",Similar in meaning to 'apart from' or 'except for'. It can be used to mean 'excluding' or 'in addition to' depending on the context.,"[""aside from that"", ""aside from the fact that"", ""aside from the cost"", ""aside from the obvious""]"
ask,/æsk/,beginner,"[""Everyday Conversation"", ""Work""]",To say something to someone as a question or to request information or help.,"[""I need to ask my teacher a question about the homework."", ""She asked him for directions to the train station.""]","Use 'ask for' when you want someone to give you something, and 'ask' when you want information.","[""ask a question"", ""ask for help"", ""ask for permission"", ""ask around"", ""ask out""]"
asleep,/əˈslip/,beginner,"[""Everyday Conversation"", ""Health""]",In a state of sleep; not awake.,"[""The baby is finally asleep in her crib."", ""I fell asleep while watching the movie.""]","This word is an adjective usually used after a verb like 'be' or 'fall'. It is rarely used directly before a noun; instead, use 'sleeping'.","[""fall asleep"", ""fast asleep"", ""sound asleep"", ""half asleep"", ""still asleep""]"
aspect,/ˈæspɛkt/,intermediate,"[""Everyday Conversation"", ""Business"", ""Academic""]","A particular part, feature, or side of a situation, idea, or problem.","[""The financial aspect of the project is the most concerning."", ""She loves every aspect of her new job, from the tasks to the people.""]",Commonly followed by the preposition 'of'. It is a versatile word used to break down a complex topic into smaller parts.,"[""important aspect"", ""technical aspect"", ""positive aspect"", ""legal aspect"", ""every aspect""]"
assist,/əˈsɪst/,intermediate,"[""Everyday Conversation"", ""Sports"", ""Work""]",To help someone by doing part of their work or providing what they need to complete a task.,"[""The software is designed to assist users in managing their daily schedules."", ""A local charity will assist the family with their medical expenses.""]",It is more formal than the word 'help' and is frequently followed by the prepositions 'with' or 'in'.,"[""assist with"", ""assist in"", ""offer to assist"", ""technical assist"", ""financial assist""]"
assistance,/əˈsɪstəns/,intermediate,"[""Everyday Conversation"", ""Business"", ""Work""]",Help or support given to someone to complete a task or deal with a problem.,"[""The shop assistant offered her assistance in finding the right size."", ""The charity provides financial assistance to families in need.""]",It is more formal than the word 'help' and is usually an uncountable noun.,"[""technical assistance"", ""financial assistance"", ""provide assistance"", ""request assistance"", ""medical assistance""]"
assistant,/əˈsɪstənt/,intermediate,"[""Everyday Conversation"", ""Business"", ""Work""]",A person who helps someone else do their job or provides support in a specific task.,"[""She works as a personal assistant for a famous writer."", ""The shop assistant helped me find the right size of shoes.""]",Often used as a job title or followed by 'to' to indicate who the person is helping.,"[""personal assistant"", ""shop assistant"", ""research assistant"", ""administrative assistant"", ""teaching assistant""]"
associate,/əˈsoʊsiˌeɪt/,intermediate,"[""Everyday Conversation"", ""Academic"", ""Work""]","To connect someone or something in your mind with another person or thing, or to spend time with someone as a friend or partner.","[""Most people associate the color red with passion or danger."", ""He chose not to associate with his former colleagues after the scandal.""]","When used as a verb, it is almost always followed by the preposition 'with'. Note that the verb ends in an 'ate' sound (/eɪt/), while the noun or adjective form ends in a shorter 'it' sound (/ət/).","[""associate with"", ""business associate"", ""closely associated"", ""associate degree""]"
associated,/əˈsoʊsiˌeɪt/,intermediate,"[""Everyday Conversation"", ""Business"", ""Academic""]","To connect one thing with another in your mind, or to be related to something else.","[""I always associate the smell of lavender with my grandmother's house."", ""There are several health risks associated with a high-sugar diet.""]",Commonly used with the preposition 'with'. The word functions as a verb (to connect) or a noun (a colleague or partner).,"[""associate with"", ""closely associated"", ""business associate"", ""associated costs"", ""associated risks""]"
association,/əˌsoʊsiˈeɪʃən/,intermediate,"[""Everyday Conversation"", ""Business"", ""Academic""]","An official group of people organized for a specific purpose, or a mental connection between ideas, feelings, or objects.","[""She joined a professional association for graphic designers to network with others in her field."", ""The smell of lavender has a strong association with my grandmother's house.""]","When referring to a connection between things, it is frequently used with the preposition 'with'.","[""professional association"", ""trade association"", ""in association with"", ""close association"", ""mental association""]"
assume,/əˈsuːm/,intermediate,"[""Work"", ""Academic"", ""Everyday Conversation""]",To accept something as true or as a fact without having any proof.,"[""I saw his car outside, so I assumed he was at home."", ""Don't just assume that she knows the rules; you should explain them to her.""]","Commonly followed by a 'that' clause (e.g., 'I assume that...'). Be careful not to confuse it with 'presume', which is used when you have some evidence to support your guess.","[""assume responsibility"", ""assume the worst"", ""safe to assume"", ""make an assumption"", ""assume control""]"
assure,/əˈʃʊr/,intermediate,"[""Work"", ""Everyday Conversation"", ""Business""]","To tell someone confidently that something is true or will happen, especially to make them feel less worried or doubtful.","[""The manager assured the team that their jobs were safe despite the company's merger."", ""I can assure you that we are doing everything possible to resolve the issue quickly.""]",This verb is almost always followed by a person (the object) and then a 'that' clause or the preposition 'of'.,"[""assure someone that"", ""rest assured"", ""can assure you"", ""assure the public"", ""assure success""]"
at,/æt/,beginner,"[""Travel"", ""Everyday Conversation""]","A preposition used to indicate a specific place, time, location, or point in a process.","[""I will meet you at the library at 5:00 PM."", ""She is currently sitting at her desk.""]",Use 'at' for specific points in time or precise locations. It is often contrasted with 'in' (for enclosed spaces) and 'on' (for surfaces).,"[""at home"", ""at work"", ""at night"", ""at the moment"", ""at school"", ""at first""]"
atmosphere,/ˈætməsˌfɪr/,intermediate,"[""Nature"", ""Academic"", ""Everyday Conversation""]","The layer of gases surrounding a planet, or the general mood and feeling of a place or situation.","[""The Earth's atmosphere protects us from the sun's harmful radiation."", ""The restaurant had a very cozy and friendly atmosphere.""]",It can be used in a scientific context (the air) or a social context (the 'vibe' of a room).,"[""relaxed atmosphere"", ""Earth's atmosphere"", ""tense atmosphere"", ""festive atmosphere"", ""friendly atmosphere""]"
atom,/ˈæt.əm/,intermediate,"[""Technology"", ""Nature"", ""Academic"", ""Everyday Conversation""]","The smallest basic unit of a chemical element that can exist, consisting of a nucleus surrounded by electrons.","[""Everything in the universe is made up of tiny atoms."", ""Scientists use powerful microscopes to study the structure of an atom.""]","While primarily a scientific term, it is occasionally used in literature to describe an extremely small amount of something.","[""hydrogen atom"", ""split the atom"", ""atomic structure"", ""carbon atom"", ""subatomic particles""]"
attach,/əˈtætʃ/,intermediate,"[""Work"", ""Technology"", ""Everyday Conversation""]","To join, fasten, or connect one thing to another.","[""Please attach the document to your email before sending it."", ""He used a clip to attach the badge to his shirt.""]","Commonly followed by the preposition 'to'. In a digital context, it refers to adding a file to an email or message.","[""attach a file"", ""attach a label"", ""attach importance to"", ""firmly attach""]"
attached,/əˈtætʃ/,beginner,"[""Work"", ""Technology"", ""Everyday Conversation""]","To fasten, join, or connect one thing to another, or to include a document or file with an email.","[""Please attach the report to your email before you send it."", ""You need to attach a recent photo to the application form.""]",This verb is almost always used with the preposition 'to'.,"[""attach a file"", ""attach importance to"", ""firmly attached"", ""emotionally attached""]"
attack,/əˈtæk/,beginner,"[""News & Media"", ""Sports"", ""Health"", ""Everyday Conversation""]","To use violence to hurt a person or damage a place, or to criticize someone or something very strongly.","[""The soldiers launched a sudden attack on the enemy base."", ""The politician came under attack for his controversial new policies.""]","This word functions as both a verb and a noun. In medical contexts, it refers to a sudden period of illness, such as a heart attack.","[""heart attack"", ""terrorist attack"", ""launch an attack"", ""under attack"", ""cyber attack""]"
attempt,/əˈtempt/,intermediate,"[""Work"", ""Academic"", ""Everyday Conversation""]","To try to do something, especially something that is difficult or challenging.","[""She made a final attempt to explain her reasons for leaving."", ""The team will attempt to break the world record during the next race.""]","It can be used as both a verb and a noun. It is often followed by an infinitive, such as 'attempt to do something'.","[""make an attempt"", ""first attempt"", ""failed attempt"", ""successful attempt"", ""attempt to""]"
attempted,/əˈtempt/,intermediate,"[""Work"", ""Academic"", ""Everyday Conversation""]","To try to do something, especially something difficult or challenging.","[""She will attempt to break the world record in the marathon next month."", ""The team made a final attempt to complete the project before the deadline.""]",It can be used as both a verb and a noun. It is slightly more formal than the word 'try'.,"[""make an attempt"", ""first attempt"", ""attempt to do"", ""failed attempt"", ""successful attempt""]"
attend,/əˈtɛnd/,intermediate,"[""Work"", ""Academic"", ""Everyday Conversation""]","To be present at an event, meeting, or function, or to go regularly to a place such as a school.","[""Over two hundred people are expected to attend the conference."", ""Students must attend at least eighty percent of their classes to pass.""]","When 'attend' means to be present, it is a transitive verb and does not take the preposition 'to'. 'Attend to' is a different phrasal verb meaning to deal with or take care of something.","[""attend a meeting"", ""attend a wedding"", ""attend school"", ""attend a lecture"", ""attend an event""]"
attend to,/əˈtɛnd tu/,intermediate,"[""Health"", ""Everyday Conversation"", ""Business""]","To deal with a task or problem, or to take care of someone's needs.","[""The nurse will attend to your wound in just a moment."", ""I have several urgent matters to attend to before I can leave the office.""]","This is a formal phrasal verb. It is commonly used in professional, medical, or customer service contexts.","[""attend to a matter"", ""attend to needs"", ""attend to details"", ""attend to a patient"", ""attend to business""]"
attention,/əˈten.ʃən/,beginner,"[""Work"", ""Academic"", ""Everyday Conversation""]","The act of listening to, looking at, or thinking about something or someone carefully.","[""Please pay attention to the safety instructions before we begin."", ""The bright colors of the flowers caught her attention immediately.""]","Commonly used with the verb 'pay'. It can also mean special care or treatment, such as 'medical attention'.","[""pay attention"", ""draw attention"", ""catch someone's attention"", ""undivided attention"", ""medical attention""]"
attitude,/ˈætɪtuːd/,intermediate,"[""Health"", ""Work"", ""Everyday Conversation""]","A way of thinking or feeling about someone or something, which is often shown in the way you behave.","[""He has a very positive attitude toward his studies."", ""If you want to succeed, you need to change your attitude.""]",Commonly used with the preposition 'toward' or 'towards'. It can describe both a general mindset and a specific behavior.,"[""positive attitude"", ""negative attitude"", ""attitude toward"", ""change your attitude"", ""mental attitude""]"
attorney,/əˈtɜːrni/,intermediate,"[""News & Media"", ""Work"", ""Everyday Conversation"", ""Business""]",A person who is legally qualified to represent someone in a court of law or to give legal advice.,"[""She hired an attorney to help her with the business contract."", ""The defense attorney argued that there was not enough evidence for a conviction.""]","In the United States, 'attorney' is a formal term for a lawyer. It is often used in professional or legal contexts.","[""defense attorney"", ""district attorney"", ""power of attorney"", ""hire an attorney"", ""consult an attorney""]"
attract,/əˈtrækt/,beginner,"[""Nature"", ""Everyday Conversation"", ""Business""]",To cause someone or something to move toward a place or to become interested in something.,"[""The bright flowers attract many bees to the garden."", ""The company is trying to attract new customers with a big sale.""]",Commonly used in the pattern 'attract someone to something' or in the passive voice 'be attracted to'.,"[""attract attention"", ""attract interest"", ""attract customers"", ""attract investment"", ""attract a crowd""]"
attraction,/əˈtrækʃən/,intermediate,"[""Arts & Culture"", ""Travel"", ""Everyday Conversation""]","A place that people visit for interest or enjoyment, or a feeling of being drawn to someone or something because of its qualities.","[""The Grand Canyon is a famous tourist attraction in the United States."", ""They felt a strong mutual attraction from the moment they met.""]","Often used in the phrase 'tourist attraction' to describe landmarks, or in physics to describe forces pulling objects together.","[""tourist attraction"", ""main attraction"", ""mutual attraction"", ""fatal attraction"", ""gravitational attraction""]"
attractive,/əˈtræktɪv/,beginner,"[""Business"", ""Everyday Conversation""]","Pleasing or appealing to the senses, especially visually, or having qualities that draw interest and attention.","[""The company offered him a very attractive salary and benefits package."", ""She wore an attractive dress that caught everyone's eye at the party.""]","While often used to describe physical beauty, it is also frequently used in business to describe deals, prices, or opportunities.","[""attractive offer"", ""physically attractive"", ""attractive price"", ""highly attractive"", ""attractive features""]"
audience,/ˈɑːdiəns/,intermediate,"[""News & Media"", ""Arts & Culture"", ""Academic"", ""Everyday Conversation""]","A group of people who gather together to watch or listen to a performance, speech, or presentation.","[""The audience gave the performers a standing ovation at the end of the play."", ""The speaker struggled to keep the audience's attention during the long presentation.""]","In American English, 'audience' is usually treated as a singular noun, while in British English, it can be used with either singular or plural verbs.","[""target audience"", ""live audience"", ""reach an audience"", ""address the audience"", ""captive audience""]"
august,/ɔːˈɡʌst/,advanced,"[""Arts & Culture"", ""Academic"", ""Everyday Conversation""]","Respected and impressive, especially because of a high position, great age, or historical importance.","[""The university is an august institution with a long history of excellence."", ""He felt honored to be invited into such an august group of scientists.""]","This is a formal adjective. Note that the stress is on the second syllable, unlike the month 'August' which is stressed on the first.","[""august institution"", ""august body"", ""august presence"", ""august lineage""]"
aunt,/ænt/,beginner,"[""Everyday Conversation""]","The sister of your father or mother, or the wife of your uncle.","[""My aunt Sarah is coming to visit us this weekend."", ""I have three aunts on my mother's side of the family.""]","In many families, 'Aunt' is used as a title before the person's first name, such as 'Aunt Linda'.","[""favorite aunt"", ""great-aunt"", ""maternal aunt"", ""paternal aunt""]"
author,/ˈɔːθər/,intermediate,"[""Arts & Culture"", ""Academic"", ""Everyday Conversation""]","A person who writes a book, article, or any other piece of writing.","[""The author of the novel will be signing books at the library tomorrow."", ""She is a well-known author of several scientific papers.""]","While usually used as a noun, it can also be used as a verb meaning 'to write' (e.g., 'He authored several books').","[""best-selling author"", ""lead author"", ""published author"", ""co-author"", ""author's note""]"
authority,/əˈθɔːrəti/,intermediate,"[""News & Media"", ""Academic"", ""Everyday Conversation"", ""Business""]","The power or right to give orders and make decisions, or a person who is an expert in a particular subject.","[""The police have the authority to arrest anyone who breaks the law."", ""She is a world-renowned authority on 19th-century literature.""]","When referring to an expert, it is often followed by the preposition 'on'. The plural form 'authorities' usually refers to the government or police.","[""position of authority"", ""local authorities"", ""exercise authority"", ""challenge authority"", ""authority figure""]"
automatic,/ˌɔːtəˈmætɪk/,intermediate,"[""Everyday Conversation"", ""Technology""]","Working by itself without direct human control, or done without conscious thought or effort.","[""The store has automatic doors that open when you walk toward them."", ""Blinking is an automatic reaction to keep your eyes moist.""]","Often used to describe machines, but can also describe human habits or physical reactions.","[""automatic doors"", ""automatic transmission"", ""automatic response"", ""automatic update""]"
automatically,/ˌɑː.t̬əˈmæt̬.ɪ.kə.li/,intermediate,"[""Technology"", ""Everyday Conversation""]","In a way that happens by itself without needing a person to operate it, or done without thinking about it.","[""The lights turn off automatically after ten minutes of inactivity."", ""I automatically looked at my watch when he asked for the time.""]",It can describe both mechanical processes and human habits or reflexes.,"[""update automatically"", ""renew automatically"", ""happen automatically"", ""save automatically"", ""respond automatically""]"
autumn,/ˈɑː.t̬əm/,beginner,"[""Nature"", ""Everyday Conversation""]","The season of the year between summer and winter, characterized by cooler weather and leaves changing color and falling from trees.","[""The leaves turn beautiful shades of red and orange in autumn."", ""We harvested the apples in late autumn.""]","In American English, the word 'fall' is more commonly used in everyday conversation, while 'autumn' is often seen as more formal or literary.","[""early autumn"", ""late autumn"", ""autumn leaves"", ""autumn colors"", ""autumn breeze""]"
available,/əˈveɪləbl/,beginner,"[""Work"", ""Everyday Conversation"", ""Business""]","Ready to be used, bought, or found, or not busy and free to talk to someone.","[""Is this seat available?"", ""The manager is not available for a meeting right now.""]",It can be used before a noun or after a linking verb like 'be'.,"[""readily available"", ""widely available"", ""available for"", ""make available"", ""not available""]"
average,/ˈævərɪdʒ/,intermediate,"[""Academic"", ""Everyday Conversation"", ""Business""]","A number calculated by adding several amounts together and dividing by the total number of amounts; also, something that is normal or typical.","[""The average age of the students in the class is twenty-two."", ""On average, it takes about thirty minutes to get to the city center.""]","It can function as a noun, an adjective, or a verb. In everyday conversation, it often describes something that is ordinary or not special.","[""above average"", ""below average"", ""on average"", ""national average"", ""average person""]"
avoid,/əˈvɔɪd/,beginner,"[""Health"", ""Work"", ""Everyday Conversation""]","To stay away from a person, place, or situation, or to prevent something unpleasant from happening.","[""He took a different route to avoid the heavy morning traffic."", ""You should avoid eating too much sugar if you want to stay healthy.""]",This verb is commonly followed by a noun or a gerund (the -ing form of a verb).,"[""avoid eye contact"", ""avoid a mistake"", ""avoid conflict"", ""avoid the rush"", ""avoid crowds""]"
awake,/əˈweɪk/,beginner,"[""Everyday Conversation"", ""Health""]",Not sleeping; conscious and alert.,"[""I was still wide awake at midnight."", ""The noise from the street kept me awake all night.""]","Usually used as an adjective after a verb like 'be', 'stay', or 'keep'. While it can be a verb, 'wake up' is more common in daily speech.","[""wide awake"", ""stay awake"", ""keep someone awake"", ""fully awake"", ""half awake""]"
award,/əˈwɔːrd/,intermediate,"[""Work"", ""Arts & Culture"", ""Academic"", ""Everyday Conversation""]","A prize or honor given to someone to recognize their achievements, or the act of officially giving such a prize or decision.","[""She won an award for the best actress of the year."", ""The committee decided to award the contract to a local building company.""]","Can be used as both a noun and a verb. As a verb, it often follows the pattern 'award someone something' or 'award something to someone'. Do not confuse it with 'reward', which is given for good behavior or effort rather than an official decision.","[""win an award"", ""present an award"", ""prestigious award"", ""academy award"", ""award a contract""]"
aware,/əˈwɛər/,intermediate,"[""Everyday Conversation"", ""Work"", ""News & Media""]",Knowing about something or being conscious of a situation or fact.,"[""She was aware of the potential risks before starting the project."", ""Are you aware that the meeting has been rescheduled?""]",Commonly used with the preposition 'of' or followed by a 'that' clause.,"[""well aware"", ""fully aware"", ""become aware"", ""socially aware"", ""aware of the fact""]"
away,/əˈweɪ/,beginner,"[""Travel"", ""Everyday Conversation""]","To or at a distance from a particular place, person, or thing; in or into another place or direction.","[""She turned her face away so he wouldn't see her crying."", ""The beach is only a five-minute walk away.""]","Often used with verbs of movement (go, run, take) or to indicate distance in space or time (three miles away, two weeks away).","[""go away"", ""far away"", ""right away"", ""give away"", ""stay away""]"
awful,/ˈɔːfəl/,beginner,"[""Health"", ""Everyday Conversation""]","Extremely bad, unpleasant, or of very poor quality.","[""The weather was absolutely awful during our entire vacation."", ""I feel awful about forgetting your birthday; I am so sorry.""]","In informal speech, 'awful' can also be used as an adverb meaning 'very' (e.g., 'an awful lot of people').","[""awful weather"", ""feel awful"", ""look awful"", ""awful smell"", ""an awful lot""]"
awfully,/ˈɔːfəli/,intermediate,"[""Everyday Conversation""]","Used as an intensifier to mean very or extremely, often to emphasize a feeling or a quality.","[""I'm awfully sorry for the misunderstanding."", ""It is awfully cold in this room, isn't it?""]","While it comes from the word 'awful,' it is most commonly used in conversation as a synonym for 'very.' It can sound slightly formal or old-fashioned depending on the region.","[""awfully sorry"", ""awfully nice"", ""awfully quiet"", ""awfully glad"", ""awfully long""]"
awkward,/ˈɑːkwərd/,intermediate,"[""Work"", ""Everyday Conversation""]","Feeling or causing embarrassment, or being difficult to handle or deal with because of its shape or size.","[""There was an awkward silence after she asked the personal question."", ""The large sofa was very awkward to move up the narrow stairs.""]",This word is commonly used to describe both social discomfort and physical difficulty in handling objects.,"[""awkward silence"", ""awkward situation"", ""awkward moment"", ""feel awkward"", ""awkward phase""]"
awkwardly,/ˈɔːkwərdli/,intermediate,"[""Everyday Conversation""]",In a way that is not graceful or that shows you feel embarrassed or uncomfortable.,"[""He shifted awkwardly in his seat when they asked him the difficult question."", ""The two old friends stood awkwardly in the hallway, unsure of what to say.""]","This is the adverb form of the adjective 'awkward'. It is frequently used to describe social interactions that feel forced or embarrassing, as well as physical movements that lack coordination.","[""smile awkwardly"", ""laugh awkwardly"", ""stand awkwardly"", ""move awkwardly"", ""shift awkwardly""]"
baby,/ˈbeɪbi/,beginner,"[""Everyday Conversation"", ""Health""]","A very young child, especially one who has not yet learned to walk or talk.","[""The baby is sleeping peacefully in her crib."", ""They are expecting a new baby in the spring.""]","While it primarily refers to an infant, it is also commonly used as an informal term of endearment for a romantic partner.","[""newborn baby"", ""baby shower"", ""have a baby"", ""baby steps"", ""baby clothes""]"
back,/bæk/,beginner,"[""Health"", ""Everyday Conversation""]","The rear part of the human body from the shoulders to the hips, or the side/part of something that is opposite the front.","[""He was lying on his back looking up at the sky."", ""Please write your signature on the back of the check.""]","Can be used as a noun, adjective, adverb, or verb. As an adverb, it often indicates a return to a previous place, state, or time.","[""back pain"", ""go back"", ""at the back of"", ""back and forth"", ""get back to""]"
back up,/ˈbæk ʌp/,intermediate,"[""Work"", ""Technology"", ""Everyday Conversation""]","To make a copy of digital information so that it is safe if the original is lost or damaged; also, to move backward or to support someone.","[""You should always back up your important files to an external hard drive."", ""Can you back up a little bit so I can open the car door?""]","When used as a verb, it is written as two words ('back up'). The noun form is written as one word ('backup').","[""back up your files"", ""back up a car"", ""back up a claim"", ""back someone up""]"
background,/ˈbækˌɡraʊnd/,intermediate,"[""Everyday Conversation"", ""Academic"", ""Work"", ""Arts & Culture""]","The details of a person's past experience and education, or the part of a scene or picture that is behind the main objects.","[""The interviewer asked several questions about her professional background."", ""The mountains in the background of the photograph were covered in snow.""]",It can refer to both physical space (behind something) and abstract history (a person's life story or experience).,"[""educational background"", ""family background"", ""background noise"", ""background information"", ""in the background""]"
backward,/ˈbækwərd/,intermediate,"[""Everyday Conversation"", ""Academic""]","Directed toward the back or the past, or showing a lack of progress or development.","[""He took a step backward to avoid the puddle."", ""The new policy was seen as a backward move for the company.""]","In American English, 'backward' is used as both an adjective and an adverb, while 'backwards' is more commonly used as an adverb in British English.","[""step backward"", ""backward glance"", ""backward motion"", ""look backward"", ""backward compatible""]"
backwards,/ˈbækwərd/,beginner,"[""Everyday Conversation"", ""Travel""]",Moving toward the back or in the opposite direction of what is normal.,"[""He took a step backward to avoid the puddle."", ""She can say the alphabet backward very quickly.""]","In US English, 'backward' is used as both an adjective and an adverb. In British English, 'backwards' is the preferred adverbial form.","[""step backward"", ""look backward"", ""move backward"", ""backward glance"", ""fall backward""]"
bacteria,/bækˈtɪriə/,intermediate,"[""Everyday Conversation"", ""Academic"", ""Nature"", ""Health""]",Very small living things consisting of a single cell that exist everywhere; some can cause disease while others are beneficial to health.,"[""Washing your hands with soap helps to kill harmful bacteria."", ""The yogurt contains live bacteria that are good for your digestion.""]","Bacteria is the plural form of bacterium. In scientific contexts, it takes a plural verb, but in everyday English, it is sometimes treated as an uncountable noun.","[""harmful bacteria"", ""beneficial bacteria"", ""kill bacteria"", ""spread of bacteria"", ""bacterial infection""]"
bad,/bæd/,beginner,"[""Everyday Conversation""]","Not good in quality, or something that is unpleasant, harmful, or wrong.","[""I have some bad news to tell you."", ""The weather was really bad during our vacation.""]",It is a very common adjective used to describe many different negative situations. Avoid overusing it by trying more specific words like 'terrible' or 'harmful'.,"[""bad weather"", ""bad news"", ""bad habit"", ""feel bad"", ""bad luck""]"
bad-tempered,/ˌbædˈtempərd/,intermediate,"[""Everyday Conversation"", ""Health""]",Easily annoyed or made angry; having a grumpy or irritable disposition.,"[""He becomes very bad-tempered when he hasn't had enough sleep."", ""The bad-tempered clerk was rude to the customers.""]",This adjective can be used before a noun or after linking verbs like 'be' or 'become'.,"[""a bad-tempered person"", ""become bad-tempered"", ""increasingly bad-tempered"", ""a bad-tempered mood""]"
badly,/ˈbædli/,beginner,"[""Everyday Conversation"", ""Health""]","In a poor or unsatisfactory way, or to a very great or intense degree.","[""The team played badly and lost the match."", ""He wanted to win the competition very badly.""]","When used with verbs like 'want' or 'need', it means 'very much'. In informal speech, people sometimes use 'bad' as an adverb, but 'badly' is the correct form in standard English.","[""behave badly"", ""want something badly"", ""badly injured"", ""badly damaged"", ""treat someone badly""]"
bag,/bæɡ/,beginner,"[""Everyday Conversation"", ""Food & Dining"", ""Travel""]","A container made of flexible material like paper, plastic, or cloth, used for carrying or storing items.","[""He carried his groceries home in a reusable cloth bag."", ""Don't forget to pack your sleeping bag for the camping trip.""]","Commonly used as a noun, but can also be a verb meaning to put something into a bag.","[""plastic bag"", ""shopping bag"", ""hand bag"", ""paper bag"", ""sleeping bag""]"
baggage,/ˈbæɡɪdʒ/,intermediate,"[""Everyday Conversation"", ""Travel""]","The suitcases and bags that you take with you when you travel, or the past experiences and feelings that influence how you act now.","[""The airline lost my baggage during the flight to London."", ""He has a lot of emotional baggage from his previous relationship.""]","It is an uncountable noun, meaning it has no plural form. Use 'a piece of baggage' or 'some baggage' instead of 'a baggage' or 'baggages'.","[""excess baggage"", ""emotional baggage"", ""baggage claim"", ""check your baggage"", ""carry-on baggage""]"
bake,/beɪk/,beginner,"[""Everyday Conversation"", ""Food & Dining""]","To cook food, such as bread, cakes, or cookies, in an oven using dry heat.","[""I am going to bake a chocolate cake for the party."", ""The smell of fresh bread baking filled the entire house.""]","While 'bake' is mostly used for flour-based foods, it can also describe cooking vegetables or fish in an oven.","[""bake a cake"", ""freshly baked"", ""bake from scratch"", ""bake in the oven""]"
balance,/ˈbæləns/,intermediate,"[""Business"", ""Everyday Conversation"", ""Health""]","A state where different things are equal in value or importance, or the ability to remain upright and steady without falling.","[""He struggled to keep his balance while walking across the narrow bridge."", ""You need to find a good balance between studying and relaxing.""]","Often used as a noun to talk about physical stability or a bank account total, and as a verb meaning to give equal importance to two things.","[""keep your balance"", ""lose your balance"", ""work-life balance"", ""bank balance"", ""strike a balance""]"
ball,/bɔːl/,beginner,"[""Everyday Conversation"", ""Sports""]","A round object used in games and sports, or a large formal party where people dance.","[""The children were kicking a ball around the park."", ""She wore a beautiful long dress to the charity ball.""]","In sports, it refers to the equipment. In a social context, it refers to a very formal event. The idiom 'have a ball' means to have a lot of fun.","[""tennis ball"", ""soccer ball"", ""kick the ball"", ""throw a ball"", ""charity ball""]"
ban,/bæn/,intermediate,"[""Everyday Conversation"", ""News & Media""]","To officially or legally prohibit something from being done, used, or seen.","[""The government decided to ban smoking in all public parks."", ""The athlete was given a lifetime ban after failing a drug test.""]",It can be used as a verb (to ban something) or a noun (a ban on something).,"[""lift a ban"", ""impose a ban"", ""total ban"", ""travel ban"", ""ban someone from""]"
band,/bænd/,beginner,"[""Everyday Conversation"", ""Arts & Culture""]","A group of musicians who play music together, or a thin strip of material used to hold things together or as decoration.","[""My brother plays the drums in a local rock band."", ""She tied the papers together with a thick rubber band.""]","The word can refer to people (musicians) or objects (strips of material). In some contexts, it also refers to a range of radio frequencies or a stripe of color.","[""rock band"", ""rubber band"", ""wedding band"", ""marching band"", ""live band""]"
bandage,/ˈbændɪdʒ/,beginner,"[""Everyday Conversation"", ""Health""]","A strip of cloth or other material used to cover, protect, or support an injury.","[""The nurse wrapped a clean bandage around his sprained ankle."", ""You should change the bandage every day to keep the wound clean.""]",It can be used as a noun (the material itself) or as a verb (the action of wrapping an injury).,"[""apply a bandage"", ""wrap a bandage"", ""elastic bandage"", ""sterile bandage"", ""remove a bandage""]"
bank,/bæŋk/,beginner,"[""Business"", ""Everyday Conversation"", ""Nature""]","A financial institution where people keep, borrow, or exchange money, or the sloping land along the side of a river or lake.","[""I need to go to the bank to deposit this check."", ""We sat on the river bank and watched the sunset.""]","The word can be a noun (a place) or a verb (to deposit money). It is also used in the idiom 'bank on,' which means to rely on something happening.","[""bank account"", ""river bank"", ""bank statement"", ""investment bank"", ""bank loan""]"
bar,/bɑːr/,beginner,"[""Everyday Conversation"", ""Food & Dining""]","A place where alcoholic drinks are served, or a solid, rectangular piece of something like chocolate or soap.","[""We met at a local bar for a drink after work."", ""She bought a large bar of dark chocolate.""]","As a verb, 'to bar' means to officially prevent someone from entering a place or doing something.","[""chocolate bar"", ""behind bars"", ""raise the bar"", ""bar exam"", ""snack bar""]"
bargain,/ˈbɑːrɡən/,intermediate,"[""Business"", ""Everyday Conversation"", ""Food & Dining""]","Something bought at a much lower price than its true value, or the act of negotiating the terms of an agreement or price.","[""This designer coat was a real bargain at only fifty dollars."", ""The union spent weeks bargaining with the company for better wages.""]",It can be used as a noun to describe a good deal or as a verb meaning to negotiate. The phrase 'into the bargain' means 'in addition to everything else'.,"[""bargain hunter"", ""drive a hard bargain"", ""bargain price"", ""real bargain"", ""collective bargaining""]"
barrier,/ˈbæriər/,intermediate,"[""Everyday Conversation"", ""Academic"", ""News & Media""]",A physical object that blocks a path or a situation that prevents people from doing something or communicating.,"[""The police put up a metal barrier to control the crowd."", ""A lack of confidence can be a major barrier to success.""]",Can refer to physical objects or abstract concepts like social or economic obstacles.,"[""language barrier"", ""trade barrier"", ""physical barrier"", ""break down barriers"", ""barrier to entry""]"
base,/beɪs/,beginner,"[""Everyday Conversation"", ""Academic"", ""Work""]","The bottom part of an object that supports it, or a main place where a person or organization lives or works.","[""The lamp has a heavy metal base so it does not tip over."", ""The company has its main base in London, but they have offices all over the world.""]",Commonly used as a verb in the phrase 'based on' to indicate the source or foundation of an idea.,"[""military base"", ""customer base"", ""knowledge base"", ""at the base of"", ""base of operations""]"
base on,/beɪs ɑːn/,intermediate,"[""Business"", ""Everyday Conversation"", ""Academic""]","To use a particular fact, idea, or situation as the foundation or starting point for something else.","[""The movie is based on a true story."", ""We should base our decision on the facts available to us.""]","This phrase is most frequently used in the passive voice (e.g., 'is based on').","[""based on a true story"", ""base a decision on"", ""base a theory on"", ""firmly based on""]"
based,/beɪst/,intermediate,"[""Business"", ""Everyday Conversation"", ""News & Media""]","Located in a particular place, or developed from a specific foundation or source.","[""The tech company is based in San Francisco."", ""The movie is based on a true story from the 1920s.""]","Commonly used with the prepositions 'in' (for location) or 'on' (for a source). In modern internet slang, it can also describe someone who is authentic and unbothered by others' opinions.","[""based in"", ""based on"", ""evidence-based"", ""home-based"", ""broad-based""]"
basic,/ˈbeɪsɪk/,beginner,"[""Everyday Conversation"", ""Academic""]","Relating to the simplest and most important parts of something, or providing a starting point from which other things develop.","[""The hotel room was very basic, but it was clean and comfortable."", ""You need to learn the basic rules of the game before you start playing.""]","It can describe something essential or something that lacks luxury. In modern informal slang, it is sometimes used to describe someone who is unoriginal or follows mainstream trends.","[""basic needs"", ""basic skills"", ""basic training"", ""basic principles"", ""basic knowledge""]"
basically,/ˈbeɪsɪkli/,intermediate,"[""Business"", ""Everyday Conversation"", ""Academic""]","Used to emphasize the most important or fundamental point of something, often when simplifying a complex situation.","[""Basically, the plan is to save money by eating at home more often."", ""The two phone models are basically the same, except for the camera quality.""]","It is very common in spoken English as a filler word, but it should be used sparingly in formal writing to avoid sounding repetitive.","[""basically the same"", ""basically true"", ""basically saying"", ""basically correct"", ""basically means""]"
basis,/ˈbeɪsɪs/,intermediate,"[""Business"", ""Everyday Conversation"", ""Academic""]","The foundation, underlying support, or the main reason why something exists or happens.","[""The two companies decided to work together on a trial basis."", ""We meet on a weekly basis to discuss our progress.""]","Commonly used with the preposition 'on' (e.g., 'on a daily basis'). The plural form is 'bases' (pronounced /ˈbeɪsiːz/).","[""on a regular basis"", ""on the basis of"", ""legal basis"", ""scientific basis"", ""daily basis""]"
bath,/bæθ/,beginner,"[""Everyday Conversation"", ""Health""]","A large container filled with water for washing your body, or the act of washing yourself in such a container.","[""I like to relax in a hot bath after a long day at work."", ""It is time to give the toddler a bath before bed.""]","In American English, people usually 'take a bath,' whereas in British English, it is more common to 'have a bath.'","[""take a bath"", ""have a bath"", ""bubble bath"", ""hot bath"", ""bath towel""]"
bathroom,/ˈbæθˌruːm/,beginner,"[""Everyday Conversation"", ""Health"", ""Travel""]",A room in a house or public building that contains a toilet and often a sink and a bathtub or shower.,"[""I need to use the bathroom before we leave for the airport."", ""The house has three bedrooms and two bathrooms.""]","In American English, 'bathroom' is the standard polite term for a room with a toilet, even in public places where there is no bathtub.","[""use the bathroom"", ""public bathroom"", ""bathroom mirror"", ""clean the bathroom"", ""master bathroom""]"
battery,/ˈbætəri/,beginner,"[""Everyday Conversation"", ""Technology""]","A device that stores chemical energy and converts it into electricity to power electronic devices like phones, cars, and toys.","[""My phone is about to die because the battery is low."", ""This toy requires four AA batteries to work.""]","The word 'battery' can also refer to a series of similar things (e.g., 'a battery of tests') or a legal term for physical attack, but its most common everyday use is the electrical device.","[""dead battery"", ""rechargeable battery"", ""battery life"", ""charge a battery"", ""battery charger""]"
battle,/ˈbætəl/,intermediate,"[""Everyday Conversation"", ""Academic"", ""News & Media""]","A fight between large groups of people, especially in a war, or a long and difficult struggle to achieve something.","[""The soldiers fought a fierce battle in the mountains."", ""She won her long battle against the illness.""]",It can be used as both a noun and a verb. It is frequently used metaphorically to describe personal or social struggles.,"[""win a battle"", ""lose a battle"", ""uphill battle"", ""battle for survival"", ""fierce battle""]"
bay,/beɪ/,intermediate,"[""Everyday Conversation"", ""Nature"", ""Travel""]","A body of water partially surrounded by land, or a specific area or compartment used for a particular purpose, such as parking or storage.","[""The ship dropped its anchor in the calm waters of the bay."", ""Please make sure the delivery truck is parked in the loading bay.""]","While most commonly used to describe a coastal feature, it is also frequently used in technical or industrial contexts to describe a designated space.","[""San Francisco Bay"", ""loading bay"", ""keep at bay"", ""bay window"", ""parking bay""]"
be left over,/biː left ˈoʊvər/,intermediate,"[""Everyday Conversation"", ""Food & Dining""]","To remain unused, uneaten, or unspent after the rest has been finished or used.","[""There was a lot of food left over after the party, so we packed it into containers."", ""If there is any money left over at the end of the month, I put it into my savings account.""]",This is a phrasal verb often used in the passive voice. The noun form 'leftovers' (always plural) refers specifically to remaining food from a meal.,"[""food left over"", ""money left over"", ""time left over"", ""nothing left over""]"
beach,/bitʃ/,beginner,"[""Everyday Conversation"", ""Nature"", ""Travel""]","A sandy or pebbly area along the edge of an ocean, sea, or lake.","[""We spent the whole day relaxing on the beach."", ""The children are building a sandcastle on the beach.""]",Commonly used with the prepositions 'at' or 'on'. Be careful with the long 'e' sound in pronunciation to avoid confusion with a similar-sounding vulgar word.,"[""sandy beach"", ""go to the beach"", ""beach towel"", ""beach resort"", ""private beach""]"
beak,/biːk/,beginner,"[""Everyday Conversation"", ""Nature""]","The hard, pointed outer part of a bird's mouth, used for eating, grooming, and defense.","[""The eagle used its sharp, hooked beak to tear its food."", ""A woodpecker uses its strong beak to drill holes in tree trunks.""]","While primarily used for birds, it is sometimes used informally or humorously to describe a person's large or prominent nose.","[""sharp beak"", ""hooked beak"", ""bird's beak"", ""long beak"", ""curved beak""]"
bear,/bɛr/,intermediate,"[""Everyday Conversation"", ""Nature""]","A large, heavy mammal with thick fur and a short tail, or a verb meaning to carry a weight or endure a difficult situation.","[""The hikers were careful not to leave food out in case a bear was nearby."", ""She had to bear the heavy responsibility of managing the entire team alone.""]","As a verb, 'bear' is often used in formal contexts or common idioms like 'bear in mind' (to remember) or 'can't bear' (to strongly dislike).","[""polar bear"", ""bear in mind"", ""bear the burden"", ""bear a resemblance"", ""bear fruit""]"
beard,/bɪrd/,beginner,"[""Appearance"", ""Everyday Conversation""]","The hair that grows on the lower part of a man's face, including the chin and cheeks.","[""He decided to grow a thick beard for the winter."", ""He spent several minutes trimming his beard in front of the mirror.""]","Commonly used with verbs like 'grow', 'trim', or 'shave'.","[""grow a beard"", ""trim a beard"", ""shave off a beard"", ""thick beard"", ""facial hair""]"
beat,/biːt/,beginner,"[""Everyday Conversation"", ""Sports"", ""Food & Dining""]","To defeat someone in a game or competition, or to strike something repeatedly.","[""Our team managed to beat the champions in the final game."", ""She had to beat the eggs for several minutes to make the cake fluffy.""]","Learners often confuse 'beat' and 'win'. You beat an opponent or a team, but you win a game, a race, or a prize.","[""beat the odds"", ""beat a record"", ""beat the heat"", ""beat the clock"", ""heart beat""]"
beat up,/ˌbiːt ˈʌp/,intermediate,"[""Everyday Conversation"", ""News & Media""]","To hurt someone by hitting or kicking them repeatedly, or to describe something that is old and in bad condition.","[""He was attacked and beat up by a group of strangers outside the train station."", ""She drives an old, beat-up car that makes a lot of noise.""]","When used as a verb meaning to attack, it is separable (e.g., 'beat him up'). As an adjective describing an object in poor condition, it is usually hyphenated ('a beat-up car').","[""get beat up"", ""beat up a car"", ""badly beat up"", ""beat up truck""]"
beautiful,/ˈbjuːtɪfəl/,beginner,"[""Everyday Conversation"", ""Nature"", ""Arts & Culture""]",Very attractive or pleasing to the senses or the mind.,"[""The sunset over the ocean was absolutely beautiful."", ""She wore a beautiful dress to the wedding.""]","While often used for physical appearance, it can also describe weather, music, or even a kind action.","[""beautiful scenery"", ""beautiful voice"", ""beautiful day"", ""look beautiful"", ""absolutely beautiful""]"
beautifully,/ˈbjuːtɪfəli/,beginner,"[""Everyday Conversation"", ""Arts & Culture""]","In a way that is very attractive, pleasing to the senses, or done with great skill.","[""She sang the song beautifully, and the audience was moved to tears."", ""The old house has been beautifully restored to its original condition.""]",This is an adverb used to modify verbs or adjectives to describe high quality or aesthetic appeal.,"[""beautifully written"", ""beautifully decorated"", ""beautifully crafted"", ""beautifully illustrated""]"
beauty,/ˈbjuːti/,beginner,"[""Everyday Conversation"", ""Nature"", ""Arts & Culture""]","A quality that gives great pleasure to the senses, especially the sight, or a person or thing that has this quality.","[""The natural beauty of the mountains is incredible."", ""She is a real beauty with a very kind heart.""]",Can be used as an uncountable noun for the general quality or a countable noun when referring to a specific beautiful person or object.,"[""natural beauty"", ""inner beauty"", ""beauty salon"", ""standard of beauty"", ""breathtaking beauty""]"
because,/bɪˈkɔːz/,beginner,"[""Everyday Conversation"", ""Academic""]",For the reason that; used to introduce the cause or explanation of something.,"[""We stayed indoors because it was raining heavily."", ""She passed the exam because she studied hard every day.""]",Avoid starting a sentence with 'Because' in formal writing unless it is followed by a main clause. Do not confuse 'because' (conjunction) with 'because of' (preposition).,"[""just because"", ""mainly because"", ""simply because"", ""because of""]"
because of,/bɪˈkəz əv/,beginner,"[""Everyday Conversation"", ""Academic""]",Used to introduce the reason for something or to explain why something happened.,"[""The outdoor concert was canceled because of the heavy rain."", ""She succeeded because of her hard work and dedication.""]","This phrase is a preposition and must be followed by a noun, pronoun, or noun phrase. Do not follow it with a full clause (subject + verb); use 'because' instead.","[""because of the weather"", ""because of the traffic"", ""because of the delay"", ""because of the situation"", ""because of you""]"
become,/bɪˈkʌm/,beginner,"[""Everyday Conversation"", ""Academic""]","To begin to be something, or to develop into a particular state or condition.","[""She studied hard and eventually became a doctor."", ""The weather quickly became cold and windy.""]","'Become' is an irregular verb (become, became, become). It is followed by an adjective (e.g., 'become famous') or a noun phrase (e.g., 'become a teacher'). Do not use 'become' to mean 'get' in passive senses like 'become born'.","[""become clear"", ""become aware"", ""become popular"", ""become a member"", ""become difficult""]"
bed,/bɛd/,beginner,"[""Everyday Conversation"", ""Health""]",A piece of furniture that you lie on to sleep or rest.,"[""I was feeling exhausted, so I went to bed early."", ""She sat on the edge of the bed to put on her shoes.""]","Use the phrase 'go to bed' without 'the' when referring to the action of going to sleep. 'In bed' means lying in a bed (e.g., 'He is still in bed').","[""make the bed"", ""go to bed"", ""get out of bed"", ""single/double bed""]"
bedroom,/ˈbɛdˌrum/,beginner,"[""Everyday Conversation""]",A room in a house or apartment used primarily for sleeping.,"[""She painted her bedroom walls a light shade of blue."", ""The apartment has a large master bedroom with its own bathroom.""]","It can be used as a noun or as an adjective to describe things found in that room, such as 'bedroom furniture'.","[""master bedroom"", ""spare bedroom"", ""bedroom furniture"", ""guest bedroom"", ""tidy your bedroom""]"
beef,/bif/,beginner,"[""Everyday Conversation"", ""Food & Dining""]","The meat from a cow used as food, or informally, a complaint or a disagreement between people.","[""We are having roast beef and potatoes for dinner."", ""He has a long-standing beef with his coworker over a missed promotion.""]","When referring to meat, it is an uncountable noun. In informal slang, 'to have a beef' means to have a grudge or a problem with someone.","[""ground beef"", ""roast beef"", ""have a beef with"", ""beef up""]"
beer,/bɪr/,beginner,"[""Food & Dining"", ""Everyday Conversation""]","An alcoholic drink made from grain, such as barley, and flavored with hops.","[""He ordered a cold beer at the bar."", ""Would you like a bottle of beer or a glass?""]","It is often used as a countable noun when ordering a specific serving, such as 'Two beers, please.'","[""cold beer"", ""draft beer"", ""bottle of beer"", ""craft beer"", ""brew beer""]"
before,/bɪˈfɔːr/,beginner,"[""Travel"", ""Everyday Conversation""]","At an earlier time, or in front of someone or something.","[""Please wash your hands before you eat dinner."", ""I have never seen this movie before.""]","Can be used as a preposition (before lunch), a conjunction (before we leave), or an adverb (I've met him before). Avoid using 'before' when you mean 'ago' with specific time durations (e.g., say 'three days ago', not 'three days before', unless relating to another past event).","[""before long"", ""the day before"", ""never before"", ""just before"", ""long before""]"
begin,/bɪˈɡɪn/,beginner,"[""Everyday Conversation"", ""Academic""]",To start doing something or to happen from a particular point in time.,"[""The movie will begin at 8:00 PM."", ""I want to begin learning how to play the guitar.""]","It is often followed by an infinitive ('to do') or a gerund ('doing'). While 'begin' and 'start' are often interchangeable, 'begin' is slightly more formal.","[""begin a journey"", ""begin to cry"", ""begin a career"", ""begin a new chapter"", ""begin with""]"
beginning,/bɪˈɡɪnɪŋ/,beginner,"[""Everyday Conversation"", ""Academic""]",The first part or the start of something.,"[""At the beginning of the movie, the main character is still a child."", ""I missed the beginning of the meeting because my train was late.""]",Commonly used with the preposition 'of'. 'In the beginning' is often used to describe the start of a long process or story.,"[""from the beginning"", ""at the beginning"", ""a new beginning"", ""the beginning of the end"", ""humble beginnings""]"
behalf,/bɪˈhæf/,intermediate,"[""Work"", ""Everyday Conversation"", ""Business""]",As a representative of someone else or for the benefit and interest of another person or group.,"[""The lawyer spoke on behalf of his client during the trial."", ""I am accepting this award on behalf of the entire team.""]",Most commonly used in the prepositional phrase 'on behalf of'. It is often used in formal settings when one person acts for another.,"[""on behalf of"", ""speak on behalf of"", ""act on behalf of"", ""on someone's behalf""]"
behave,/bɪˈheɪv/,beginner,"[""Everyday Conversation"", ""Academic""]","To act or conduct oneself in a specified way, especially in a polite or socially acceptable manner.","[""The children were promised a treat if they behaved during the long car ride."", ""He always behaves professionally when dealing with difficult clients.""]","When used without an adverb, 'behave' usually means 'to behave well' (e.g., 'Please behave!'). It is often used with reflexive pronouns like 'behave yourself'.","[""behave yourself"", ""behave badly"", ""behave professionally"", ""well-behaved""]"
behavior,/bɪˈheɪvjər/,beginner,"[""Health"", ""Everyday Conversation"", ""Academic""]","The way that a person or animal acts or conducts themselves, especially toward others or in a particular situation.","[""The teacher praised the students for their excellent behavior during the field trip."", ""Scientists are studying the social behavior of elephants in the wild.""]","In American English, it is spelled 'behavior', while in British English, it is spelled 'behaviour'. It is often used as an uncountable noun.","[""good behavior"", ""human behavior"", ""antisocial behavior"", ""behavioral patterns"", ""change one's behavior""]"
behind,/bɪˈhaɪnd/,beginner,"[""Travel"", ""Work"", ""Everyday Conversation""]","At or toward the back of someone or something; also, supporting someone or lagging in progress.","[""The sun disappeared behind the clouds."", ""Our team is behind schedule, so we need to work faster.""]","Can be used as a preposition (e.g., 'behind the door'), an adverb (e.g., 'fall behind'), or an adjective. Avoid using 'at the back of' when 'behind' is more natural for physical location.","[""behind schedule"", ""fall behind"", ""leave behind"", ""right behind you"", ""behind the scenes""]"
belief,/bɪˈliːf/,intermediate,"[""Everyday Conversation"", ""Academic""]","The feeling of being certain that something is true or exists, or a strong opinion or trust in something.","[""It is my firm belief that honesty is the best policy."", ""Her belief in the project's success never wavered.""]","Commonly followed by the preposition 'in'. Note that 'belief' is the noun, while 'believe' is the verb.","[""firm belief"", ""religious belief"", ""beyond belief"", ""shake someone's belief"", ""to the best of my belief""]"
believe,/bɪˈliːv/,beginner,"[""Everyday Conversation"", ""Academic""]","To accept something as true, genuine, or real, or to have trust and confidence in someone or something.","[""I firmly believe that education can change a person's life."", ""Do you believe in ghosts, or do you think there is always a logical explanation?""]","Often followed by the preposition 'in' when expressing trust in someone's ability or the existence of something (e.g., 'believe in yourself'). It is a stative verb, so it is rarely used in the continuous (-ing) form.","[""firmly believe"", ""believe in yourself"", ""hard to believe"", ""make believe"", ""reason to believe""]"
believe in,/bɪˈliːv ɪn/,beginner,"[""Everyday Conversation"", ""Arts & Culture""]","To feel sure that something or someone exists, or to trust that someone or something is good, effective, or right.","[""Many children believe in Santa Claus."", ""If you want to achieve your goals, you must believe in yourself.""]","This is a phrasal verb. 'Believe in' something means you trust its existence or value, whereas 'believe' someone means you think they are telling the truth.","[""believe in yourself"", ""believe in God"", ""believe in magic"", ""firmly believe in"", ""believe in ghosts""]"
bell,/bɛl/,beginner,"[""Everyday Conversation""]","A hollow metal object, usually shaped like a cup, that makes a ringing sound when struck.","[""The church bell rang to signal the start of the service."", ""She rang the doorbell, but nobody answered.""]",Often used in idioms such as 'ring a bell' (sound familiar).,"[""ring a bell"", ""church bell"", ""doorbell"", ""alarm bell"", ""school bell""]"
belong,/bɪˈlɔŋ/,beginner,"[""Everyday Conversation"", ""Arts & Culture""]","To be in the right, proper, or natural place; also, to be owned by someone or to be a member of a group.","[""I feel like I finally belong in this city."", ""Does this blue umbrella belong to you?""]","Commonly followed by the preposition 'to' when indicating ownership or membership (e.g., 'belong to a club'). Do not use 'belong' in the progressive/continuous form when expressing ownership (say 'This belongs to me', not 'This is belonging to me').","[""belong to"", ""belong together"", ""a sense of belonging"", ""belong in""]"
belong to,/bɪˈlɔŋ tu/,beginner,"[""Everyday Conversation"", ""Socializing""]","To be the property of someone, or to be a member of a particular group, club, or organization.","[""This blue umbrella belongs to me."", ""She has belonged to the local swimming club for three years.""]","This is a stative verb, meaning it is not usually used in the continuous (-ing) form. You should say 'I belong to' rather than 'I am belonging to'.","[""belong to a club"", ""belong to a group"", ""belong to a category"", ""belong to someone""]"
below,/bɪˈloʊ/,beginner,"[""Everyday Conversation"", ""Academic""]","In a lower position than something else, or further down on a page or list.","[""The temperature dropped below freezing last night."", ""Please read the instructions provided below.""]",Commonly used as a preposition or an adverb to indicate position or level. It is the opposite of 'above'.,"[""below average"", ""below freezing"", ""see below"", ""just below"", ""below the surface""]"
belt,/bɛlt/,beginner,"[""Travel"", ""Everyday Conversation""]","A strip of leather, fabric, or other material worn around the waist to support clothes or for decoration.","[""He tightened his belt by one notch after losing some weight."", ""She wore a stylish leather belt with her jeans.""]","Can be used as a noun (the accessory) or as a verb meaning to fasten with a belt (e.g., 'belted coat') or to hit something hard.","[""leather belt"", ""seat belt"", ""tighten one's belt"", ""fasten a belt""]"
bend,/bɛnd/,beginner,"[""Sports"", ""Health"", ""Everyday Conversation""]","To change the shape of something into a curve or angle, or to lean your body forward and downward.","[""He had to bend down to pick up his keys off the floor."", ""Be careful not to bend the pages of the book.""]",The past tense and past participle form is 'bent'. Common phrasal verbs include 'bend over' and 'bend down'.,"[""bend down"", ""bend over"", ""bend the rules"", ""sharp bend"", ""bend your knees""]"
beneath,/bɪˈniːθ/,intermediate,"[""Nature"", ""Everyday Conversation"", ""Academic""]",In or to a lower position than something; under or directly below.,"[""We sat in the shade beneath a large oak tree."", ""He hid the letter beneath a pile of papers on his desk.""]","Beneath is more formal than 'under' or 'below'. It can also be used metaphorically to describe someone's behavior as being unworthy of their social status or dignity (e.g., 'beneath his dignity').","[""beneath the surface"", ""beneath the waves"", ""beneath one's dignity"", ""directly beneath""]"
benefit,/ˈbenɪfɪt/,intermediate,"[""Health"", ""Work"", ""Everyday Conversation"", ""Academic""]","An advantage or profit gained from something, or a helpful effect that improves a situation.","[""One major benefit of regular exercise is improved sleep quality."", ""The new software will benefit the entire team by saving time.""]","It can be used as both a noun and a verb. As a verb, it is frequently followed by the preposition 'from'.","[""health benefits"", ""mutual benefit"", ""employee benefits"", ""benefit from"", ""fringe benefits""]"
bent,/bend/,beginner,"[""Health"", ""Everyday Conversation""]","To curve something that was straight, or to move your body so that it is not upright.","[""The road begins to bend to the left after the bridge."", ""I had to bend down to pick up the coin.""]",The past tense and past participle is 'bent'. It can also be used as a noun to describe a curve in a road or pipe.,"[""bend the rules"", ""bend over backwards"", ""bend your knees"", ""around the bend""]"
beside,/bɪˈsaɪd/,beginner,"[""Everyday Conversation"", ""Travel""]",Next to or at the side of someone or something.,"[""She sat beside her friend during the movie."", ""The hotel is located right beside the lake.""]",Be careful not to confuse 'beside' (next to) with 'besides' (in addition to or except for).,"[""sit beside"", ""stand beside"", ""right beside"", ""beside the point"", ""beside oneself""]"
best,/best/,beginner,"[""Everyday Conversation""]","Of the highest quality, excellence, or standing; better than all others of the same kind.","[""This is the best pizza I have ever tasted."", ""She is my best friend and we tell each other everything.""]",It is the superlative form of 'good'. It is almost always used with the definite article 'the' when describing a noun.,"[""best friend"", ""do your best"", ""best way"", ""all the best"", ""at its best""]"
bet,/bɛt/,beginner,"[""Sports"", ""Everyday Conversation""]","To risk money on the result of an event, or to state that you are very sure something is true or will happen.","[""I bet ten dollars that our team will win the championship."", ""I bet it's going to rain today because the sky is so dark.""]","In casual conversation, 'I bet' is often used to mean 'I am sure.' 'You bet' is a common informal way to say 'You're welcome' or 'Certainly.'","[""place a bet"", ""safe bet"", ""bet on something"", ""you bet"", ""I bet you""]"
better,/ˈbetər/,beginner,"[""Health"", ""Everyday Conversation""]","Of a higher quality, more effective, or more desirable than something else; it can also mean an improvement in health or well-being.","[""This new laptop is much better than my old one."", ""I hope you feel better after you get some rest.""]",It is the comparative form of both 'good' (adjective) and 'well' (adverb). Use 'than' when comparing two specific items or situations.,"[""much better"", ""get better"", ""feel better"", ""better than"", ""even better"", ""know better""]"
betting,/bɛt/,beginner,"[""Sports"", ""Everyday Conversation""]","To risk money or something valuable on the result of a race, game, or event, or to state that you are certain something will happen.","[""He decided to place a bet on his favorite football team."", ""I bet that they will arrive late to the party.""]","In casual conversation, 'I bet' is frequently used to express agreement or to show that you are sure about a situation.","[""place a bet"", ""make a bet"", ""safe bet"", ""bet on"", ""bet against""]"
between,/bɪˈtwiːn/,beginner,"[""Everyday Conversation"", ""Academic""]","In the middle of two points, objects, people, or times.","[""The small town is located between two large mountains."", ""I need to choose between the red shirt and the blue one.""]",Commonly used when referring to two distinct items. Use 'among' when referring to a group or more than two items in a general sense.,"[""between you and me"", ""the difference between"", ""somewhere between"", ""in between"", ""choose between""]"
beyond,/biˈjɑːnd/,intermediate,"[""Everyday Conversation"", ""Academic""]","Further away in the distance than something, or outside the limits, range, or understanding of something.","[""The small village lies just beyond the hills."", ""The complexity of the problem was beyond his understanding.""]",It can be used as a preposition or an adverb. It often describes things that are impossible to do or reach.,"[""beyond repair"", ""beyond belief"", ""beyond doubt"", ""above and beyond"", ""beyond the reach of""]"
bicycle,/ˈbaɪsɪkl/,beginner,"[""Sports"", ""Everyday Conversation"", ""Travel""]",A vehicle with two wheels that you sit on and move by turning pedals with your feet.,"[""I ride my bicycle to work every morning to get some exercise."", ""She bought a new mountain bicycle for her weekend trips to the forest.""]","In everyday conversation, the word 'bike' is much more common than 'bicycle'.","[""ride a bicycle"", ""bicycle lane"", ""bicycle helmet"", ""mountain bicycle"", ""stationary bicycle""]"
bid 1,/bɪd/,intermediate,"[""News & Media"", ""Business"", ""Everyday Conversation""]","To offer a specific amount of money for something, especially at an auction, or to make an attempt to achieve a goal.","[""She decided to bid five hundred dollars for the antique clock."", ""The city is preparing a bid to host the upcoming World Expo.""]","In modern English, 'bid' is used as both the present and past tense when referring to auctions or business offers.","[""place a bid"", ""winning bid"", ""takeover bid"", ""highest bidder"", ""bid for power""]"
big,/bɪɡ/,beginner,"[""Everyday Conversation""]","Large in size, amount, degree, or importance.","[""They live in a big house with a beautiful garden."", ""Making this choice was a big decision for my career.""]","In formal writing, 'large' or 'significant' is often preferred over 'big'.","[""big deal"", ""big city"", ""big fan"", ""big mistake"", ""big brother""]"
bike,/baɪk/,beginner,"[""Sports"", ""Everyday Conversation"", ""Travel""]","A vehicle with two wheels that you ride by pushing pedals with your feet, or a common short name for a motorcycle.","[""I usually ride my bike to work when the weather is nice."", ""He bought a new mountain bike for his weekend trips.""]",Bike is an informal and very common word for bicycle. It can also refer to a motorcycle depending on the context.,"[""ride a bike"", ""mountain bike"", ""bike lane"", ""bike rack"", ""stationary bike""]"
bill,/bɪl/,beginner,"[""Business"", ""Everyday Conversation"", ""Food & Dining""]","A document that shows how much money you owe for goods or services, or a piece of paper money.","[""The waiter brought the bill to our table after we finished dinner."", ""I need to pay my electricity bill before the end of the month.""]","In American English, 'bill' is used for paper currency (e.g., a five-dollar bill), whereas British English uses 'note'. In US restaurants, 'check' is often used interchangeably with 'bill'.","[""pay a bill"", ""electricity bill"", ""dollar bill"", ""monthly bill"", ""foot the bill""]"
billion,/ˈbɪljən/,intermediate,"[""News & Media"", ""Business"", ""Everyday Conversation""]","The number 1,000,000,000, which is equal to one thousand million.","[""The company's annual revenue reached over one billion dollars last year."", ""There are more than eight billion people living on Earth today.""]","When used with a specific number, 'billion' stays singular (e.g., 'three billion'). Use the plural 'billions' only when referring to an unspecified large amount followed by 'of' (e.g., 'billions of stars').","[""one billion"", ""billion dollars"", ""multi-billion"", ""billions of people"", ""billionaire""]"
bin,/bɪn/,beginner,"[""Everyday Conversation""]",A container used for storing things or for throwing away trash.,"[""Please throw your empty coffee cup in the trash bin."", ""We keep the extra blankets in a plastic storage bin under the bed.""]","In British English, 'bin' usually refers to a garbage can. In American English, it more commonly refers to a storage container, though 'trash bin' is also understood. It can also be used as a verb meaning to throw something away.","[""trash bin"", ""recycling bin"", ""storage bin"", ""bread bin"", ""throw in the bin""]"
biology,/baɪˈɑːlədʒi/,beginner,"[""Health"", ""Everyday Conversation"", ""Nature"", ""Academic""]","The scientific study of living things, including plants, animals, and microorganisms.","[""She decided to major in biology because she was fascinated by marine life."", ""Our biology teacher showed us how plant cells absorb water under a microscope.""]","The word is uncountable, so it is not used in the plural form. When referring to the living organisms of a specific region, you can say 'the biology of...'.","[""study biology"", ""marine biology"", ""molecular biology"", ""biology class"", ""human biology""]"
bird,/bɜːrd/,beginner,"[""Everyday Conversation"", ""Nature""]","A creature with feathers and wings, usually able to fly, that lays eggs.","[""A colorful bird was singing outside my window this morning."", ""Many birds fly south for the winter to find food and warmer weather.""]",'Bird' is a regular countable noun (plural: birds). It appears in common idioms like 'early bird' (someone who gets up early).,"[""wild bird"", ""bird watching"", ""bird singing"", ""early bird"", ""migratory bird""]"
birth,/bɜːrθ/,beginner,"[""Health"", ""Everyday Conversation""]","The process of being born, or the start of a baby's life outside the mother's body.","[""She gave birth to a healthy baby boy yesterday morning."", ""The hospital has a special ward for mothers before and after birth.""]","Commonly used in the phrase 'give birth to' (someone). It can also be used metaphorically to describe the beginning or creation of something, like 'the birth of a nation'.","[""give birth"", ""date of birth"", ""birth control"", ""birth certificate"", ""natural birth""]"
birthday,/ˈbɜːrθdeɪ/,beginner,"[""Everyday Conversation""]","The anniversary of the day on which a person was born, often celebrated with gifts, a party, or a cake.","[""We are planning a surprise party for my sister's birthday this weekend."", ""He received a lot of cards and presents on his tenth birthday.""]","Often used with the verb 'celebrate' or prepositions like 'on' (e.g., 'on my birthday').","[""birthday party"", ""birthday cake"", ""birthday card"", ""birthday present"", ""happy birthday""]"
biscuit,/ˈbɪskɪt/,beginner,"[""Everyday Conversation"", ""Food & Dining""]","A small, flat, crisp sweet cake (in British English) or a small, soft, flaky bread roll typically eaten with savory food (in American English).","[""Would you like a chocolate biscuit with your tea?"", ""She served warm biscuits with gravy for breakfast.""]","Note the regional difference: in the UK, a biscuit is what Americans call a cookie. In the US, a biscuit is a soft, savory bread roll.","[""chocolate biscuit"", ""tea and biscuits"", ""warm biscuits"", ""biscuits and gravy""]"
bit,/bɪt/,beginner,"[""Everyday Conversation""]","A small piece, part, or amount of something.","[""Could you wait a little bit while I finish this?"", ""I'm feeling a bit tired after the long walk.""]","Very common in informal speech. Often used as an adverb to mean 'slightly' (e.g., 'a bit cold').","[""a little bit"", ""a bit of"", ""every bit"", ""not a bit"", ""a bit tired""]"
bite,/baɪt/,beginner,"[""Health"", ""Everyday Conversation"", ""Food & Dining""]","To use your teeth to cut into or crush something, or the act of doing so.","[""He took a big bite out of the juicy apple."", ""Be careful, that dog might bite if it feels threatened.""]","The verb is irregular: bite (present), bit (past), bitten (past participle). It can also be used as a noun to refer to a small amount of food or a wound from an insect.","[""grab a bite"", ""bite your nails"", ""bite the bullet"", ""a quick bite"", ""mosquito bite""]"
bitter,/ˈbɪtər/,intermediate,"[""Everyday Conversation"", ""Food & Dining""]","Having a sharp, pungent taste that is not sweet, or feeling angry and resentful because of bad experiences or unfair treatment.","[""The coffee was so bitter that I had to add a lot of sugar."", ""He felt bitter about being passed over for the promotion despite his hard work.""]","This word can describe physical taste, extreme weather (bitter cold), or strong negative emotions.","[""bitter taste"", ""bitter cold"", ""bitter disappointment"", ""bitter enemy"", ""bitter pill to swallow""]"
bitterly,/ˈbɪtərli/,intermediate,"[""News & Media"", ""Everyday Conversation""]","In a way that shows strong negative feelings like anger, resentment, or sadness; also used to describe extreme cold.","[""She was bitterly disappointed when she didn't get the promotion."", ""The wind was blowing bitterly across the frozen lake.""]",This adverb is most commonly used as an intensifier for negative emotions or harsh weather conditions.,"[""bitterly cold"", ""bitterly disappointed"", ""weep bitterly"", ""bitterly regret"", ""complain bitterly""]"
black,/blæk/,beginner,"[""Arts & Culture"", ""Everyday Conversation""]","The darkest color, like coal or the night sky, which reflects no light.","[""She wore a elegant black dress to the party."", ""The cat was completely black except for its white paws.""]","Can be used as an adjective or a noun. In some contexts, it is used figuratively to describe something dark, gloomy, or secret.","[""pitch black"", ""black and white"", ""black coffee"", ""black tie"", ""black market""]"
blade,/bleɪd/,intermediate,"[""Technology"", ""Everyday Conversation"", ""Nature""]","The flat, sharp part of a tool or weapon used for cutting, or a single thin leaf of grass.","[""The chef used a stone to sharpen the blade of his favorite knife."", ""A single blade of grass was growing through a crack in the concrete.""]","While most commonly used for knives and tools, it is also used in anatomy (shoulder blade) and botany (blade of grass).","[""blade of grass"", ""razor blade"", ""shoulder blade"", ""sharp blade"", ""saw blade"", ""fan blade""]"
blame,/bleɪm/,beginner,"[""News & Media"", ""Everyday Conversation""]",To say or think that someone or something is responsible for something bad that has happened.,"[""Don't blame me for your mistakes."", ""The police blame the accident on the icy roads.""]",Commonly used in the patterns 'blame someone for something' or 'blame something on someone'.,"[""take the blame"", ""lay the blame"", ""blame someone for"", ""put the blame on"", ""share the blame""]"
blank,/blæŋk/,beginner,"[""Work"", ""Everyday Conversation"", ""Academic""]","Empty, with nothing written, printed, or recorded on it; or showing a lack of understanding, interest, or expression.","[""Please write your name in the blank space at the top of the page."", ""She gave him a blank look, clearly not understanding his question.""]","Can be used as an adjective (a blank sheet), a noun (fill in the blanks), or a verb (my mind blanked). In casual conversation, 'to draw a blank' means to be unable to remember something.","[""blank space"", ""blank sheet of paper"", ""blank stare"", ""fill in the blanks"", ""draw a blank""]"
blind,/blaɪnd/,beginner,"[""Health"", ""Everyday Conversation""]","Unable to see because of injury, disease, or a genetic condition; it can also describe a situation where someone is unable or unwilling to notice or understand something.","[""The guide dog helped the blind man navigate the busy city streets safely."", ""She was so focused on her goal that she was blind to the potential risks involved.""]","Can be used as an adjective, a verb (meaning to make someone unable to see), or a noun (referring to window coverings). When referring to people, 'blind person' or 'person who is blind' is preferred over 'the blind'.","[""blind spot"", ""blind trust"", ""blind date"", ""go blind"", ""legally blind""]"
block,/blɑːk/,beginner,"[""Sports"", ""Everyday Conversation"", ""News & Media""]","A solid piece of hard material with flat sides, or the act of stopping something from moving or passing through.","[""The children are building a tall tower out of wooden blocks."", ""A large truck is parked in the middle of the street and is blocking traffic.""]","It can be used as a noun for a physical object or a verb meaning to obstruct. In American English, it also refers to the distance between two parallel streets.","[""writer's block"", ""city block"", ""building blocks"", ""block a shot"", ""cinder block""]"
blonde,/blɑːnd/,beginner,"[""Arts & Culture"", ""Everyday Conversation""]",Having pale yellow or golden-colored hair.,"[""She decided to dye her hair blonde for the summer."", ""The actor is known for his bright blonde hair and blue eyes.""]","Traditionally, 'blonde' is used for females and 'blond' for males, though 'blonde' is often used as a general term in modern American English.","[""blonde hair"", ""platinum blonde"", ""strawberry blonde"", ""natural blonde"", ""dirty blonde""]"
blood,/blʌd/,beginner,"[""Health"", ""Everyday Conversation"", ""Nature""]","The red liquid that flows through the bodies of people and animals, carrying oxygen and nutrients to all parts of the body.","[""The nurse took a sample of my blood for the medical test."", ""He wiped a small drop of blood from his finger after the paper cut.""]",It is an uncountable noun. The related verb is 'bleed'.,"[""blood pressure"", ""blood donor"", ""blood type"", ""give blood"", ""blood vessel""]"
blow,/bloʊ/,beginner,"[""Everyday Conversation"", ""Nature""]",To move or be moved by a current of air; to force air out of your mouth.,"[""A strong wind began to blow from the north."", ""Make sure to blow on your soup before eating it so you don't burn your tongue.""]",The past tense is 'blew' and the past participle is 'blown'. It can also be used informally as a noun meaning a hard hit or a sudden disappointment.,"[""blow out candles"", ""blow your nose"", ""wind blows"", ""blow a whistle"", ""blow an opportunity""]"
blow out,/bloʊ aʊt/,intermediate,"[""Health"", ""Sports"", ""Everyday Conversation""]","To extinguish a flame by blowing air on it, or to burst or fail suddenly, such as a tire or a fuse.","[""She made a wish and blew out all the candles on her birthday cake."", ""The car swerved to the side of the road after the front tire blew out.""]","When used for flames, it is a separable phrasal verb (e.g., 'blow it out'). In sports or health, it can refer to a severe injury or a very one-sided victory.","[""blow out the candles"", ""tire blow out"", ""blow out a fuse"", ""blow out your knee"", ""a major blowout""]"
blow up,/bloʊ ʌp/,intermediate,"[""Everyday Conversation""]","To explode or be destroyed by an explosion, or to inflate something with air.","[""The terrorists threatened to blow up the bridge."", ""We need to blow up these balloons for the party.""]",This is a phrasal verb with two distinct meanings: to explode (intransitive or transitive) and to inflate (transitive). It is informal.,"[""blow up a balloon"", ""blow up a building"", ""blow up in someone's face"", ""blow up a photo"", ""blow up at someone""]"
blue,/bluː/,beginner,"[""Arts & Culture"", ""Everyday Conversation"", ""Nature""]",A primary color that is the color of the clear sky or the deep sea; it can also describe a feeling of sadness.,"[""The sky was a beautiful shade of bright blue this morning."", ""He has been feeling a bit blue since his best friend moved away.""]","In informal English, 'blue' is frequently used to describe feeling depressed or sad. The phrase 'out of the blue' means something happened unexpectedly.","[""bright blue"", ""feel blue"", ""out of the blue"", ""navy blue"", ""sky blue"", ""deep blue""]"
board,/bɔːrd/,beginner,"[""Work"", ""Everyday Conversation"", ""Travel""]","A flat piece of wood or other hard material used for a specific purpose, or the act of getting onto a ship, aircraft, or vehicle.","[""The teacher wrote the instructions on the board for the students to see."", ""Passengers are requested to board the plane through the rear door.""]","As a noun, it can refer to a flat surface, a group of people in charge (board of directors), or meals provided with a room. As a verb, it means to enter a large vehicle.","[""bulletin board"", ""board meeting"", ""on board"", ""board a flight"", ""surf board""]"
boat,/boʊt/,beginner,"[""Everyday Conversation"", ""Nature"", ""Travel""]",A small vessel used for traveling over water.,"[""We took a small boat out onto the lake to go fishing."", ""The ferry boat carries passengers across the river every hour.""]","While 'boat' usually refers to smaller vessels, 'ship' is used for much larger ones that travel on the ocean.","[""fishing boat"", ""row a boat"", ""sail a boat"", ""speed boat"", ""get on a boat""]"
body,/ˈbɑːdi/,beginner,"[""Health"", ""Everyday Conversation""]","The entire physical structure of a person or animal, including the skin, bones, and organs.","[""It is important to drink plenty of water to keep your body hydrated."", ""The human body is a complex system of organs working together.""]","In addition to the physical form, 'body' can also refer to the main part of a text or a large amount of something, like a 'body of water'.","[""human body"", ""body language"", ""body temperature"", ""upper body"", ""body weight""]"
boil,/bɔɪl/,beginner,"[""Everyday Conversation"", ""Food & Dining""]","To heat a liquid until it bubbles and turns into steam, or to cook food in water that has reached this temperature.","[""Please boil some water so we can make some tea."", ""The soup will start to boil in about five minutes.""]",It can be used as a verb or as a noun in the phrase 'bring to a boil'.,"[""boil water"", ""bring to a boil"", ""boil over"", ""hard-boiled egg"", ""boiling point""]"
bomb,/bɑːm/,intermediate,"[""News & Media"", ""Everyday Conversation""]","A weapon designed to explode and cause damage; informally, it can also mean a complete failure (especially in US English) or a great success (especially in UK English).","[""The historic building was destroyed by a bomb during the war."", ""The new movie was a total bomb at the box office and lost millions of dollars.""]","As a verb, 'to bomb' commonly means to fail miserably (e.g., 'I bombed the test'). In British slang, 'the bomb' can mean something is excellent, whereas in US slang, 'to bomb' usually carries a negative connotation of failure.","[""bomb threat"", ""defuse a bomb"", ""bomb shelter"", ""to bomb an exam""]"
bone,/boʊn/,beginner,"[""Health"", ""Everyday Conversation"", ""Nature""]","One of the hard, white parts that form the skeleton of a human or animal body.","[""The dog spent the afternoon chewing on a large bone."", ""He fell off his bike and broke a bone in his wrist.""]","While usually a noun, it can also be used as a verb meaning to remove the bones from meat or fish before cooking.","[""broken bone"", ""bone marrow"", ""bone density"", ""bone structure"", ""to have a bone to pick""]"
book,/bʊk/,beginner,"[""Arts & Culture"", ""Everyday Conversation"", ""Travel""]","A set of printed pages bound together in a cover for reading, or the act of reserving something like a room or a seat in advance.","[""I just finished reading a fascinating book about space exploration."", ""We need to book a table at the restaurant before we arrive.""]",It functions as both a noun (the object you read) and a verb (meaning to reserve or make an appointment).,"[""read a book"", ""book a flight"", ""book a hotel"", ""by the book"", ""comic book""]"
boot,/buːt/,beginner,"[""Technology"", ""Everyday Conversation"", ""Travel""]","A sturdy type of shoe that covers the foot and the ankle, and sometimes part of the lower leg; in technology, it also means to start up a computer.","[""She wore a pair of leather boots to protect her feet while hiking."", ""It takes about thirty seconds for my laptop to boot up.""]","In British English, 'boot' also refers to the luggage compartment of a car (called the 'trunk' in American English). As a verb, 'boot' is often paired with 'up' when referring to computers.","[""hiking boots"", ""pair of boots"", ""boot up"", ""car boot""]"
border,/ˈbɔːrdər/,beginner,"[""News & Media"", ""Everyday Conversation"", ""Nature"", ""Travel""]","The line that separates two countries, states, or regions, or the outer edge of an object or area.","[""We had to show our passports before crossing the border into Canada."", ""The garden has a beautiful flower border along the fence.""]",It can be used as a noun for the boundary line or as a verb meaning to be next to something.,"[""cross the border"", ""border control"", ""national border"", ""share a border"", ""border crossing""]"
bore,/bɔːr/,beginner,"[""Everyday Conversation""]","To make someone feel tired and uninterested, usually by being dull or talking for too long about something unexciting.","[""The long lecture started to bore the students after the first hour."", ""I don't want to bore you with all the details of my commute.""]",It can also be used as a noun to describe a person who is very dull or uninteresting.,"[""bore someone to tears"", ""bore someone to death"", ""easily bored"", ""bore someone stiff""]"
bored,/bɔːrd/,beginner,"[""Health"", ""Everyday Conversation""]",Feeling weary and restless because you have no interest in your current activity or have nothing to do.,"[""I was so bored during the long meeting that I started doodling in my notebook."", ""The children are bored and want to go outside to play.""]","Be careful not to confuse 'bored' with 'boring'. Use 'bored' to describe how a person feels, and 'boring' to describe the person or thing that causes that feeling.","[""get bored"", ""bored to tears"", ""bored stiff"", ""easily bored"", ""bored with""]"
boring,/ˈbɔːrɪŋ/,beginner,"[""Arts & Culture"", ""Everyday Conversation""]",Not interesting or exciting; making you feel tired or impatient because there is nothing to do or see.,"[""The movie was so boring that I fell asleep before it ended."", ""I have a very boring job filing papers all day.""]","Do not confuse 'boring' with 'bored'. Use 'boring' to describe the thing or person that causes the feeling, and 'bored' to describe how a person feels.","[""boring job"", ""incredibly boring"", ""boring lecture"", ""find something boring"", ""boring routine""]"
born,/bɔːrn/,beginner,"[""Health"", ""Everyday Conversation""]",To be brought into existence by birth; having started life.,"[""She was born in a small town in Italy."", ""He was born with a natural talent for playing the piano.""]","Almost always used in the passive voice with the verb 'to be' (e.g., 'I was born').","[""born and raised"", ""first-born child"", ""born into a family"", ""newly born""]"
borrow,/ˈbɑːroʊ/,beginner,"[""Business"", ""Everyday Conversation""]",To take and use something that belongs to someone else with the intention of returning it later.,"[""Can I borrow your pen for a second?"", ""She borrowed a book from the library last week.""]","Often confused with 'lend'. You borrow something from someone (take), while someone lends something to you (give).","[""borrow money"", ""borrow a book"", ""borrow from a friend"", ""borrow heavily""]"
boss,/bɔːs/,beginner,"[""Business"", ""Work"", ""Everyday Conversation""]","A person who is in charge of a worker, a team, or an entire organization.","[""I need to ask my boss for a day off next week."", ""She is a great boss because she always listens to her employees' ideas.""]","While usually used for a manager at work, it can also be used as a verb ('to boss someone around') meaning to tell people what to do in an annoying way.","[""immediate boss"", ""new boss"", ""boss around"", ""the big boss"", ""tough boss""]"
both,/boʊθ/,beginner,"[""Everyday Conversation""]","Used to refer to two people or things together, or to indicate that each of two things is included.","[""Both of my parents are teachers."", ""I like both the blue shirt and the red one.""]",Commonly used in the pattern 'both... and...' to join two words or phrases. It is only used when referring to exactly two items.,"[""both of them"", ""both sides"", ""both ways"", ""both and"", ""on both counts""]"
bother,/ˈbɑːðər/,intermediate,"[""Work"", ""Everyday Conversation""]","To annoy someone, cause them trouble, or to make an effort to do something.","[""I'm sorry to bother you, but could you help me with this box?"", ""He didn't even bother to call and say he would be late.""]",Commonly used in the phrase 'can't be bothered' to mean someone is too lazy or tired to do something. It can be followed by an -ing verb or a to-infinitive.,"[""sorry to bother you"", ""don't bother"", ""can't be bothered"", ""bother with"", ""bother to do""]"
bottle,/ˈbɑːtəl/,beginner,"[""Everyday Conversation"", ""Food & Dining""]","A container with a narrow neck, typically made of glass or plastic, used for storing liquids.","[""She drank a whole bottle of water after her workout."", ""Could you help me open this bottle of juice?""]","It is commonly used as a noun, but it can also be a verb meaning to put liquid into a bottle.","[""water bottle"", ""glass bottle"", ""plastic bottle"", ""bottle opener"", ""wine bottle""]"
bottom,/ˈbɑː.t̬əm/,beginner,"[""Everyday Conversation"", ""Nature""]","The lowest part or surface of something, or the part that is furthest down.","[""There is still some water left at the bottom of the bottle."", ""She lives in the apartment at the bottom of the hill.""]","Often used with the preposition 'at' (e.g., 'at the bottom of'). It can also refer informally to a person's buttocks.","[""at the bottom of"", ""bottom line"", ""bottom shelf"", ""from the bottom of my heart"", ""touch bottom""]"
bound,/baʊnd/,intermediate,"[""Everyday Conversation"", ""Travel""]",Certain to happen or do something; or traveling towards a particular place.,"[""With so little sleep, you were bound to feel tired eventually."", ""The flight is bound for New York and will depart in ten minutes.""]","Commonly used in the pattern 'bound to + verb' to express certainty, or 'bound for + destination' to indicate direction.","[""bound to happen"", ""homeward bound"", ""legally bound"", ""bound for"", ""duty-bound""]"
bowl,/boʊl/,beginner,"[""Everyday Conversation"", ""Food & Dining""]","A round, deep container that is open at the top and used for holding food or liquids.","[""She filled a bowl with fresh fruit."", ""I usually have a bowl of oatmeal for breakfast.""]","It can refer to both the container itself and the amount it holds (e.g., 'a bowl of soup').","[""soup bowl"", ""mixing bowl"", ""cereal bowl"", ""fruit bowl"", ""a bowl of""]"
box,/bɑːks/,beginner,"[""Work"", ""Everyday Conversation""]","A container with flat sides and a lid, usually square or rectangular, used for storing or moving items.","[""He packed his old books into a large cardboard box."", ""The gift was delivered in a small, wooden box.""]",It can be used as a noun for the container or as a verb meaning to put something in a box or to participate in the sport of boxing.,"[""cardboard box"", ""gift box"", ""lunch box"", ""check the box"", ""box office""]"
boy,/bɔɪ/,beginner,"[""Everyday Conversation""]",A male child or a young man.,"[""The little boy is playing with his toy car in the park."", ""He has been a member of the choir since he was a young boy.""]","While primarily used for children, it is often used informally among friends, but should be avoided when referring to adult men in professional settings.","[""little boy"", ""baby boy"", ""teenage boy"", ""boy scout"", ""school boy""]"
boyfriend,/ˈbɔɪˌfrɛnd/,beginner,"[""Everyday Conversation"", ""Relationships""]",A male partner in a romantic or sexual relationship.,"[""She introduced her new boyfriend to her family during dinner."", ""They have been boyfriend and girlfriend since they met in high school.""]","While common in casual conversation, some people prefer the term 'partner' for long-term or more serious relationships.","[""new boyfriend"", ""ex-boyfriend"", ""serious boyfriend"", ""long-term boyfriend"", ""have a boyfriend""]"
brain,/breɪn/,beginner,"[""Health"", ""Everyday Conversation"", ""Academic""]","The organ inside the head that controls thoughts, memory, feelings, and body movements, or the intelligence that comes from it.","[""The human brain uses a lot of energy even when we are resting."", ""She has a great brain for solving complex math problems.""]","It is often used in the plural 'brains' to refer to intelligence or the smart person behind a project (e.g., 'she's the brains behind the operation').","[""brain damage"", ""brain storm"", ""use your brain"", ""brain cell"", ""human brain""]"
branch,/bræntʃ/,beginner,"[""Business"", ""Everyday Conversation"", ""Nature""]","A part of a tree that grows out from the main trunk, or a smaller division of a larger organization like a bank or company.","[""The cat climbed high up onto a thick branch."", ""Our company is opening a new branch in Chicago next month.""]","It can be used as a noun for parts of trees and organizations, or as a verb meaning to divide into smaller parts or to start doing something new.","[""tree branch"", ""bank branch"", ""local branch"", ""branch out"", ""executive branch""]"
brand,/brænd/,beginner,"[""Business"", ""Everyday Conversation""]",A type of product manufactured by a particular company under a particular name.,"[""This supermarket sells both its own brand and famous national brands."", ""She always buys the same brand of coffee because she loves the taste.""]","Can be used as a noun or a verb (e.g., 'to brand a product'). In modern contexts, it also refers to a person's public image ('personal brand').","[""brand loyalty"", ""brand awareness"", ""brand name"", ""famous brand"", ""build a brand""]"
brave,/breɪv/,beginner,"[""News & Media"", ""Everyday Conversation""]",Showing no fear of dangerous or difficult things; having courage.,"[""The brave firefighter ran into the burning building to save the child."", ""It was very brave of her to speak up against the unfair treatment.""]",Commonly used as an adjective. The phrase 'put on a brave face' means to pretend to be happy or confident when you are actually feeling sad or scared.,"[""brave soldier"", ""brave decision"", ""put on a brave face"", ""brave the elements"", ""be brave""]"
bread,/brɛd/,beginner,"[""Everyday Conversation"", ""Food & Dining""]","A common food made from dough composed of flour and water, usually baked.","[""I bought a fresh loaf of bread from the bakery."", ""She spread butter and jam on a slice of bread.""]",Bread is an uncountable noun when referring to the food in general. Use 'a slice of' or 'a loaf of' to count individual units.,"[""a loaf of bread"", ""a slice of bread"", ""fresh bread"", ""white/whole-wheat bread"", ""bake bread""]"
break,/breɪk/,beginner,"[""Work"", ""Everyday Conversation""]","To separate into pieces as a result of a blow, shock, or strain, or to pause an activity for a short period of time.","[""Be careful with that glass vase, or you might break it."", ""Let's break for lunch and meet back here in an hour.""]","'Break' is an irregular verb (break, broke, broken). As a noun, it often refers to a short rest or pause.","[""take a break"", ""break a habit"", ""break the rules"", ""lunch break""]"
break down,/breɪk daʊn/,intermediate,"[""Health"", ""Business"", ""Everyday Conversation""]",To stop functioning correctly (usually a machine or vehicle) or to lose emotional control and start crying.,"[""Our old car broke down on the way to the airport."", ""She broke down in tears when she heard the news.""]",This is a phrasal verb. It can also be used transitively to mean 'to explain or analyze something in smaller parts'.,"[""car breaks down"", ""break down in tears"", ""break down the costs"", ""emotional breakdown"", ""break down barriers""]"
break in,/breɪk ɪn/,intermediate,"[""News & Media"", ""Everyday Conversation""]","To enter a building by force, usually to commit a crime; or to wear or use something new until it becomes comfortable.","[""Someone tried to break in through the back window while we were away."", ""I need to break in these new leather boots before our hiking trip.""]","When used as a noun, it is written as one word ('break-in' or 'breakin'). As a phrasal verb, it can be intransitive (e.g., 'thieves broke in') or transitive with an object (e.g., 'to break in new shoes').","[""break in new shoes"", ""attempt to break in"", ""break in a new car"", ""break in on a conversation""]"
break into,/breɪk ˈɪntuː/,intermediate,"[""News & Media"", ""Work"", ""Everyday Conversation""]","To enter a building or vehicle by force, usually to steal something; or to successfully start working or being involved in a new career or industry.","[""Someone tried to break into our house while we were on vacation."", ""It took her several years of hard work to break into the film industry.""]","When used in the context of crime, it is an intransitive phrasal verb when used without an object (e.g., 'Burglars broke in'), but requires 'into' when the location is specified (e.g., 'They broke into the car').","[""break into a house"", ""break into an industry"", ""break into tears"", ""break into a smile"", ""break into a run""]"
break off,/breɪk ɔːf/,intermediate,"[""Business"", ""Everyday Conversation""]","To suddenly stop doing or saying something, or to end a relationship or formal agreement.","[""He broke off in mid-sentence when he realized he was being recorded."", ""The company decided to break off negotiations after the latest proposal was rejected.""]","This phrasal verb is often used in the context of relationships, conversations, or formal agreements. It can also mean to physically separate a piece from a larger whole.","[""break off an engagement"", ""break off diplomatic relations"", ""break off negotiations"", ""break off a piece of chocolate""]"
break out,/breɪk aʊt/,intermediate,"[""Health"", ""News & Media"", ""Everyday Conversation""]","To start suddenly, especially something dangerous or unpleasant like a war, fire, or disease; also, to escape from a place like a prison.","[""A fire broke out in the basement during the night."", ""The prisoners managed to break out of the facility by cutting through the fence.""]","This is a phrasal verb. When referring to skin conditions or emotions, it is often used as 'break out in' (e.g., break out in a rash).","[""break out of prison"", ""war breaks out"", ""fire breaks out"", ""break out in a rash"", ""break out in a sweat""]"
break up,/ˌbreɪk ˈʌp/,intermediate,"[""Health"", ""Everyday Conversation""]","To end a romantic relationship, or to separate something into smaller pieces or groups.","[""They decided to break up after dating for three years."", ""The teacher asked the students to break up into groups of four.""]","When referring to a relationship, use 'break up with' followed by the person. It can also describe a poor phone or radio connection when the audio is cutting out.","[""break up with someone"", ""break up a fight"", ""break up into pieces"", ""a bad break up""]"
breakfast,/ˈbrɛkfəst/,beginner,"[""Everyday Conversation"", ""Food & Dining""]","The first meal of the day, typically eaten in the morning after waking up.","[""I usually have eggs and toast for breakfast."", ""What time do you usually eat breakfast?""]","It is often used without an article, such as in the phrases 'have breakfast' or 'at breakfast'.","[""eat breakfast"", ""skip breakfast"", ""breakfast cereal"", ""bed and breakfast"", ""big breakfast""]"
breast,/brest/,intermediate,"[""Health"", ""Everyday Conversation"", ""Food & Dining""]","The front part of the chest in humans and animals, or one of the two milk-producing organs on a woman's chest.","[""The doctor discussed the importance of regular breast exams for early detection."", ""For dinner, we prepared seasoned chicken breast with roasted vegetables.""]","In culinary contexts, it specifically refers to the white meat from the chest of a bird. In medical contexts, it refers to the mammary glands.","[""breast cancer"", ""chicken breast"", ""breast milk"", ""breast pocket"", ""breaststroke""]"
breath,/brɛθ/,beginner,"[""Health"", ""Everyday Conversation""]",The air that you take into your lungs and then let out again when you breathe.,"[""She took a deep breath before jumping into the swimming pool."", ""I was out of breath after running up three flights of stairs.""]",Often confused with the verb 'breathe' (pronounced /briːð/). 'Breath' is the noun and rhymes with 'death'.,"[""take a breath"", ""deep breath"", ""hold your breath"", ""out of breath"", ""bad breath""]"
breathe,/brið/,beginner,"[""Health"", ""Everyday Conversation""]",To take air into your lungs and send it out again through your nose or mouth.,"[""Take a moment to breathe deeply and relax."", ""The air was so smoky that it was hard to breathe.""]",Commonly confused with the noun 'breath' (pronounced /brɛθ/). 'Breathe' is the verb and has a long 'e' sound.,"[""breathe deeply"", ""breathe in"", ""breathe out"", ""breathe a sigh of relief"", ""hardly breathe""]"
breathe in,/briːð ɪn/,beginner,"[""Health"", ""Everyday Conversation""]",To pull air into your lungs through your nose or mouth.,"[""Take a moment to breathe in the fresh mountain air."", ""The doctor asked me to breathe in deeply while she listened to my heart.""]",This is a phrasal verb. The formal synonym is 'inhale'.,"[""breathe in deeply"", ""breathe in through your nose"", ""breathe in fresh air"", ""breathe in and out""]"
breathe out,/brið aʊt/,beginner,"[""Health"", ""Sports"", ""Everyday Conversation""]",To release air from your lungs through your mouth or nose.,"[""Take a deep breath in, hold it for a second, and then slowly breathe out."", ""She breathed out a long sigh of relief when she heard the good news.""]","This is a common phrasal verb. In more formal or medical contexts, the word 'exhale' is often used instead.","[""breathe out slowly"", ""breathe out a sigh"", ""breathe in and out"", ""breathe out through your nose""]"
breathing,/brið/,beginner,"[""Health"", ""Everyday Conversation""]",To take air into your lungs and send it out again through your nose or mouth.,"[""You should try to breathe deeply to help yourself relax."", ""It was so smoky in the room that it became difficult to breathe.""]",The verb 'breathe' (with an 'e') is often confused with the noun 'breath' (without an 'e'). 'Breathe' has a long 'e' sound like 'see'.,"[""breathe deeply"", ""breathe in"", ""breathe out"", ""struggle to breathe"", ""hard to breathe""]"
breed,/briːd/,intermediate,"[""Everyday Conversation"", ""Nature""]","To keep animals for the purpose of producing young, or a specific type of animal within a species that has been developed by humans.","[""The farmer decided to breed his best sheep to improve the wool quality."", ""Golden Retrievers are a popular breed of dog known for their friendly nature.""]","It can be used as a verb (to reproduce) or a noun (a type of animal). Figuratively, it can mean to cause or produce something, such as 'familiarity breeds contempt'.","[""rare breed"", ""purebred"", ""breed of dog"", ""selective breeding"", ""cross-breed""]"
brick,/brɪk/,beginner,"[""Construction"", ""Everyday Conversation""]","A rectangular block made of baked clay or similar material, used for building walls and other structures.","[""The old factory was built entirely of red brick."", ""He carefully laid each brick to build the garden wall.""]","It is usually a countable noun when referring to individual blocks, but can be uncountable when referring to the material itself.","[""brick wall"", ""red brick"", ""lay bricks"", ""brick by brick"", ""stack of bricks""]"
bridge,/brɪdʒ/,beginner,"[""Everyday Conversation"", ""Nature"", ""Travel""]","A structure built over a river, road, or railway to allow people and vehicles to cross from one side to the other.","[""The cars drove slowly across the narrow stone bridge."", ""They are building a new bridge to connect the two islands.""]","It can be used literally for physical structures or figuratively, such as 'bridging the gap' between two different ideas or groups.","[""cross a bridge"", ""suspension bridge"", ""bridge the gap"", ""footbridge"", ""build a bridge""]"
brief,/brif/,beginner,"[""Business"", ""Everyday Conversation"", ""Academic""]","Lasting for only a short period of time, or using few words to explain something.","[""The meeting was very brief, lasting only ten minutes."", ""Please give me a brief summary of the report.""]","It can be used as an adjective to mean 'short', or as a verb meaning 'to give someone instructions or information'.","[""brief summary"", ""brief moment"", ""brief explanation"", ""brief visit"", ""in brief""]"
briefly,/ˈbriːfli/,intermediate,"[""Business"", ""Everyday Conversation"", ""Academic""]","For a short period of time, or using only a few words to explain something.","[""We stopped briefly in London on our way to Paris."", ""She explained the situation briefly before the meeting started.""]",It can describe both the duration of an event and the conciseness of speech or writing.,"[""speak briefly"", ""pause briefly"", ""mention briefly"", ""stop briefly"", ""discuss briefly""]"
bright,/braɪt/,beginner,"[""Everyday Conversation"", ""Nature""]","Giving out or reflecting a lot of light, or describing someone who is intelligent and quick to learn.","[""The sun was so bright that I had to wear sunglasses."", ""She is a very bright student who always asks interesting questions.""]",This word is commonly used to describe both physical light and mental intelligence.,"[""bright light"", ""bright colors"", ""bright future"", ""bright idea"", ""bright smile""]"
brightly,/ˈbraɪtli/,beginner,"[""Arts & Culture"", ""Everyday Conversation"", ""Nature""]","In a way that produces a lot of light or has strong, vivid colors.","[""The sun was shining brightly through the bedroom window."", ""The children were dressed in brightly colored clothes for the parade.""]","This is an adverb commonly used to describe how something shines, how a room is lit, or how someone smiles.","[""shine brightly"", ""brightly colored"", ""smile brightly"", ""lit brightly"", ""burn brightly""]"
brilliant,/ˈbrɪljənt/,beginner,"[""Arts & Culture"", ""Work"", ""Everyday Conversation""]","Exceptionally clever, talented, or impressive; it can also describe something very bright.","[""She came up with a brilliant solution to the problem."", ""The fireworks lit up the sky with brilliant colors.""]","In British English, 'brilliant' is very commonly used in informal speech to mean 'great' or 'wonderful' (e.g., 'That's a brilliant idea!').","[""brilliant idea"", ""brilliant mind"", ""brilliant career"", ""brilliant performance"", ""brilliant sunshine""]"
bring,/brɪŋ/,beginner,"[""Everyday Conversation"", ""Travel""]",To take or carry someone or something to a place or person.,"[""Please bring your books to class tomorrow."", ""Can you bring me a glass of water?""]","This is an irregular verb (bring, brought, brought). It usually implies movement toward the speaker or the place where the speaker is.","[""bring about"", ""bring back"", ""bring along"", ""bring up"", ""bring together""]"
bring back,/brɪŋ bæk/,intermediate,"[""Arts & Culture"", ""Everyday Conversation""]","To return something to its original place, or to cause someone to remember something from the past.","[""Could you bring back the library books tomorrow?"", ""That old song always brings back happy memories of my childhood.""]",This is a separable phrasal verb; you can say 'bring back the book' or 'bring the book back'.,"[""bring back memories"", ""bring back a trend"", ""bring back a law"", ""bring back a souvenir""]"
bring down,/brɪŋ daʊn/,intermediate,"[""News & Media"", ""Business"", ""Everyday Conversation""]","To cause someone or something to lose power, to reduce the amount or level of something, or to make someone feel unhappy.","[""The scandal eventually brought down the entire government."", ""The store decided to bring down the prices of all winter coats.""]",This is a separable phrasal verb. You can say 'bring down the prices' or 'bring the prices down'.,"[""bring down prices"", ""bring down a government"", ""bring down the house"", ""bring down the cost"", ""bring down the level""]"
bring forward,/brɪŋ ˈfɔːrwərd/,intermediate,"[""Business"", ""Work"", ""Everyday Conversation""]",To change the date or time of a scheduled event so that it happens earlier than originally planned.,"[""The meeting has been brought forward from Friday to Wednesday."", ""They decided to bring the deadline forward by two weeks to ensure everything was ready.""]",This is a separable phrasal verb. You can say 'bring forward the meeting' or 'bring the meeting forward'. It is commonly used in professional and scheduling contexts.,"[""bring forward a meeting"", ""bring forward a deadline"", ""bring forward a date"", ""bring forward a proposal""]"
bring out,/brɪŋ aʊt/,intermediate,"[""Arts & Culture"", ""Business"", ""Everyday Conversation""]","To make a particular quality or detail more noticeable, or to produce and launch a new product for sale.","[""The bright blue shirt really brings out the color of your eyes."", ""The company is planning to bring out a new smartphone model next month.""]","This is a separable phrasal verb, meaning you can put the object between 'bring' and 'out' (e.g., 'bring it out').","[""bring out the best in someone"", ""bring out a new product"", ""bring out the flavor"", ""bring out the truth""]"
bring up,/brɪŋ ʌp/,intermediate,"[""Work"", ""Everyday Conversation""]","To mention a subject or start a discussion about something, or to care for a child until they are an adult.","[""I didn't want to bring up the budget during the meeting."", ""He was brought up in a small village in the countryside.""]","This is a separable phrasal verb. When referring to raising children, it is frequently used in the passive voice (e.g., 'I was brought up').","[""bring up a topic"", ""bring up a child"", ""bring up an issue"", ""bring up memories"", ""bring up a point""]"
broad,/brɔːd/,intermediate,"[""Everyday Conversation"", ""Nature"", ""Academic""]",Having a large distance from one side to the other; wide. It can also describe something that is general and covers many things without focusing on small details.,"[""The river is very broad at this point, making it difficult to swim across."", ""The government has broad support from the public for these new changes.""]","It is frequently used both for physical width and for abstract concepts like range, scope, or categories.","[""broad range"", ""broad smile"", ""broad daylight"", ""broad shoulders"", ""broad overview""]"
broadcast,/ˈbrɔːdˌkæst/,intermediate,"[""News & Media"", ""Technology"", ""Everyday Conversation""]","To send out programs, information, or signals by radio, television, or the internet to a wide audience.","[""The news will be broadcast live at six o'clock this evening."", ""The radio station broadcasts classical music 24 hours a day.""]","The past tense and past participle can be either 'broadcast' or 'broadcasted', though 'broadcast' is more common in formal writing.","[""live broadcast"", ""radio broadcast"", ""broadcast news"", ""public broadcast"", ""broadcast a signal""]"
broadly,/ˈbrɔːdli/,intermediate,"[""News & Media"", ""Business"", ""Everyday Conversation"", ""Academic""]","In a general way, without focusing on specific details or small differences.","[""Broadly speaking, the new law has been well-received by the public."", ""The two software programs are broadly similar in how they function.""]",Frequently used in the phrase 'broadly speaking' to indicate that a statement is a generalization.,"[""broadly speaking"", ""broadly similar"", ""broadly defined"", ""broadly consistent"", ""broadly applicable""]"
broken,/ˈbroʊkən/,beginner,"[""Technology"", ""Everyday Conversation""]","Damaged and no longer in one piece, or not functioning correctly.","[""The window is broken and needs to be replaced."", ""My computer is broken, so I have to use the one in the library.""]","Often used to describe physical objects, but can also describe abstract concepts like a 'broken promise' or a 'broken heart'.","[""broken heart"", ""broken glass"", ""broken promise"", ""broken bone"", ""broken record""]"
brother,/ˈbrʌðər/,beginner,"[""Everyday Conversation""]",A male person who has the same parents as another person.,"[""My older brother is a doctor."", ""He has two brothers and one sister.""]",The word can also be used informally to refer to a close male friend or a member of the same group or religion.,"[""older brother"", ""younger brother"", ""big brother"", ""little brother"", ""step-brother"", ""half-brother""]"
brown,/braʊn/,beginner,"[""Everyday Conversation"", ""Nature""]","A dark color like the shade of earth, wood, or coffee.","[""The leaves turn brown in the autumn."", ""She has long, dark brown hair.""]",It can be used as an adjective to describe color or as a verb meaning to cook food until it turns brown.,"[""dark brown"", ""light brown"", ""golden brown"", ""brown sugar"", ""brown bread""]"
brush,/brʌʃ/,beginner,"[""Health"", ""Arts & Culture"", ""Everyday Conversation""]","A tool with bristles used for cleaning, grooming hair, or applying paint; it also refers to the act of using such a tool.","[""I need to buy a new brush for my hair."", ""You should brush your teeth at least twice a day.""]",It can be used as both a noun (the object) and a verb (the action). The phrasal verb 'brush up on' means to practice or improve a skill you have forgotten.,"[""brush your teeth"", ""hair brush"", ""paint brush"", ""brush aside"", ""brush up on""]"
bubble,/ˈbʌbəl/,beginner,"[""Business"", ""Everyday Conversation"", ""Nature""]","A thin ball of liquid containing air or gas, or a situation where someone is isolated from outside influences or reality.","[""The children were blowing soap bubbles in the backyard."", ""He lives in a social media bubble and rarely hears opposing viewpoints.""]","Can be used as a noun or a verb. Metaphorically, 'bursting someone's bubble' means to destroy their illusion or happy dream.","[""soap bubble"", ""bubble bath"", ""burst a bubble"", ""economic bubble"", ""filter bubble""]"
budget,/ˈbʌdʒɪt/,intermediate,"[""Business"", ""Work"", ""Everyday Conversation""]","A plan that shows how much money you have and how you will spend it over a period of time, or the total amount of money available for a specific purpose.","[""The company has a very tight budget for marketing this year."", ""We need to learn how to budget our monthly expenses more effectively.""]","It can be used as a noun (a plan), a verb (to plan spending), or an adjective meaning 'low-cost' or 'cheap'.","[""on a budget"", ""tight budget"", ""annual budget"", ""budget cuts"", ""stay within budget""]"
build,/bɪld/,beginner,"[""Technology"", ""Work"", ""Everyday Conversation""]","To create something by putting parts together, especially a structure like a house or a system.","[""They plan to build a new library in the city center."", ""It takes time to build a strong relationship with your colleagues.""]","Often used metaphorically for abstract things like trust, reputation, or a career.","[""build a house"", ""build trust"", ""build a career"", ""build a website"", ""build a reputation""]"
build up,/ˌbɪld ˈʌp/,intermediate,"[""Health"", ""Business"", ""Everyday Conversation""]","To gradually increase in amount, size, or strength over a period of time.","[""You need to build up your strength after being sick for so long."", ""Traffic usually starts to build up around 5:00 PM.""]","This is a phrasal verb that can be separable (e.g., 'build it up'). It is often used for abstract things like confidence or physical things like speed.","[""build up confidence"", ""build up speed"", ""build up a reputation"", ""build up resistance"", ""build up savings""]"
building,/ˈbɪldɪŋ/,beginner,"[""Work"", ""Everyday Conversation"", ""Travel""]","A structure with a roof and walls, such as a house, school, or office, where people live, work, or stay.","[""The tallest building in the city is the new office tower."", ""They are constructing a new apartment building on our street.""]",It can refer to the physical structure (noun) or the process of constructing something (gerund).,"[""office building"", ""apartment building"", ""tall building"", ""historic building"", ""public building""]"
bullet,/ˈbʊlɪt/,intermediate,"[""News & Media"", ""Work"", ""Everyday Conversation""]",A small metal projectile that is fired from a gun or other firearm.,"[""The detective found a spent bullet casing near the window."", ""He decided to bite the bullet and tell his boss the truth about the mistake.""]","In business and writing, it also refers to a small symbol used to introduce items in a list (a bullet point).","[""silver bullet"", ""stray bullet"", ""bullet point"", ""bullet-proof vest"", ""fire a bullet""]"
bunch,/bʌntʃ/,beginner,"[""Everyday Conversation"", ""Food & Dining""]","A number of things of the same type fastened, growing, or grouped together, or an informal group of people.","[""She bought a beautiful bunch of bananas at the market."", ""A bunch of my friends are meeting up for dinner tonight.""]","In casual English, 'a bunch of' is often used to mean 'many' or 'a lot of' with both countable nouns (a bunch of people) and sometimes uncountable nouns (a bunch of stuff).","[""a bunch of flowers"", ""a bunch of grapes"", ""a bunch of keys"", ""a whole bunch"", ""a bunch of friends""]"
burn,/bɜːrn/,beginner,"[""Health"", ""Everyday Conversation"", ""Nature""]","To produce flames or heat, or to be damaged or destroyed by fire or extreme heat.","[""Be careful not to burn yourself on the hot stove."", ""The wood was dry enough to burn easily in the fireplace.""]","In British English, the past tense and past participle can be 'burnt' or 'burned', whereas American English usually uses 'burned'.","[""burn calories"", ""burn down"", ""burn out"", ""burn a CD"", ""burn with passion""]"
burn down,/bɜrn daʊn/,intermediate,"[""News & Media"", ""Everyday Conversation""]","To destroy something, usually a building or structure, completely by fire.","[""The old barn burned down during the thunderstorm last night."", ""They decided to burn down the dilapidated shed to clear the land.""]",This is a phrasal verb. It is often used in the past tense ('burned down' or 'burnt down').,"[""burn down a house"", ""burn down a building"", ""burn down to the ground"", ""threaten to burn down""]"
burnt,/bɜːrn/,beginner,"[""Health"", ""Everyday Conversation"", ""Food & Dining""]","To be on fire, or to damage, destroy, or injure something by fire, heat, or acid.","[""Be careful not to burn the toast while you are making breakfast."", ""The sun can burn your skin very quickly if you do not wear sunscreen.""]","In American English, 'burned' is the standard past tense form, while 'burnt' is often used as an adjective. In British English, 'burnt' is commonly used as both the past tense and the adjective.","[""burn down"", ""burn out"", ""burn calories"", ""sun burn"", ""burn a bridge""]"
burst,/bɜrst/,intermediate,"[""Everyday Conversation"", ""Nature""]","To break open or apart suddenly and violently, or to move or start doing something with a lot of energy.","[""The balloon burst when it hit the prickly cactus."", ""He burst into the room to share the exciting news.""]",The past tense and past participle of 'burst' is also 'burst'. Avoid saying 'bursted'.,"[""burst into tears"", ""burst into flames"", ""burst out laughing"", ""a burst of energy"", ""water pipe burst""]"
burst into,/bɜrst ˈɪntu/,intermediate,"[""Arts & Culture"", ""Everyday Conversation""]","To suddenly start doing something, such as crying, laughing, or singing, or to suddenly enter a place with force or energy.","[""The audience burst into applause as soon as the performance ended."", ""She burst into the room to tell us the exciting news.""]","Commonly used with nouns like 'tears', 'laughter', or 'flames' to describe a sudden change in state.","[""burst into tears"", ""burst into laughter"", ""burst into flames"", ""burst into song"", ""burst into the room""]"
burst out,/bɝːst aʊt/,intermediate,"[""Arts & Culture"", ""Everyday Conversation""]","To suddenly start doing something, such as laughing or crying, or to suddenly say something or move out of a place.","[""Everyone in the room burst out laughing after he told the joke."", ""She burst out of the house and ran down the street.""]","When used to mean starting an action, it is almost always followed by a verb ending in -ing (e.g., 'burst out crying').","[""burst out laughing"", ""burst out crying"", ""burst out singing"", ""burst out of the room""]"
bury,/ˈberi/,intermediate,"[""Everyday Conversation"", ""Nature""]","To put something into the ground and cover it with earth, or to hide something deep inside or under something else.","[""The dog likes to bury its bones in the backyard."", ""She tried to bury her feelings and pretend that nothing was wrong.""]","The pronunciation of 'bury' is identical to the word 'berry'. It is frequently used figuratively, such as 'burying the hatchet' (making peace).","[""bury the hatchet"", ""bury a treasure"", ""bury one's head in the sand"", ""bury a secret""]"
bus,/bʌs/,beginner,"[""Everyday Conversation"", ""Travel""]","A large motor vehicle designed to carry many passengers, usually following a fixed route and schedule.","[""I take the bus to work every morning."", ""The school bus stops right in front of our house.""]","In American English, 'bus' can also be a verb meaning to clear dirty dishes from a table in a restaurant.","[""catch a bus"", ""bus stop"", ""bus driver"", ""miss the bus"", ""take the bus""]"
bush,/bʊʃ/,beginner,"[""Everyday Conversation"", ""Nature""]",A plant that is smaller than a tree and has many branches growing close to the ground.,"[""The rabbit quickly hid behind a thick green bush."", ""She spent the morning trimming the rose bushes in the garden.""]","In some countries like Australia or South Africa, 'the bush' refers to wild, uncultivated land far from towns.","[""rose bush"", ""thick bush"", ""trim the bushes"", ""beat around the bush"", ""the Australian bush""]"
business,/ˈbɪznəs/,beginner,"[""Business"", ""Work"", ""Everyday Conversation""]","The activity of making, buying, or selling goods or providing services in exchange for money, or a specific organization that does this.","[""She decided to start her own business after working in the industry for ten years."", ""Our main goal is to do business with international partners.""]","The word 'business' is uncountable when referring to general commercial activity (e.g., 'Business is good'). It is countable when referring to a specific company (e.g., 'They own three local businesses').","[""start a business"", ""run a business"", ""business partner"", ""go out of business"", ""do business""]"
businessman,/ˈbɪznəsmæn/,beginner,"[""Business"", ""Work"", ""Everyday Conversation""]","A man who works in business, especially one who has an important position in a company or owns a business.","[""He is a successful businessman who owns several restaurants in the city."", ""The young businessman traveled to Tokyo to negotiate a new contract.""]","While 'businessman' is widely used, the gender-neutral term 'businessperson' (or 'businesspeople' in the plural) is often preferred in modern professional contexts to be inclusive.","[""successful businessman"", ""local businessman"", ""prominent businessman"", ""shrewd businessman""]"
busy,/ˈbɪzi/,beginner,"[""Work"", ""Everyday Conversation""]","Actively doing something, having a lot of work or tasks to do, or being full of activity.","[""I am too busy with my homework to go to the movies tonight."", ""The streets are always very busy during the morning rush hour.""]","Commonly followed by the pattern 'busy + -ing verb' (e.g., 'busy preparing dinner') or 'busy with + noun' (e.g., 'busy with work').","[""busy schedule"", ""busy day"", ""keep busy"", ""get busy"", ""busy street""]"
but,/bʌt/,beginner,"[""Everyday Conversation"", ""Academic""]",Used to introduce a statement that contrasts with or contradicts what has just been said.,"[""I want to go to the party, but I am too tired."", ""She studied hard but didn't pass the exam.""]","Avoid starting too many sentences with 'but' in formal writing; instead, use transition words like 'however' or 'nevertheless'.","[""but also"", ""last but not least"", ""nothing but"", ""slowly but surely""]"
butter,/ˈbʌtər/,beginner,"[""Everyday Conversation"", ""Food & Dining""]","A pale yellow fatty food made by churning cream, used as a spread on bread and in cooking or baking.","[""She spread some butter on her hot toast."", ""Melt two tablespoons of butter in the pan before adding the onions.""]","'Butter' is usually an uncountable noun when referring to the food. As a verb, it means to spread butter on something or, in the idiom 'butter someone up', to flatter someone.","[""melt butter"", ""spread butter"", ""unsalted butter"", ""butter toast"", ""peanut butter""]"
button,/ˈbʌt.n/,beginner,"[""Technology"", ""Everyday Conversation""]","A small, usually round object used to fasten clothes, or a part of a machine or device that you press to make it work.","[""He pressed the button to call the elevator."", ""I need to sew a button back onto my shirt.""]","As a verb, 'to button' means to fasten something. 'Button up' is a common phrasal verb used for clothing.","[""push a button"", ""press a button"", ""sew a button"", ""button up"", ""panic button""]"
buy,/baɪ/,beginner,"[""Business"", ""Everyday Conversation""]",To obtain something by paying money for it.,"[""I need to buy some groceries on my way home."", ""He decided to buy a new laptop for school.""]","This is an irregular verb: buy, bought, bought. It is often followed by 'for' when mentioning the price (e.g., 'I bought it for ten dollars').","[""buy a house"", ""buy groceries"", ""buy online"", ""buy a gift"", ""buy time""]"
buyer,/ˈbaɪər/,beginner,"[""Business"", ""Everyday Conversation""]","A person who purchases something or is looking to purchase something, such as a product, service, or property.","[""The real estate agent found a buyer for the house within a week."", ""As a smart buyer, she always reads product reviews before spending her money.""]","In a business context, a 'buyer' can also be a professional job title for someone who selects and purchases goods for a retail store.","[""potential buyer"", ""first-time buyer"", ""buyer's market"", ""prospective buyer"", ""cash buyer""]"
by,/baɪ/,beginner,"[""Everyday Conversation"", ""Academic""]","A preposition used to indicate the person or thing that performs an action, the method used to do something, or a deadline for an event.","[""The book was written by a famous author."", ""Please submit your report by Friday.""]",Used frequently to show agency in passive voice sentences or to specify a time limit.,"[""by accident"", ""by far"", ""by hand"", ""by the way"", ""by means of""]"
bye,/baɪ/,beginner,"[""Everyday Conversation""]","A common, informal way to say goodbye when leaving someone or ending a conversation.","[""Bye! See you tomorrow at school."", ""I have to go now, so bye for now!""]","It is a shortened, informal version of 'goodbye' used frequently in casual speech and text messages.","[""bye-bye"", ""say bye"", ""wave bye"", ""bye for now""]"
cabinet,/ˈkæb.ɪ.nət/,intermediate,"[""News & Media"", ""Everyday Conversation""]","A piece of furniture with shelves or drawers used for storing things, or a group of senior government officials who advise a leader.","[""Please put the clean dishes away in the kitchen cabinet."", ""The president met with his cabinet to discuss the new economic policy.""]","In a political context, the word is often capitalized (the Cabinet) when referring to a specific government body.","[""kitchen cabinet"", ""filing cabinet"", ""cabinet member"", ""cabinet meeting"", ""display cabinet""]"
cable,/ˈkeɪbəl/,beginner,"[""Technology"", ""Everyday Conversation""]","A strong, thick wire or bundle of wires used for carrying electricity, electronic signals, or for supporting heavy structures.","[""I need a longer cable to connect my laptop to the television."", ""The bridge is held up by massive steel cables.""]","In modern contexts, 'cable' often refers to television service ('cable TV') or charging cords (e.g., 'USB cable'). It can also be used as a verb meaning to send a message or equip with cables.","[""power cable"", ""charging cable"", ""cable television"", ""fiber-optic cable"", ""underground cable""]"
cake,/keɪk/,beginner,"[""Everyday Conversation"", ""Food & Dining""]","A sweet baked food made from a mixture of flour, sugar, eggs, and butter or oil, often decorated with frosting.","[""We baked a chocolate cake for my sister's birthday party."", ""Would you like a slice of cake with your cup of tea?""]","Countable when referring to a whole cake or individual portions, but uncountable when referring to the food substance in general (e.g., 'Do you want some cake?').","[""birthday cake"", ""slice of cake"", ""bake a cake"", ""chocolate cake"", ""piece of cake""]"
calculate,/ˈkælkjəˌleɪt/,intermediate,"[""Business"", ""Technology"", ""Everyday Conversation"", ""Academic""]",To find an answer or amount by using mathematical processes or logic.,"[""We need to calculate the total cost of the trip before we book anything."", ""The computer can calculate complex equations in a fraction of a second.""]",Commonly followed by a direct object or a 'that' clause. It can also imply making a careful judgment about a situation.,"[""calculate the cost"", ""calculate the risk"", ""calculate the distance"", ""calculate the percentage"", ""accurately calculate""]"
calculation,/ˌkælkjuˈleɪʃən/,intermediate,"[""Business"", ""Technology"", ""Everyday Conversation"", ""Academic""]","The process of using numbers to find an amount or result, or the result itself.","[""The engineer made a quick calculation to determine the bridge's weight limit."", ""According to my calculations, we should arrive at the destination by noon.""]","Commonly used in technical contexts, but can also describe a cold, deliberate plan to achieve a goal.","[""perform a calculation"", ""accurate calculation"", ""mathematical calculation"", ""rough calculation"", ""make a calculation""]"
call,/kɔːl/,beginner,"[""Work"", ""Everyday Conversation""]","To contact someone by telephone, to speak out loud to get someone's attention, or to give a specific name to someone or something.","[""I will call you as soon as I arrive at the station."", ""They decided to call their new dog Buster.""]","Can be used as both a verb and a noun. In British English, people often say 'ring' or 'phone' instead of 'call'.","[""make a phone call"", ""call back"", ""call for help"", ""call a meeting"", ""call off""]"
call back,/ˈkɔːl ˌbæk/,beginner,"[""Business"", ""Work"", ""Everyday Conversation""]","To return a telephone call to someone, or to return to a place to see someone again.","[""I'm in a meeting right now, so I will call you back in an hour."", ""The doctor's office said they would call back with my test results tomorrow.""]","This is a separable phrasal verb. If you use a pronoun (like 'me', 'him', 'her', 'it', 'them', 'us'), it must go between 'call' and 'back' (e.g., 'call me back', not 'call back me').","[""call someone right back"", ""promise to call back"", ""call back later"", ""try calling back""]"
call for,/kɔːl fɔːr/,intermediate,"[""News & Media"", ""Business"", ""Everyday Conversation""]","To publicly demand that something should happen, or to require a particular action, quality, or ingredient.","[""The protesters are calling for a change in the law."", ""This difficult situation calls for a lot of patience.""]","This is a phrasal verb. When it means 'to require,' it is often used with abstract nouns like 'action' or 'patience.'","[""call for action"", ""call for change"", ""call for a meeting"", ""call for calm"", ""recipe calls for""]"
call off,/kɔːl ɑːf/,intermediate,"[""Business"", ""Work"", ""Everyday Conversation""]",To cancel something that was previously planned or scheduled.,"[""They had to call off the outdoor concert because of the heavy rain."", ""The manager decided to call off the meeting since several key team members were sick.""]","This is a separable phrasal verb. If you use a pronoun like 'it' or 'them', it must go between 'call' and 'off' (e.g., 'call it off', not 'call off it').","[""call off a meeting"", ""call off the wedding"", ""call off the search"", ""call off an event""]"
call up,/kɔːl ʌp/,intermediate,"[""Sports"", ""Work"", ""Everyday Conversation""]","To make a phone call to someone, or to officially select someone to join a military service or a sports team.","[""I'll call up the restaurant to see if they have any tables available for tonight."", ""He was thrilled when he was finally called up to play for the national soccer team.""]","This is a phrasal verb. It is separable, meaning you can put the object in the middle (e.g., 'call him up' or 'call up my friend'). When using a pronoun, it must go in the middle ('call them up', not 'call up them').","[""call up a friend"", ""get called up"", ""call up a reserve"", ""call up the past""]"
called,/kɔːl/,beginner,"[""Work"", ""Everyday Conversation""]","To give a name to someone or something, or to contact someone by telephone.","[""They decided to call their new dog Max."", ""Please call me when you arrive at the station.""]","The word 'called' is the past tense and past participle of 'call'. It is very commonly used as an adjective meaning 'having the name of' (e.g., 'a man called John').","[""call back"", ""call for help"", ""make a phone call"", ""be called""]"
calm,/kɑːm/,beginner,"[""Health"", ""Everyday Conversation""]","Peaceful, quiet, and free from worry, excitement, or strong emotion.","[""It is important to stay calm during an emergency."", ""The sea was very calm and still this morning.""]","Can be used as an adjective ('a calm day'), a verb meaning to make someone peaceful ('calm down'), or a noun ('the calm before the storm').","[""stay calm"", ""keep calm"", ""calm voice"", ""calm waters"", ""calm down""]"
calm down,/kɑːm daʊn/,beginner,"[""Health"", ""Everyday Conversation""]","To become quiet, peaceful, or less excited and angry, or to make someone else feel this way.","[""Take a deep breath and try to calm down before making a decision."", ""The teacher asked the excited children to calm down.""]","Can be used as an intransitive verb (to become calm) or transitive verb (to make someone calm). Often used as a command, but telling someone to 'calm down!' when they are angry can sometimes make them feel worse.","[""calm down a bit"", ""try to calm down"", ""help someone calm down"", ""calm down completely""]"
calmly,/ˈkɑːm.li/,beginner,"[""Health"", ""Everyday Conversation""]","In a quiet, peaceful, or relaxed way, without showing anger, fear, or excitement.","[""She calmly explained the situation to the worried customers."", ""Despite the emergency, the pilot spoke calmly over the intercom.""]","It is an adverb, so it is used to describe how an action is performed (e.g., 'speak calmly', 'react calmly').","[""speak calmly"", ""explain calmly"", ""react calmly"", ""walk calmly"", ""wait calmly""]"
camera,/ˈkæmərə/,beginner,"[""Arts & Culture"", ""Technology"", ""Everyday Conversation""]",A device used for taking photographs or recording moving images.,"[""She pointed her camera at the beautiful sunset and took a picture."", ""Most modern smartphones have a high-quality built-in camera.""]",The word 'camera' can refer to both traditional digital cameras and the camera lenses on smartphones. The phrase 'on camera' means being recorded or filmed.,"[""digital camera"", ""security camera"", ""look at the camera"", ""front-facing camera"", ""camera lens""]"
camp,/kæmp/,beginner,"[""Everyday Conversation"", ""Nature"", ""Travel""]","A place where people live temporarily in tents or simple huts, often for vacation, outdoor activities, or military training.","[""We set up camp near the river before the sun went down."", ""Every summer, the children go to a sports camp to improve their skills.""]","Can be used as a noun ('a camp') or a verb ('to camp' / 'to go camping'). As an adjective in informal contexts, 'camp' can also mean deliberately exaggerated or theatrical.","[""set up camp"", ""summer camp"", ""go camping"", ""camp site"", ""break camp""]"
campaign,/kæmˈpeɪn/,intermediate,"[""News & Media"", ""Business"", ""Everyday Conversation"", ""Academic""]","A planned series of organized activities or actions intended to achieve a specific social, political, or commercial goal.","[""The company launched a massive advertising campaign to promote their new smartphone."", ""She volunteered for the local mayoral campaign during the election.""]","Can be used as both a noun and a verb. When used as a verb, it is often followed by 'for' (to support something) or 'against' (to oppose something).","[""launch a campaign"", ""advertising campaign"", ""political campaign"", ""marketing campaign"", ""awareness campaign""]"
camping,/ˈkæmpɪŋ/,beginner,"[""Everyday Conversation"", ""Nature"", ""Travel""]","The activity of spending a holiday living in a tent, caravan, or campervan, usually in the countryside.","[""We are going camping in the national park this weekend."", ""I love camping because it allows me to connect with nature.""]","Often used with the verb 'go' (e.g., 'go camping'). The noun 'camp' refers to the place, while 'camping' is the activity itself.","[""go camping"", ""camping gear"", ""camping site"", ""camping trip""]"
can 1,/kæn/,beginner,"[""Everyday Conversation""]","To be able to do something, to have the ability or power to do something, or to have permission to do something.","[""She can speak three languages fluently."", ""Can I borrow your pen for a moment?""]","As a modal verb, 'can' is followed by the base form of the verb without 'to' (e.g., 'I can swim', not 'I can to swim'). The negative form is 'cannot' or the contraction 'can't'.","[""can afford"", ""can hear"", ""can see"", ""can help"", ""as best as one can""]"
can 2,/kæn/,beginner,"[""Everyday Conversation"", ""Food & Dining""]","A cylindrical metal container used for preserving and storing food, beverages, or other liquids.","[""Could you please open this can of soup for dinner?"", ""He threw the empty soda can into the recycling bin.""]","In British English, this is often referred to as a 'tin' when it contains food. The verb form 'to can' means to preserve food in a jar or can.","[""can of soup"", ""soda can"", ""garbage can"", ""can opener"", ""spray can""]"
cancel,/ˈkænsəl/,beginner,"[""Work"", ""Everyday Conversation"", ""Travel""]","To decide that an organized event, meeting, or agreement will not happen.","[""They had to cancel the outdoor concert because of the heavy rain."", ""I need to cancel my reservation and reschedule for next week.""]","Commonly used with 'a meeting', 'a flight', or 'a subscription'. In British English, the past tense and participle are spelled with a double 'l' (cancelled), while American English typically uses a single 'l' (canceled).","[""cancel a meeting"", ""cancel a flight"", ""cancel a subscription"", ""cancel an appointment"", ""cancel last minute""]"
cancer,/ˈkænsər/,intermediate,"[""Health"", ""News & Media"", ""Everyday Conversation"", ""Academic""]",A serious disease in which abnormal cells in the body grow and spread in an uncontrolled way.,"[""The doctors are hopeful that they caught the cancer early enough to treat it successfully."", ""She is raising money for a charity that funds breast cancer research.""]","Often used with verbs like 'diagnose', 'treat', or 'beat'. It can be used as an uncountable noun for the disease in general, or a countable noun when referring to specific types (e.g., 'lung cancers').","[""cancer treatment"", ""fight cancer"", ""diagnose cancer"", ""cancer survivor"", ""lung cancer""]"
candidate,/ˈkændɪdeɪt/,intermediate,"[""News & Media"", ""Business"", ""Work"", ""Everyday Conversation""]","A person who is competing for a job, a political office, or an award.","[""The search committee is interviewing five candidates for the position."", ""She is considered a leading candidate for the Nobel Peace Prize.""]","Commonly followed by the preposition 'for'. In some contexts, it can also refer to a student taking an exam.","[""job candidate"", ""presidential candidate"", ""successful candidate"", ""potential candidate"", ""ideal candidate""]"
candy,/ˈkændi/,beginner,"[""Everyday Conversation"", ""Food & Dining""]","A sweet food made mostly of sugar, often combined with chocolate, fruit flavors, or nuts.","[""The children were given some candy after they finished their dinner."", ""She bought a bag of hard candies to suck on during the long flight.""]","In British English, this is usually called 'sweets'. 'Candy' is uncountable when referring to the food in general, but can be countable ('candies') when referring to individual pieces or different types.","[""cotton candy"", ""candy bar"", ""piece of candy"", ""sweet candy"", ""candy store""]"
cannot,/ˈkæn.ɑːt/,beginner,"[""Work"", ""Everyday Conversation"", ""Academic""]",To be unable to do something; the negative form of 'can'.,"[""I cannot attend the meeting tomorrow because I have a doctor's appointment."", ""We cannot accept this proposal in its current form.""]","'Cannot' is written as a single word in standard English, unlike 'can not' which is only used in specific grammatical structures. In informal speech and writing, it is usually contracted to 'can't'.","[""cannot afford"", ""cannot help but"", ""cannot wait"", ""cannot guarantee"", ""simply cannot""]"
cap,/kæp/,beginner,"[""Sports"", ""Everyday Conversation""]","A soft, flat hat with a curved part sticking out at the front; or a protective lid or cover for a container.","[""He wore a baseball cap to shield his eyes from the sun."", ""Make sure you put the cap back on the bottle so the water doesn't spill.""]","The word 'cap' can also be used as a verb meaning to limit something (e.g., 'to cap spending') or to cover the top of something.","[""baseball cap"", ""bottle cap"", ""cap on spending"", ""put a cap on""]"
capable,/ˈkeɪpəbəl/,intermediate,"[""Work"", ""Everyday Conversation"", ""Academic""]","Having the ability, fitness, or necessary skills to do something successfully.","[""She is a highly capable manager who always gets the job done on time."", ""The new software is capable of processing thousands of transactions per second.""]","Commonly followed by the preposition 'of' and a gerund (verb + -ing), as in 'capable of doing something', rather than an infinitive.","[""capable of"", ""highly capable"", ""perfectly capable"", ""capable hand"", ""prove capable""]"
capacity,/kəˈpæsəti/,intermediate,"[""Business"", ""Technology"", ""Everyday Conversation"", ""Academic""]","The maximum amount that something can contain or produce, or a person's ability to do or understand something.","[""The stadium was filled to capacity for the championship game."", ""She has an amazing capacity for remembering names and faces.""]","Often followed by the preposition 'for' (e.g., 'capacity for learning') or an infinitive verb (e.g., 'capacity to adapt'). In professional contexts, it can also mean a specific role or position (e.g., 'acting in an advisory capacity').","[""filled to capacity"", ""carrying capacity"", ""intellectual capacity"", ""limited capacity"", ""productive capacity""]"
capital,/ˈkæpɪtəl/,beginner,"[""News & Media"", ""Business"", ""Everyday Conversation"", ""Academic""]","The most important city in a country or state, usually where the government is located; it can also refer to wealth in the form of money or assets used to start a business.","[""Paris is the capital of France."", ""The company is trying to raise capital to fund its new tech project.""]","Note the spelling: 'capital' with an 'a' refers to the city or money, while 'capitol' with an 'o' refers specifically to the building where a legislature meets.","[""capital city"", ""raise capital"", ""venture capital"", ""capital punishment"", ""capital letter""]"
captain,/ˈkæptɪn/,beginner,"[""Sports"", ""Everyday Conversation"", ""Travel""]","The person in command of a ship, aircraft, sports team, or military group.","[""The captain of the ship safely guided the vessel through the rough storm."", ""She was chosen as the captain of the varsity basketball team.""]","When used as a title before a person's name, it is capitalized (e.g., 'Captain Smith'). It can also be used as a verb meaning to lead or command.","[""ship's captain"", ""team captain"", ""captain of the industry"", ""sea captain""]"
capture,/ˈkæptʃər/,intermediate,"[""Arts & Culture"", ""Business"", ""Everyday Conversation""]","To take someone as a prisoner, or to successfully record, represent, or gain control of something.","[""The photographer managed to capture the beautiful sunset just before it disappeared."", ""The soldiers were ordered to capture the enemy stronghold.""]","Often used metaphorically in business and arts (e.g., 'capture attention' or 'capture market share'), not just in physical contexts of taking prisoners.","[""capture someone's attention"", ""capture the moment"", ""capture market share"", ""capture the imagination""]"
car,/kɑːr/,beginner,"[""Everyday Conversation"", ""Travel""]",A road vehicle with four wheels that is powered by an engine and used to carry a small number of people.,"[""I usually drive my car to work every morning."", ""She parked her car in the garage.""]",The word 'car' is the standard term for personal vehicles; 'automobile' is more formal or technical.,"[""drive a car"", ""park a car"", ""used car"", ""electric car"", ""sports car""]"
card,/kɑːrd/,beginner,"[""Business"", ""Everyday Conversation"", ""Travel""]","A small, flat, stiff piece of paper or plastic used for writing information on, sending a message, or making payments.","[""He paid for the groceries using his credit card."", ""She sent me a beautiful card for my birthday.""]","The word 'card' can refer to many different objects depending on the context, such as a playing card, a greeting card, or a plastic payment card. In modern contexts, 'to card' can also be used as an informal verb meaning to ask someone for proof of age.","[""credit card"", ""birthday card"", ""deck of cards"", ""business card"", ""id card""]"
cardboard,/ˈkɑːrdbɔːrd/,beginner,"[""Everyday Conversation""]","A stiff, thick paper or pasteboard used for making boxes and signs.","[""We need to find some large cardboard boxes for the move."", ""The children made a toy castle out of cardboard.""]","It is an uncountable noun when referring to the material itself, but can be used as a noun adjunct (like an adjective) before other nouns, as in 'cardboard box'.","[""cardboard box"", ""corrugated cardboard"", ""scrap cardboard"", ""cardboard cutout""]"
care,/kɛr/,beginner,"[""Health"", ""Everyday Conversation""]","To feel concern, interest, or affection for someone or something; also, the process of protecting or looking after someone or something.","[""She really cares about her students and wants them to succeed."", ""The doctor told him to take better care of his health.""]","Often used with the preposition 'about' when expressing concern (e.g., 'care about the environment') or with 'for' when looking after someone (e.g., 'care for an elderly relative').","[""take care of"", ""care about"", ""medical care"", ""customer care"", ""care deeply""]"
care for,/kɛr fɔːr/,intermediate,"[""Health"", ""Everyday Conversation""]","To look after someone or something that needs help, or to like or want something (often used in polite offers or to express dislike).","[""She spent most of her life caring for her elderly parents."", ""Would you care for another cup of coffee?""]","When it means 'to like,' it is frequently used in the negative ('I don't care for...') to express a polite dislike. In the sense of 'looking after,' it is a transitive phrasal verb.","[""care for a patient"", ""care for a child"", ""not care for something"", ""would you care for"", ""care for the environment""]"
career,/kəˈrɪr/,beginner,"[""Business"", ""Work"", ""Everyday Conversation""]","An occupation or profession that a person undertakes for a significant period of their life, usually with opportunities for progress or promotion.","[""She is planning to pursue a career in medicine after she graduates."", ""He spent his entire career working for the same technology company.""]","Do not confuse 'career' with 'carrier' (a person or thing that carries something) or 'care' (concern/worry). It is commonly used with verbs like 'pursue', 'build', or 'launch'.","[""career path"", ""career goals"", ""pursue a career"", ""career advancement"", ""change careers""]"
careful,/ˈkɛrfəl/,beginner,"[""Everyday Conversation"", ""Travel""]","Making sure to avoid danger, mistakes, or damage by paying close attention to what you are doing.","[""Please be careful with that vase; it is very fragile."", ""He made a careful plan to ensure nothing would go wrong.""]",Commonly followed by the prepositions 'with' (for objects) or 'about' (for actions/decisions). For example: 'be careful with the glass' or 'be careful about what you say'.,"[""be careful"", ""careful planning"", ""careful consideration"", ""a careful driver"", ""be careful with""]"
carefully,/ˈker.fəl.i/,beginner,"[""Work"", ""Everyday Conversation"", ""Academic""]","In a way that shows close attention, caution, or effort to avoid mistakes, damage, or danger.","[""Please listen carefully to the instructions before starting the test."", ""She carefully placed the fragile glass vase on the top shelf.""]","This is a common adverb of manner. It is typically placed after the verb it describes (e.g., 'read carefully') or before the verb for emphasis (e.g., 'carefully read').","[""listen carefully"", ""choose carefully"", ""handle carefully"", ""tread carefully"", ""examine carefully""]"
careless,/ˈker.ləs/,beginner,"[""Everyday Conversation"", ""Academic""]","Not taking enough care or paying enough attention to what you are doing, which can lead to mistakes, damage, or hurt feelings.","[""It was careless of me to leave my keys in the car."", ""She made a few careless mistakes on the math exam.""]","Often followed by the preposition 'about' (e.g., 'careless about his appearance') or used in the pattern 'it is careless of someone to do something'.","[""careless mistake"", ""careless whisper"", ""careless driver"", ""careless attitude"", ""careless talk""]"
carelessly,/ˈker.ləs.li/,intermediate,"[""Work"", ""Everyday Conversation""]","In a way that does not give enough attention, thought, or care to avoiding harm, mistakes, or damage.","[""He carelessly tossed his keys onto the table and broke a glass vase."", ""She admitted that she had carelessly filled out the application form.""]","This is an adverb. It is often used to modify verbs of action (like 'throw', 'drive', or 'write') to show that the action was done without proper attention.","[""carelessly discarded"", ""drive carelessly"", ""carelessly tossed"", ""written carelessly""]"
carpet,/ˈkɑːrpɪt/,beginner,"[""Everyday Conversation""]","A thick, heavy floor covering made of fabric or woven pile, typically covering the entire floor of a room.","[""We decided to install a soft grey carpet in the bedroom to make it feel cozier."", ""She spilled a glass of red wine on the living room carpet.""]","The noun 'carpet' refers to the material or the floor covering itself. It can also be used as a verb meaning 'to cover an area with a carpet' (e.g., 'to carpet the stairs').","[""wall-to-wall carpet"", ""lay a carpet"", ""roll out the red carpet"", ""carpet cleaning"", ""shag carpet""]"
carrot,/ˈkærət/,beginner,"[""Everyday Conversation"", ""Food & Dining""]","A long, thin, orange root vegetable that is eaten raw or cooked.","[""She chopped up some carrots and celery to add to the beef soup."", ""Rabbits are famous for loving to eat crunchy carrots.""]",The word 'carrot' is a countable noun. It can also be used metaphorically in the phrase 'carrot and stick' to describe a system of offering rewards and punishments.,"[""raw carrot"", ""baby carrot"", ""carrot cake"", ""grated carrot"", ""carrot juice""]"
carry,/ˈkæri/,beginner,"[""Everyday Conversation"", ""Travel""]",To hold something and move it from one place to another.,"[""Could you help me carry these heavy bags to the car?"", ""She always carries a small notebook in her purse.""]",Often followed by prepositions like 'out' (to perform a task) or 'on' (to continue doing something). Avoid confusing 'carry' with 'wear' when talking about clothing or accessories.,"[""carry a bag"", ""carry weight"", ""carry out a plan"", ""carry on"", ""carry a message""]"
carry on,/ˌkæri ˈɑːn/,intermediate,"[""Work"", ""Everyday Conversation""]","To continue doing something, or to keep moving forward despite difficulties.","[""Even though it started to rain, they decided to carry on with their walk."", ""Please carry on with your work while I am out of the room.""]","Often followed by the preposition 'with' or a verb ending in '-ing' (e.g., 'carry on working'). In British English, it can also mean to behave in an excited, anxious, or silly way.","[""carry on a conversation"", ""carry on working"", ""carry on business"", ""keep calm and carry on""]"
carry out,/ˈkæri aʊt/,intermediate,"[""Business"", ""Work"", ""Everyday Conversation"", ""Academic""]","To perform, complete, or put into action a task, plan, order, or threat.","[""The hospital is carrying out tests to find the cause of her illness."", ""The soldiers were ordered to carry out the mission immediately.""]","This is a phrasal verb. It is transitive and separable, meaning you can say 'carry out a plan' or 'carry a plan out'. It is commonly used in formal, business, and academic contexts.","[""carry out research"", ""carry out an investigation"", ""carry out instructions"", ""carry out a threat"", ""carry out a task""]"
case,/keɪs/,beginner,"[""Business"", ""Everyday Conversation"", ""Academic""]","An instance, occurrence, or example of something happening; it can also refer to a container used to hold or protect things, or a matter being investigated by police or lawyers.","[""In any case, we need to make a decision by tomorrow morning."", ""The police are investigating a new case of identity theft.""]","The phrase 'in case' is used to talk about precautions (e.g., 'Take an umbrella in case it rains'), whereas 'in case of' is followed by a noun (e.g., 'in case of emergency').","[""just in case"", ""worst-case scenario"", ""a court case"", ""in any case"", ""make a case for""]"
cash,/kæʃ/,beginner,"[""Business"", ""Everyday Conversation"", ""Travel""]","Money in the form of coins or paper notes, rather than checks, credit cards, or digital transfers.","[""I don't have any cash on me, so I will have to pay with my credit card."", ""The store offers a small discount if you pay in cash.""]",Commonly used in the prepositional phrases 'in cash' (to pay in cash) or 'for cash'. It is an uncountable noun.,"[""pay in cash"", ""cold hard cash"", ""cash flow"", ""petty cash"", ""cash register""]"
cast,/kæst/,intermediate,"[""Arts & Culture"", ""Everyday Conversation""]","To choose actors for a play, movie, or show; or to throw something lightly, like a fishing line or a vote.","[""The director decided to cast her as the lead actress in the upcoming film."", ""He cast his fishing line into the calm waters of the lake.""]",The past tense and past participle form of 'cast' is also 'cast' (not 'casted').,"[""cast a vote"", ""cast a spell"", ""cast doubt on"", ""cast a shadow"", ""cast member""]"
castle,/ˈkæsəl/,beginner,"[""Arts & Culture"", ""Everyday Conversation"", ""Travel""]","A large, strong building built in the past by a ruler or important person to protect the people inside from attack.","[""The medieval castle stood on top of the hill, overlooking the entire valley."", ""We spent the afternoon exploring the ruins of an old stone castle.""]",The letter 't' in 'castle' is silent. It is a countable noun.,"[""medieval castle"", ""castle ruins"", ""build a castle"", ""sand castle""]"
cat,/kæt/,beginner,"[""Everyday Conversation"", ""Nature""]","A small, domesticated carnivorous mammal with soft fur, a short snout, and retractile claws, often kept as a pet or for catching mice.","[""My cat loves to sleep in the sun by the window."", ""She fed the cat some wet food and fresh water.""]","The word 'cat' is a highly common, everyday noun. It is also used in many common idioms, such as 'let the cat out of the bag' (to reveal a secret).","[""pet cat"", ""stray cat"", ""domestic cat"", ""feed the cat"", ""cat food""]"
catch,/kætʃ/,beginner,"[""Sports"", ""Everyday Conversation"", ""Travel""]","To intercept and hold something that has been thrown, dropped, or is in motion; or to capture a person, animal, or vehicle.","[""He managed to catch the ball with one hand."", ""We need to run if we want to catch the 9:00 train.""]",The past tense and past participle form is irregular: 'caught'. It is also commonly used in idioms like 'catch a cold' (to become sick) or 'catch someone's eye' (to attract attention).,"[""catch a cold"", ""catch a bus"", ""catch a ball"", ""catch someone's attention"", ""catch fire""]"
catch up,/kætʃ ʌp/,intermediate,"[""Work"", ""Everyday Conversation""]","To reach the same quality, detail, or position as someone or something that is ahead; or to talk to someone you have not seen for a while to find out what they have been doing.","[""I need to run faster to catch up with the rest of the group."", ""Let's meet for coffee this weekend to catch up.""]","Often followed by 'with' (e.g., 'catch up with friends' or 'catch up with work'). It can also be used as a noun, 'catch-up', usually with the verb 'play' (e.g., 'to play catch-up').","[""catch up with friends"", ""catch up on sleep"", ""catch up on work"", ""play catch-up"", ""try to catch up""]"
category,/ˈkætəɡɔːri/,intermediate,"[""Work"", ""Everyday Conversation"", ""Academic""]",A group of people or things that are regarded as having shared characteristics or qualities.,"[""The books are divided into different categories based on their genre."", ""This product falls into the category of luxury goods.""]","The preposition 'under' is often used when saying something belongs to a specific group (e.g., 'It falls under the category of...').","[""broad category"", ""fall into a category"", ""main category"", ""separate category"", ""age category""]"
cause,/kɔːz/,beginner,"[""News & Media"", ""Everyday Conversation"", ""Academic""]","To make something happen, especially something bad or unpleasant; or, the person, event, or thing that makes something happen.","[""The heavy rain caused severe flooding in the low-lying areas of the city."", ""The police are still trying to find the cause of the fire.""]","As a verb, it is often followed by an object and a to-infinitive (e.g., 'to cause someone to do something'). As a noun, it is frequently followed by the preposition 'of'.","[""cause damage"", ""root cause"", ""cause problems"", ""lead cause"", ""cause and effect""]"
cd,/ˌsiːˈdiː/,beginner,"[""Arts & Culture"", ""Technology"", ""Everyday Conversation""]","A small plastic disc on which music or other digital information is stored, which is read using a laser.","[""I bought my favorite band's new album on CD."", ""He put the CD into the player and pressed play.""]","CD is an abbreviation for 'compact disc'. Although digital streaming has largely replaced physical media, the term is still widely understood.","[""play a CD"", ""CD player"", ""burn a CD"", ""music CD"", ""CD collection""]"
cease,/siːs/,intermediate,"[""News & Media"", ""Business"", ""Everyday Conversation"", ""Academic""]",To stop happening or to bring something to an end.,"[""The company decided to cease operations after facing severe financial losses."", ""The rain finally ceased, and the sun began to shine through the clouds.""]","It is more formal than 'stop'. It can be used transitively (cease something) or intransitively, and is often followed by a gerund (cease doing) or an infinitive (cease to do).","[""cease to exist"", ""cease fire"", ""cease operations"", ""without cease""]"
ceiling,/ˈsiːlɪŋ/,beginner,"[""Business"", ""Work"", ""Everyday Conversation""]","The inside upper surface of a room, or the maximum limit set for something such as prices, wages, or altitude.","[""She painted the bedroom ceiling a soft shade of blue."", ""The government has decided to put a ceiling on rent increases this year.""]","In everyday language, 'ceiling' refers to the top of a room. In business, economics, or politics, it is frequently used metaphorically to mean an upper limit (e.g., 'glass ceiling', 'debt ceiling').","[""high ceiling"", ""glass ceiling"", ""debt ceiling"", ""hit a ceiling"", ""ceiling fan""]"
celebrate,/ˈsɛləˌbreɪt/,beginner,"[""Arts & Culture"", ""Everyday Conversation""]","To do something enjoyable in order to show that an event, occasion, or holiday is special.","[""We gathered at a local restaurant to celebrate my sister's graduation."", ""How do you usually celebrate New Year's Eve in your country?""]","Often used as a transitive verb (celebrate something) or intransitive verb (let's celebrate!). Do not confuse with 'congratulate', which is used for praising a specific person for an achievement.","[""celebrate a birthday"", ""celebrate an anniversary"", ""celebrate a victory"", ""reason to celebrate""]"
celebration,/ˌselɪˈbreɪʃn/,beginner,"[""Arts & Culture"", ""Everyday Conversation""]","A special social event, such as a party, created to mark an important occasion, holiday, or achievement.","[""The team held a huge celebration after winning the championship game."", ""We are planning a quiet family celebration for my grandmother's 80th birthday.""]","The word is often used with the verbs 'hold', 'have', or 'throw'. It can refer to the event itself (countable) or the act of celebrating in general (uncountable).","[""birthday celebration"", ""cause for celebration"", ""victory celebration"", ""annual celebration"", ""join the celebration""]"
cell,/sel/,intermediate,"[""Health"", ""Technology"", ""Everyday Conversation"", ""Academic""]","The smallest basic unit of a plant or animal, or a small room in a prison or monastery.","[""The human body is made up of billions of individual cells."", ""The prisoner was locked in his cell for twenty-three hours a day.""]",The word 'cell' is also commonly used as a short form for 'cell phone' (mobile phone) in American English.,"[""cancer cell"", ""brain cell"", ""prison cell"", ""fuel cell"", ""cell division""]"
cell phone,/ˈsel foʊn/,beginner,"[""Technology"", ""Everyday Conversation""]","A portable telephone that connects to a cellular network, allowing users to make calls, send texts, and access the internet without being connected by wires.","[""I forgot my cell phone at home, so I couldn't call you."", ""She checked her cell phone for any new messages.""]","In British English, 'mobile phone' or simply 'mobile' is much more common, whereas 'cell phone' or 'cell' is standard in American English.","[""cell phone charger"", ""cell phone reception"", ""answer a cell phone"", ""check your cell phone""]"
cent,/sent/,beginner,"[""Business"", ""Everyday Conversation"", ""Travel""]",A unit of money equal to one-hundredth of a dollar or various other currencies.,"[""A postage stamp used to cost only a few cents."", ""She didn't have a single cent left in her wallet.""]","Often represented by the symbol ¢. In spoken English, people often say 'pennies' when referring to one-cent coins, but 'cents' is used for prices (e.g., 'ninety-nine cents').","[""every single cent"", ""not a cent"", ""ten cents"", ""put in my two cents""]"
centimetre,/ˈsentɪmiːtər/,beginner,"[""Everyday Conversation"", ""Academic""]",A unit of length in the metric system equal to one-hundredth of a meter.,"[""The insect was only about one centimetre long."", ""Please measure the width of the paper in centimetres.""]","This is the British English spelling. In American English, it is spelled 'centimeter'. It is often abbreviated as 'cm'.","[""square centimetre"", ""cubic centimetre"", ""a few centimetres"", ""nearest centimetre""]"
central,/ˈsen.trəl/,beginner,"[""Everyday Conversation"", ""Travel"", ""Academic""]","Located in the center of an area; or, of primary importance and essential to something.","[""The new hotel is very central, making it easy to walk to all the main sights."", ""The character's struggle for freedom is central to the novel's plot.""]","Often used before a noun (e.g., 'central heating', 'central location') or after a linking verb (e.g., 'The issue is central to our campaign').","[""central location"", ""central role"", ""central theme"", ""central heating"", ""central government""]"
centre,/ˈsen.tər/,beginner,"[""Everyday Conversation"", ""Travel""]","The middle point of an area, group, or object, or a building used for a specific activity.","[""There is a fountain in the centre of the park."", ""We met at the local community centre to discuss the project.""]","'Centre' is the standard spelling in British, Canadian, and Australian English, whereas 'center' is used in American English. It can be used as a noun, verb, or adjective.","[""town centre"", ""shopping centre"", ""centre of attention"", ""call centre"", ""medical centre""]"
century,/ˈsentʃəri/,beginner,"[""Arts & Culture"", ""Everyday Conversation"", ""Academic""]",A period of one hundred years.,"[""The castle was built in the twelfth century."", ""The company has been in business for over a century.""]","When referring to a specific hundred-year period, it is usually capitalized and written as 'the [Ordinal Number] Century' (e.g., 'the 21st Century').","[""turn of the century"", ""quarter of a century"", ""half a century"", ""for over a century"", ""last century""]"
ceremony,/ˈsɛrəˌmoʊni/,intermediate,"[""Arts & Culture"", ""Everyday Conversation""]","A formal event or set of traditional acts performed on a special occasion, such as a wedding, graduation, or religious service.","[""The graduation ceremony will take place in the main hall at 10 AM."", ""They held a small private ceremony to celebrate their anniversary.""]",It can refer to the formal procedure itself or the formal behavior required by such an occasion.,"[""wedding ceremony"", ""opening ceremony"", ""award ceremony"", ""religious ceremony"", ""master of ceremonies""]"
certain,/ˈsɜːrtn/,beginner,"[""Everyday Conversation"", ""Academic""]","Completely sure of something, or known to be true without any doubt.","[""I am absolutely certain that I locked the front door before leaving."", ""It now seems certain that the project will be delayed by a week.""]","Often used in the pattern 'certain that [clause]' or 'certain of [something]'. It can also mean 'some' or 'particular' when placed before a noun (e.g., 'for certain reasons').","[""make certain"", ""pretty certain"", ""almost certain"", ""for certain"", ""a certain amount""]"
certainly,/ˈsɜːrtnli/,beginner,"[""Work"", ""Everyday Conversation""]",Without any doubt; definitely. It is also used as a polite way to say 'yes' or to agree to a request.,"[""I will certainly help you with your project tomorrow."", ""\""Could you pass the salt, please?\"" \""Certainly.\"""", ""She was certainly the best candidate for the job.""]","Very common in both spoken and written English. When used to agree to a request, it sounds polite and helpful.","[""certainly hope"", ""certainly seems"", ""will certainly"", ""almost certainly"", ""most certainly""]"
certificate,/sərˈtɪfɪkət/,intermediate,"[""Business"", ""Work"", ""Everyday Conversation"", ""Academic""]","An official document that proves a fact, such as your birth, a completed course of study, or a qualification.","[""She received a certificate of completion after finishing the web design course."", ""You need to present your birth certificate to apply for a passport.""]","As a noun, it is pronounced with a weak ending (/kət/). As a verb (meaning to officially attest), it is pronounced with a strong ending (/keɪt/).","[""birth certificate"", ""gift certificate"", ""medical certificate"", ""earn a certificate"", ""issue a certificate""]"
chain,/tʃeɪn/,beginner,"[""Business"", ""Everyday Conversation""]","A series of connected metal links used for holding, pulling, or decoration, or a number of similar businesses owned by the same company.","[""He locked his bicycle to the fence with a heavy steel chain."", ""She manages a popular chain of organic grocery stores.""]","Can be used as a noun or a verb (e.g., 'to chain a bike to a post').","[""chain reaction"", ""fast-food chain"", ""supply chain"", ""chain of events""]"
chair,/tʃer/,beginner,"[""Everyday Conversation""]","A piece of furniture designed for one person to sit on, typically having four legs, a seat, and a backrest.","[""Please take a seat in that comfortable leather chair by the window."", ""We need to buy four more chairs for the dining room table.""]","While 'chair' usually refers to the physical furniture, it can also be used as a verb meaning to lead a meeting or committee (e.g., 'She will chair the meeting').","[""armchair"", ""office chair"", ""pull up a chair"", ""sit in a chair"", ""rocking chair""]"
chairman,/ˈtʃermən/,intermediate,"[""Business"", ""Work"", ""Everyday Conversation""]","A person, especially a man, who is chosen to lead and preside over a meeting, committee, or board of directors.","[""The chairman called the meeting to order at nine o'clock."", ""He was appointed as the new chairman of the company's board.""]","While 'chairman' is traditionally used, many modern organizations prefer gender-neutral terms like 'chairperson' or simply 'chair', especially when the person in the role is a woman.","[""board chairman"", ""acting chairman"", ""committee chairman"", ""appoint a chairman"", ""chairman of the board""]"
chairwoman,/ˈtʃerˌwʊm.ən/,intermediate,"[""News & Media"", ""Business"", ""Work"", ""Everyday Conversation""]","A woman who is in charge of a meeting, committee, or organization.","[""She was appointed as the new chairwoman of the board of directors."", ""The chairwoman called the meeting to order at nine o'clock.""]","While 'chairwoman' is specifically used for a female leader, many modern organizations prefer the gender-neutral terms 'chairperson' or simply 'chair'.","[""board chairwoman"", ""committee chairwoman"", ""acting chairwoman"", ""serve as chairwoman""]"
challenge,/ˈtʃælɪndʒ/,intermediate,"[""Work"", ""Everyday Conversation"", ""Academic""]",Something new and difficult that requires great effort and determination to succeed at.,"[""Learning a new language is a difficult challenge, but it is very rewarding."", ""The new manager faces the challenge of improving team morale.""]","Can be used as both a noun and a verb. As a verb, it is often followed by an object and an infinitive verb (e.g., 'She challenged him to run faster').","[""face a challenge"", ""accept a challenge"", ""pose a challenge"", ""a major challenge"", ""rise to the challenge""]"
chamber,/ˈtʃeɪmbər/,intermediate,"[""Arts & Culture"", ""Everyday Conversation"", ""News & Media"", ""Academic""]","A large room used for formal meetings, or an enclosed space inside the body, a machine, or a plant.","[""The members of parliament gathered in the debating chamber to vote on the new bill."", ""The heart is divided into four distinct chambers that pump blood throughout the body.""]","Often used in formal, political, or scientific contexts. In everyday speech, 'room' is preferred unless referring to specific technical or historical spaces.","[""chamber music"", ""legislative chamber"", ""combustion chamber"", ""chamber of commerce"", ""echo chamber""]"
chance,/tʃæns/,beginner,"[""Everyday Conversation"", ""Academic""]","A possibility of something happening, or an opportunity to do something.","[""There is a good chance that it will rain this afternoon."", ""She gave him a second chance to explain what had happened.""]","Often used with the preposition 'of' followed by a gerund (e.g., 'a chance of winning') or with an infinitive verb (e.g., 'a chance to win').","[""by any chance"", ""take a chance"", ""second chance"", ""good chance"", ""stand a chance"", ""game of chance""]"
change,/tʃeɪndʒ/,beginner,"[""Everyday Conversation"", ""Travel""]","To make or become different, or to replace one thing with another.","[""I need to change my clothes before we go out to dinner."", ""The weather is going to change tomorrow, so bring an umbrella.""]","Can be used as both a verb and a noun. As a noun, it can refer to the act of becoming different, or to the coins you receive back when paying for something.","[""change your mind"", ""make a change"", ""loose change"", ""change plans"", ""climate change""]"
change round,/tʃeɪndʒ raʊnd/,intermediate,"[""Everyday Conversation""]","To move things or people into different positions, or to alter the arrangement of something.","[""We decided to change the furniture round in the living room to make more space."", ""The teacher changed the students round so they would work with different partners.""]","This is a phrasal verb chiefly used in British English. It is separable, meaning you can put the object between 'change' and 'round' (e.g., 'change them round'). In American English, 'change around' is more common.","[""change the furniture round"", ""change the seating round"", ""change things round"", ""change the order round""]"
channel,/ˈtʃæn.əl/,intermediate,"[""Work"", ""Everyday Conversation"", ""Academic""]","To direct money, effort, or feelings towards a particular use, purpose, or path; or a passage/route through which things flow.","[""She decided to channel all her energy into her new art project."", ""The government is trying to find new channels for distributing aid to the affected areas.""]","As a verb, it is often followed by the preposition 'into' (e.g., channel something into something). In British English, the past tense and participle are spelled with a double 'l' (channelled/channelling), while American English uses a single 'l' (channeled/channeling).","[""channel energy into"", ""distribution channel"", ""communication channel"", ""television channel"", ""channel resources""]"
chapter,/ˈtʃæptər/,beginner,"[""Arts & Culture"", ""Everyday Conversation"", ""Academic""]",One of the main sections into which a book is divided; it can also refer to a distinct period in history or a person's life.,"[""I just finished reading the third chapter of the novel."", ""Graduating from college marked the beginning of a new chapter in her life.""]","When referring to a specific numbered section of a book, 'chapter' is usually capitalized and not preceded by 'the' (e.g., 'Please turn to Chapter 4').","[""the next chapter"", ""chapter and verse"", ""open a new chapter"", ""final chapter"", ""local chapter""]"
character,/ˈkærəktər/,intermediate,"[""Arts & Culture"", ""Everyday Conversation"", ""Academic""]","The combination of qualities, personality traits, or moral values that make a person, group, or place unique; it can also refer to a person in a book, movie, or play, or a written symbol like a letter.","[""She is a woman of strong character who always stands up for what is right."", ""My favorite character in the movie was the wise old wizard.""]","When referring to someone's personality or moral nature, 'character' is uncountable (e.g., 'a man of character'). When referring to a person in a story or a written symbol, it is countable (e.g., 'fictional characters', 'Chinese characters').","[""strong character"", ""main character"", ""fictional character"", ""judge of character"", ""Chinese character""]"
characteristic,/ˌkærəktəˈrɪstɪk/,intermediate,"[""Everyday Conversation"", ""Academic""]","A quality or feature that belongs typically to a person, group, or thing and helps to identify them.","[""Generosity is one of her most notable characteristics."", ""The distinctive smell is characteristic of this type of flower.""]","Can be used as a noun (a characteristic) or as an adjective (characteristic of someone/something). When used as an adjective, it is almost always followed by the preposition 'of'.","[""defining characteristic"", ""key characteristic"", ""national characteristic"", ""characteristic of""]"
charge,/tʃɑːrdʒ/,beginner,"[""Business"", ""Technology"", ""Everyday Conversation""]",To ask for a specific amount of money as a price for a service or goods; or to fill a device with electricity.,"[""The hotel does not charge for Wi-Fi."", ""I need to charge my phone before we leave.""]","Can be used as both a verb and a noun. When talking about money, the pattern is 'to charge someone for something'.","[""free of charge"", ""charge a fee"", ""charge a battery"", ""in charge of"", ""take charge""]"
charity,/ˈtʃærəti/,intermediate,"[""News & Media"", ""Everyday Conversation"", ""Arts & Culture""]","An organization set up to provide help and raise money for those in need, or the act of giving money, food, or help to people who need it.","[""She donated a large portion of her savings to a local children's charity."", ""The school organized a bake sale to raise money for charity.""]","The word 'charity' can be countable when referring to an organization (e.g., 'registered charities') and uncountable when referring to the concept of giving help (e.g., 'acts of charity').","[""raise money for charity"", ""charity event"", ""donate to charity"", ""charitable organization"", ""local charity""]"
chart,/tʃɑːrt/,beginner,"[""Business"", ""Work"", ""Everyday Conversation"", ""Academic""]","A visual display of information, such as a graph, diagram, or table, used to make data easier to understand.","[""The sales chart shows a steady increase in revenue over the last year."", ""The doctor looked at the patient's medical chart before entering the room.""]",Can be used as a noun (a bar chart) or a verb (to chart your progress).,"[""pie chart"", ""bar chart"", ""flow chart"", ""top the charts"", ""chart progress""]"
chase,/tʃeɪs/,beginner,"[""Sports"", ""Everyday Conversation"", ""Nature""]",To run or follow after someone or something quickly in order to catch them.,"[""The dog loves to chase balls in the park."", ""Police officers chased the suspect down the street.""]","Can be used both as a verb (to chase) and as a noun (a chase). Often used figuratively, such as 'chasing a dream' or 'chasing success'.","[""chase a dream"", ""chase after someone"", ""give chase"", ""wild goose chase""]"
chase away,/tʃeɪs əˈweɪ/,intermediate,"[""Everyday Conversation"", ""Nature""]",To force a person or animal to leave a place by running after them or making threatening movements.,"[""The farmer used a scarecrow to chase away the birds from his crops."", ""The loud barking dog chased away the intruder.""]","This is a phrasal verb. It can be separated by the object (e.g., 'chase the cats away' or 'chase away the cats').","[""chase away birds"", ""chase away intruders"", ""chase away fear"", ""chase away the darkness""]"
chat,/tʃæt/,beginner,"[""Technology"", ""Everyday Conversation""]","To talk with someone in a friendly, informal, and relaxed way.","[""We sat in the kitchen and chatted over a cup of coffee."", ""I had a quick chat with my neighbor this morning.""]","Can be used both as a verb ('to chat') and as a noun ('to have a chat'). In modern contexts, it is also widely used for text-based communication online.","[""have a chat"", ""chat with friends"", ""online chat"", ""quick chat"", ""chat about something""]"
cheap,/tʃiːp/,beginner,"[""Business"", ""Everyday Conversation"", ""Travel""]","Low in price, costing very little money, or of low quality.","[""The tickets were surprisingly cheap, so we decided to buy three of them."", ""I don't like buying cheap shoes because they usually break after a few weeks.""]","Be careful when using 'cheap'. While it often just means 'low-priced', it can also mean 'poor quality' or describe a person who is unwilling to spend money (stingy). To describe something that is a good value without sounding negative, use 'inexpensive' or 'affordable'.","[""cheap price"", ""cheap flight"", ""dirt cheap"", ""cheap thrill"", ""cheap labor""]"
cheaply,/ˈtʃiːpli/,beginner,"[""Business"", ""Everyday Conversation"", ""Travel""]","In a way that does not cost a lot of money, or in a way that is of low quality.","[""The furniture was cheaply made and broke after only a few weeks."", ""They managed to travel around Europe very cheaply by staying in hostels.""]",Can describe both financial cost (positive/neutral) and poor quality (negative). It is the adverb form of 'cheap'.,"[""cheaply made"", ""produced cheaply"", ""buy cheaply"", ""sell cheaply""]"
cheat,/tʃiːt/,beginner,"[""Sports"", ""Everyday Conversation"", ""Academic""]","To act unfairly or dishonestly in order to gain an advantage, such as in a game, an exam, or a relationship.","[""He was caught trying to cheat on the final exam by using his phone."", ""It is unfair to cheat when playing cards with friends.""]","Can be used as a verb ('to cheat') or as a noun to describe a person who dishonest ('a cheat'). When referring to relationships, it is usually followed by 'on' (e.g., 'cheat on someone').","[""cheat on an exam"", ""cheat on a test"", ""cheat on your partner"", ""cheat at cards"", ""cheat code""]"
cheat of,/tʃiːt aʊt ʌv/,intermediate,"[""Business"", ""Work"", ""Everyday Conversation""]","To prevent someone from having or getting something they deserve or own, usually through trickery or dishonesty.","[""The dishonest contractor tried to cheat them out of their savings."", ""Don't let them cheat you out of the recognition you earned.""]",Usually used in the pattern 'cheat someone out of something'. The preposition 'out of' is necessary when specifying what was stolen or denied.,"[""cheat someone out of money"", ""cheat someone out of a prize"", ""cheat someone out of their inheritance"", ""cheat someone out of a chance""]"
check,/tʃek/,beginner,"[""Work"", ""Everyday Conversation"", ""Travel""]","To examine something in order to determine its accuracy, quality, condition, or to find out if it is safe and correct.","[""Please check your work for spelling mistakes before submitting it."", ""I need to check the weather forecast before we go out.""]","Often used with the preposition 'for' (e.g., 'check for errors') or 'on' (e.g., 'check on the baby'). In British English, the paper bill in a restaurant is spelled 'bill', and the banking document is spelled 'cheque'.","[""double check"", ""check the time"", ""check in"", ""check out"", ""run a check""]"
check in,/tʃek ɪn/,beginner,"[""Work"", ""Everyday Conversation"", ""Travel""]","To report one's arrival at a hotel, airport, or event; or to contact someone to let them know you are safe or to see how they are doing.","[""Please remember to check in at the front desk as soon as you arrive at the hotel."", ""I just wanted to check in with you and see how your first day of work went.""]","When used as a verb, it is written as two words ('check in'). The noun form is written as one word or hyphenated ('check-in'). It is often followed by the prepositions 'at' (for places) or 'with' (for people).","[""check in at the hotel"", ""check in online"", ""check in with someone"", ""check-in desk"", ""flight check-in""]"
check into,/tʃɛk ˈɪntu/,beginner,"[""Everyday Conversation"", ""Travel""]","To register your arrival at a hotel, airport, or similar place.","[""We need to check into the hotel before we go sightseeing."", ""You should check into your flight online to save time at the airport.""]",This is a phrasal verb. It is often used interchangeably with 'check in' when referring to hotels or flights.,"[""check into a hotel"", ""check into a flight"", ""check into a room"", ""check into a hospital""]"
check on,/tʃɛk ɑːn/,beginner,"[""Health"", ""Everyday Conversation""]","To look at or visit someone or something to make sure they are safe, healthy, or working properly.","[""I'm going to check on the baby to see if she is still sleeping."", ""Could you check on the roast in the oven while I answer the door?""]","This is a phrasal verb that takes an object directly after 'on' (e.g., 'check on someone/something'). It is commonly used in informal and everyday situations.","[""check on the kids"", ""check on a patient"", ""check on progress"", ""stop by to check on""]"
check out,/ˈtʃek aʊt/,beginner,"[""Everyday Conversation"", ""Travel""]","To look at, examine, or investigate something of interest; or to pay and leave a hotel or store.","[""You should check out that new Italian restaurant downtown; the food is amazing."", ""We need to check out of our hotel room before 11:00 AM.""]","This is a phrasal verb. When used to mean 'examine', it is separable (e.g., 'check it out'). When leaving a hotel, it is usually followed by 'of' (e.g., 'check out of the hotel').","[""check out a book"", ""check out of a hotel"", ""check out a website"", ""go check it out""]"
check over,/tʃɛk ˈoʊvər/,intermediate,"[""Work"", ""Everyday Conversation"", ""Academic""]","To examine or inspect something carefully to make sure it is correct, safe, or in good condition.","[""Please check over your essay for spelling mistakes before submitting it."", ""The mechanic checked over the car to ensure it was safe for the long drive.""]","This is a separable phrasal verb, meaning you can put the object in the middle (e.g., 'check the document over' or 'check over the document').","[""check over a document"", ""check over a report"", ""check over a car"", ""check over the details""]"
check up on,/tʃɛk ʌp ɑːn/,intermediate,"[""Work"", ""Everyday Conversation""]","To investigate or see how someone is doing, or to monitor the status or progress of a situation.","[""My mom called me this morning just to check up on me."", ""I need to drop by the office to check up on the team's progress.""]","This is a phrasal verb that requires an object after 'on' (e.g., 'check up on someone' or 'check up on something'). It often implies care, concern, or supervision.","[""check up on a friend"", ""check up on progress"", ""check up on the kids"", ""check up on a patient""]"
cheek,/tʃiːk/,beginner,"[""Health"", ""Everyday Conversation""]","Either side of the face below the eye and above the jaw, or rude and disrespectful behavior spoken in a lighthearted or bold way.","[""She kissed her daughter gently on the cheek before leaving for work."", ""He had the cheek to ask for more money after doing such a poor job.""]","In British English, 'cheek' is commonly used to mean impudence or mild disrespect (e.g., 'What a cheek!'). As a body part, it is a basic count noun.","[""rosy cheeks"", ""kiss on the cheek"", ""turn the other cheek"", ""cheek to cheek"", ""have the cheek to""]"
cheerful,/ˈtʃɪrfəl/,beginner,"[""Everyday Conversation""]","Noticeably happy and optimistic, or causing a feeling of happiness.","[""She greeted everyone with a cheerful smile every morning."", ""The room was painted in a cheerful bright yellow color.""]","It can describe a person's mood, attitude, or appearance, as well as things that make people feel happy (like music or decor).","[""cheerful smile"", ""cheerful voice"", ""cheerful greeting"", ""cheerful disposition"", ""cheerful mood""]"
cheerfully,/ˈtʃɪrfəli/,intermediate,"[""Everyday Conversation""]","In a way that shows happiness, optimism, or a positive attitude.","[""She smiled cheerfully as she greeted her guests at the door."", ""He cheerfully agreed to help his neighbor with the gardening.""]","Often used to describe the manner in which someone performs an action, especially when they are willing or happy to do it.","[""smile cheerfully"", ""agree cheerfully"", ""wave cheerfully"", ""greet someone cheerfully"", ""accept cheerfully""]"
cheese,/tʃiːz/,beginner,"[""Everyday Conversation"", ""Food & Dining""]","A solid food made from the milk of cows, goats, or sheep, produced in a wide variety of textures and flavors.","[""Would you like some grated cheese on your pasta?"", ""This shop sells dozens of different European cheeses.""]","Usually an uncountable noun when referring to the food substance ('some cheese'), but countable when referring to specific varieties or wheels of cheese ('artisanal cheeses').","[""melted cheese"", ""grated cheese"", ""cream cheese"", ""cheese platter"", ""say cheese""]"
chemical,/ˈkɛmɪkəl/,intermediate,"[""Health"", ""Everyday Conversation"", ""Nature"", ""Academic""]",A distinct substance that is produced by or used in a reaction involving changes to atoms or molecules. It can also describe anything related to chemistry.,"[""The factory was accused of leaking hazardous chemicals into the river."", ""The brain releases natural chemicals that make you feel happy when you exercise.""]","'Chemical' can be used as both a noun (e.g., 'dangerous chemicals') and an adjective (e.g., 'a chemical reaction').","[""toxic chemical"", ""chemical reaction"", ""chemical substance"", ""chemical element""]"
chemist,/ˈkɛmɪst/,intermediate,"[""Health"", ""Work"", ""Everyday Conversation"", ""Academic""]","A scientist who studies or works with chemicals, or in British English, a person who prepares and sells medicines (a pharmacist).","[""The chemist spent years analyzing the new compound in the laboratory."", ""I need to go to the local chemist to pick up my prescription.""]","In British and Australian English, 'chemist' frequently refers to a pharmacy or a pharmacist. In American English, the word almost exclusively refers to the scientist, while 'pharmacist' and 'pharmacy' (or 'drugstore') are used for medicine.","[""research chemist"", ""analytical chemist"", ""go to the chemist"", ""local chemist""]"
chemistry,/ˈkɛmɪstri/,beginner,"[""Everyday Conversation"", ""Academic""]","The scientific study of the properties, composition, and reactions of matter, or the emotional connection and attraction between two people.","[""She decided to major in chemistry because she loved doing lab experiments."", ""The two lead actors had incredible chemistry on screen.""]","When referring to the subject, 'chemistry' is an uncountable noun. It can also be used figuratively to describe interpersonal relationships.","[""organic chemistry"", ""chemistry lab"", ""good chemistry"", ""study chemistry"", ""lacks chemistry""]"
cheque,/tʃɛk/,intermediate,"[""Business"", ""Work"", ""Everyday Conversation""]",A printed piece of paper from a bank that allows you to pay money to another person or business from your bank account.,"[""He wrote a cheque for two hundred dollars to pay the rent."", ""The company sent me a refund cheque in the mail.""]","This is the British English spelling. In American English, it is spelled 'check'.","[""write a cheque"", ""pay by cheque"", ""cash a cheque"", ""blank cheque""]"
chest,/tʃɛst/,beginner,"[""Health"", ""Everyday Conversation""]","The front part of a person's body between the neck and the stomach, or a large, strong wooden box used for storing things.","[""He folded his arms across his chest and waited."", ""They found an old wooden chest filled with gold coins.""]","When referring to the body part, it is a countable noun (e.g., 'a hairy chest', 'chest pain'). It is also commonly used in compound words like 'chest of drawers'.","[""chest pain"", ""chest of drawers"", ""treasure chest"", ""bare chest"", ""chest infection""]"
chew,/tʃuː/,beginner,"[""Health"", ""Everyday Conversation"", ""Food & Dining""]",To bite food with your teeth repeatedly to make it soft enough to swallow.,"[""Make sure to chew your food thoroughly before swallowing."", ""The dog loves to chew on its rubber toy.""]",Usually used as a verb. The phrasal verb 'chew up' means to damage something by biting it repeatedly.,"[""chew food"", ""chew gum"", ""chew thoroughly"", ""chew on something""]"
chicken,/ˈtʃɪk.ən/,beginner,"[""Everyday Conversation"", ""Food & Dining"", ""Nature""]","A common farm bird raised for its eggs and meat, or the meat from this bird used as food. It can also informally mean someone who is easily scared.","[""We had roasted chicken and vegetables for dinner."", ""The farmer feeds the chickens early every morning.""]","'Chicken' is uncountable when referring to the meat (e.g., 'I ate chicken') and countable when referring to the bird (e.g., 'There are three chickens'). Calling someone a 'chicken' is informal and slightly insulting.","[""fried chicken"", ""roast chicken"", ""chicken breast"", ""chicken soup"", ""too chicken to""]"
chief,/tʃiːf/,intermediate,"[""Business"", ""Work"", ""Everyday Conversation"", ""Academic""]","Most important, main, or having the highest rank in an organization or group.","[""The chief reason for his success is his hard work."", ""She was recently appointed as the chief of the police department.""]","Can function as an adjective (the chief cause) or a noun (the tribal chief). In a professional context, it often appears as a title suffix, such as 'Editor-in-Chief'.","[""chief executive"", ""chief concern"", ""chief reason"", ""chief goal"", ""chief editor""]"
child,/tʃaɪld/,beginner,"[""Health"", ""Everyday Conversation""]","A young human being who is not yet an adult, or a son or daughter of any age.","[""The child was playing happily with her toys in the garden."", ""As an only child, he spent a lot of time reading books.""]",The plural form is irregular: 'children'. It is often used to refer to someone's offspring regardless of how old they are.,"[""only child"", ""young child"", ""raise a child"", ""child care"", ""school-age child""]"
chin,/tʃɪn/,beginner,"[""Health"", ""Everyday Conversation""]",The protruding part of the face below the mouth and above the neck.,"[""He rubbed his chin thoughtfully while considering the question."", ""She rested her chin on her hand and stared out the window.""]","Often used in the idiom 'keep your chin up,' which means to remain positive during a difficult time.","[""double chin"", ""cleft chin"", ""rub one's chin"", ""keep your chin up"", ""pointy chin""]"
chip,/tʃɪp/,beginner,"[""Food & Dining"", ""Technology"", ""Everyday Conversation""]","A small piece of something that has broken off, a thin slice of food, or a tiny electronic component used in computers.","[""She noticed a small chip in the edge of her favorite coffee mug."", ""The new smartphone features a much faster processing chip.""]","In British English, 'chips' usually refers to thick-cut fried potatoes (French fries), while in American English, they are thin, crispy snacks.","[""computer chip"", ""potato chip"", ""chocolate chip"", ""chip away at"", ""blue-chip company""]"
chocolate,/ˈtʃɑːklət/,beginner,"[""Food & Dining"", ""Everyday Conversation""]","A sweet, brown food made from roasted and ground cacao seeds, often sold as a bar or used as a flavor in desserts and drinks.","[""I bought a bar of dark chocolate at the store."", ""Would you like some hot chocolate with marshmallows?""]",It is used as an uncountable noun when referring to the substance and as a countable noun when referring to individual candies or types.,"[""dark chocolate"", ""milk chocolate"", ""chocolate bar"", ""hot chocolate"", ""chocolate cake""]"
choice,/tʃɔɪs/,beginner,"[""Business"", ""Everyday Conversation""]","The act of picking or deciding between two or more possibilities, or the range of things you can pick from.","[""You have a choice between tea and coffee."", ""She made the right choice by staying in school.""]",Commonly used with the verb 'make' (make a choice) rather than 'do'. It can also be used as an adjective meaning 'of very high quality'.,"[""make a choice"", ""have no choice"", ""wide choice"", ""difficult choice"", ""by choice""]"
choose,/tʃuːz/,beginner,"[""Work"", ""Everyday Conversation""]",To select something or someone from a group of different options.,"[""You can choose any dessert from the menu."", ""It was difficult to choose between the two job offers.""]","This is an irregular verb: choose (present), chose (past), and chosen (past participle). It is often followed by 'to' and a verb, as in 'I choose to stay'.","[""choose wisely"", ""choose between"", ""carefully choose"", ""choose a career"", ""have to choose""]"
chop,/tʃɑːp/,beginner,"[""Food & Dining"", ""Everyday Conversation""]","To cut something, such as food or wood, into smaller pieces using a sharp tool like a knife or an axe.","[""Please chop the onions into small pieces for the soup."", ""He spent the afternoon chopping wood for the fireplace.""]",The phrasal verb 'chop up' is frequently used when referring to cutting something into many small bits.,"[""chop wood"", ""chop vegetables"", ""chop finely"", ""chop down a tree"", ""pork chop""]"
chop down,/tʃɑːp daʊn/,intermediate,"[""Nature"", ""Everyday Conversation""]",To cut through the trunk of a tree or a large plant using a tool like an axe so that it falls to the ground.,"[""The lumberjack managed to chop down the massive oak tree in less than an hour."", ""They had to chop down several old trees to make room for the new highway.""]",This is a separable phrasal verb. You can say 'chop down the tree' or 'chop the tree down'.,"[""chop down a tree"", ""chop down a forest"", ""chop down a pine"", ""chop down a cherry tree""]"
chop off,/tʃɑːp ɔːf/,intermediate,"[""Food & Dining"", ""Nature"", ""Everyday Conversation""]",To remove something by cutting it quickly and forcefully with a sharp tool like a knife or an axe.,"[""The chef had to chop off the ends of the carrots before cooking them."", ""He used a saw to chop off the dead branches from the tree.""]","This is a separable phrasal verb, meaning you can say 'chop off the branch' or 'chop the branch off'. It often implies a single, forceful motion.","[""chop off a branch"", ""chop off the ends"", ""chop off a piece"", ""chop off a finger""]"
church,/tʃɜːrtʃ/,beginner,"[""Arts & Culture"", ""Everyday Conversation""]","A building where Christians go to pray and worship, or the religious organization that meets there.","[""We usually go to church on Sunday mornings."", ""The wedding was held in a beautiful old stone church.""]","When referring to the activity or service, we often say 'go to church' without an article (a/the).","[""go to church"", ""church service"", ""local church"", ""Catholic church"", ""church bells""]"
cigarette,/ˌsɪɡəˈret/,beginner,"[""Health"", ""Everyday Conversation""]",A thin cylinder of finely cut tobacco rolled in paper for smoking.,"[""He lit a cigarette and stood by the window."", ""She is trying to quit smoking cigarettes for her health.""]",Often shortened to 'cig' or 'cigarette' in casual speech. The verb used with it is typically 'to smoke' or 'to light'.,"[""smoke a cigarette"", ""light a cigarette"", ""pack of cigarettes"", ""electronic cigarette"", ""cigarette butt""]"
cinema,/ˈsɪnəmə/,beginner,"[""Arts & Culture"", ""Everyday Conversation""]","A building where movies are shown on a large screen, or the film industry in general.","[""We decided to go to the cinema to see the latest blockbuster."", ""She has a great passion for 1950s Italian cinema.""]","In American English, 'movie theater' or 'the movies' is more commonly used than 'cinema'.","[""go to the cinema"", ""cinema ticket"", ""independent cinema"", ""world cinema"", ""local cinema""]"
circle,/ˈsɜːrkəl/,beginner,"[""Everyday Conversation"", ""Academic""]",A perfectly round shape where every point on the outside edge is the same distance from the center.,"[""The children sat in a circle on the floor to listen to the story."", ""Please draw a circle around the correct answer on your test.""]",It can be used as a noun for the shape or as a verb meaning to move around something in a circular path.,"[""inner circle"", ""vicious circle"", ""draw a circle"", ""social circle"", ""full circle""]"
circumstance,/ˈsɜrkəmˌstæns/,intermediate,"[""News & Media"", ""Everyday Conversation"", ""Academic""]","A fact or condition that affects a situation, event, or person's life.","[""The meeting was cancelled due to unforeseen circumstances."", ""We cannot judge his actions without knowing the full circumstances of the event.""]",It is frequently used in the plural form 'circumstances' when referring to someone's general life situation or the details of an incident.,"[""under the circumstances"", ""unforeseen circumstances"", ""extenuating circumstances"", ""due to circumstances beyond our control""]"
citizen,/ˈsɪtɪzən/,intermediate,"[""News & Media"", ""Everyday Conversation""]",A person who is a legal member of a particular country and has rights and protections because of it.,"[""She became a US citizen after living in the country for five years."", ""The government has a duty to protect its citizens.""]","Often used in legal or political contexts, but can also refer to a resident of a specific city or town.","[""senior citizen"", ""dual citizen"", ""law-abiding citizen"", ""global citizen"", ""private citizen""]"
city,/ˈsɪti/,beginner,"[""Everyday Conversation"", ""Travel""]",A large and important town where many people live and work.,"[""New York is a very busy city."", ""I prefer living in a small city rather than a big one.""]",Often used with 'the' when referring to a specific urban area or the downtown area.,"[""city center"", ""capital city"", ""big city"", ""city life"", ""inner city""]"
civil,/ˈsɪv.əl/,intermediate,"[""News & Media"", ""Everyday Conversation"", ""Academic""]","Relating to ordinary citizens and their concerns, rather than military or religious matters; it can also mean polite and courteous in a formal way.","[""The two political rivals managed to keep their debate civil and focused on the issues."", ""After years of military rule, the country finally returned to civil government.""]","When 'civil' means polite, it often implies being barely polite enough to avoid an argument, rather than being genuinely warm or friendly.","[""civil rights"", ""civil war"", ""civil servant"", ""civil society"", ""keep it civil""]"
claim,/kleɪm/,intermediate,"[""Business"", ""Everyday Conversation"", ""Academic""]","To state that something is true, typically without providing proof; or to assert ownership or a right to something.","[""He claims that he saw a UFO, but nobody believes him."", ""You can claim a refund if the product is damaged.""]","Often followed by a 'that' clause (e.g., 'she claimed that...') or an infinitive verb (e.g., 'he claims to be an expert').","[""make a claim"", ""claim responsibility"", ""insurance claim"", ""baggage claim"", ""falsely claim""]"
clap,/klæp/,beginner,"[""Arts & Culture"", ""Everyday Conversation""]","To strike the palms of your hands together repeatedly, usually to show approval, appreciation, or to get someone's attention.","[""The audience began to clap loudly after the final song."", ""He clapped his hands to get the children's attention in the noisy room.""]","It can be used as a verb or a noun. When used for thunder, it refers to a single, sudden loud noise.","[""clap your hands"", ""clap loudly"", ""a clap of thunder"", ""give someone a clap""]"
class,/klæs/,beginner,"[""Everyday Conversation"", ""Academic""]","A group of students who are taught together, or a period of time during which students are taught.","[""I have an English class at nine o'clock in the morning."", ""She missed the biology class yesterday because she was sick.""]","The word 'class' can refer to the group of people (e.g., 'The class was quiet') or the lesson itself (e.g., 'Class starts in five minutes'). In British English, it can also refer to social status.","[""take a class"", ""attend class"", ""skip class"", ""first class"", ""working class""]"
classic,/ˈklæsɪk/,intermediate,"[""Arts & Culture"", ""Everyday Conversation""]","Having a high, lasting quality that remains popular, fashionable, or respected for a long time; also used to describe a typical or perfect example of something.","[""She wore a classic black dress that will never go out of style."", ""That was a classic mistake of leaving your keys inside the car.""]","Do not confuse 'classic' with 'classical'. 'Classic' refers to high quality, timelessness, or a typical example, while 'classical' usually refers to traditional culture, history, or music (e.g., classical music, classical antiquity).","[""classic example"", ""classic design"", ""classic style"", ""a classic movie"", ""classic car""]"
classroom,/ˈklæsruːm/,beginner,"[""Everyday Conversation"", ""Academic""]","A room in a school, college, or university where classes are taught.","[""The teacher asked the students to quiet down as she entered the classroom."", ""Our new classroom is equipped with a modern interactive whiteboard.""]","Can be used as a noun adjunct (a noun acting as an adjective) to describe things related to school environments, such as 'classroom activities' or 'classroom management'.","[""classroom discussion"", ""classroom environment"", ""in the classroom"", ""classroom teacher"", ""virtual classroom""]"
clean,/klin/,beginner,"[""Health"", ""Everyday Conversation""]","Free from dirt, marks, or stains; to remove dirt or unwanted substances from something.","[""Please make sure your hands are clean before you eat dinner."", ""I need to clean my room because it is very messy.""]",Can be used as an adjective ('clean hands') or a verb ('to clean the house'). It is often paired with particles to form phrasal verbs like 'clean up'.,"[""clean water"", ""clean energy"", ""keep it clean"", ""clean up"", ""squeaky clean""]"
clean up,/kliːn ʌp/,beginner,"[""Nature"", ""Everyday Conversation""]","To make a place or person neat and tidy by removing dirt, trash, or unwanted items.","[""We need to clean up the kitchen after cooking dinner."", ""The city organized a community event to clean up the local park.""]","This is a separable phrasal verb, meaning you can say 'clean the room up' or 'clean up the room.' If using a pronoun, it must go in the middle: 'clean it up.'","[""clean up the mess"", ""clean up after yourself"", ""clean up the room"", ""clean up the environment"", ""clean up your act""]"
clear,/klɪr/,beginner,"[""Nature"", ""Everyday Conversation"", ""Academic""]","Easy to see, hear, or understand; free from darkness, confusion, or obstacles.","[""The instructions were very clear, so I finished the task quickly."", ""It was a beautiful, clear day with no clouds in the sky.""]","Can be used as an adjective, a verb (e.g., 'to clear the table'), or an adverb (e.g., 'loud and clear'). A common mistake is confusing 'clear' with 'clean'; 'clear' means transparent or easy to understand, while 'clean' means free from dirt.","[""clear understanding"", ""crystal clear"", ""clear sky"", ""make it clear"", ""clear evidence""]"
clearly,/ˈklɪrli/,beginner,"[""Everyday Conversation"", ""Academic""]","In a way that is easy to see, hear, or understand, or used to show that something is obvious.","[""The teacher explained the rules clearly so that everyone understood."", ""Clearly, we need to find a better way to solve this problem.""]",It can be used as an adverb of manner (to describe how something is done) or as a sentence adverb to indicate that the speaker thinks a fact is obvious.,"[""see clearly"", ""think clearly"", ""state clearly"", ""clearly visible"", ""clearly defined""]"
clerk,/klɜːrk/,beginner,"[""Business"", ""Work"", ""Everyday Conversation""]","A person whose job is to keep records, handle paperwork, or assist customers in a store or office.","[""The store clerk helped me find the right size shoes."", ""She works as a filing clerk for a law firm downtown.""]","In US English, it is pronounced /klɜːrk/. In British English, it is often pronounced /klɑːk/. It can be used as a noun or as a verb meaning to work as a clerk.","[""sales clerk"", ""bank clerk"", ""court clerk"", ""desk clerk"", ""file clerk""]"
clever,/ˈklɛvər/,beginner,"[""Everyday Conversation"", ""Academic""]","Quick to understand, learn, and devise ideas; intelligent and creative in solving problems.","[""She came up with a clever solution to the difficult math problem."", ""The dog is very clever and can perform several tricks.""]","While 'clever' is generally positive, it can sometimes carry a negative connotation of being sneaky, cunning, or superficial rather than deeply wise.","[""clever idea"", ""clever solution"", ""clever device"", ""clever remark"", ""clever trick""]"
click,/klɪk/,beginner,"[""Technology"", ""Everyday Conversation""]","To press a button on a computer mouse or a similar device to perform an action, or to make a short, sharp sound.","[""Click the link at the bottom of the page to download the file."", ""I heard a click when the key turned in the lock.""]",Commonly used with the preposition 'on' when referring to digital interfaces. It can also be used figuratively to mean that two people get along well immediately.,"[""click a button"", ""double-click"", ""click on a link"", ""click into place"", ""right-click""]"
client,/ˈklaɪənt/,intermediate,"[""Business"", ""Work"", ""Everyday Conversation""]",A person or organization that uses the professional services or advice of another person or company.,"[""The lawyer met with her client to discuss the details of the case."", ""Our company is always looking for new ways to improve client satisfaction.""]","While 'customer' is used for someone who buys goods or simple services (like in a supermarket), 'client' implies a ongoing professional relationship involving advice or customized services (like with lawyers, accountants, or designers).","[""prospective client"", ""corporate client"", ""attract clients"", ""client relationship"", ""serve a client""]"
climate,/ˈklaɪmət/,intermediate,"[""News & Media"", ""Nature"", ""Everyday Conversation"", ""Academic""]","The general weather conditions of a particular region over a long period of time, or the general opinion and feeling of a situation.","[""The Mediterranean climate is known for warm, dry summers and mild, wet winters."", ""The current economic climate makes it difficult for small businesses to survive.""]","Can refer to literal weather patterns (natural climate) or metaphorically to a social, political, or economic atmosphere.","[""climate change"", ""political climate"", ""economic climate"", ""warm climate"", ""harsh climate""]"
climb,/klaɪm/,beginner,"[""Sports"", ""Nature"", ""Everyday Conversation""]","To go up something towards the top, often using your hands and feet.","[""We decided to climb the mountain early in the morning."", ""The cat managed to climb up the tall oak tree.""]",The letter 'b' at the end of 'climb' is silent. It can be used as both a verb and a noun.,"[""climb a mountain"", ""climb the stairs"", ""climb up"", ""steep climb""]"
climbing,/ˈklaɪmɪŋ/,beginner,"[""Sports"", ""Nature"", ""Everyday Conversation"", ""Travel""]","The sport or activity of scaling rocks, mountains, or artificial walls using hands and feet.","[""We went climbing in the national park over the weekend."", ""Indoor climbing has become a very popular way to stay fit.""]","The 'b' in 'climbing' is silent. It can function as a noun (gerund) or as an adjective (e.g., 'climbing gear').","[""rock climbing"", ""mountain climbing"", ""climbing gear"", ""climbing wall"", ""go climbing""]"
clock,/klɑːk/,beginner,"[""Technology"", ""Everyday Conversation""]","A device used for measuring and showing the time, typically found on a wall or a table.","[""The clock on the wall says it is almost noon."", ""I need to set my alarm clock for 7:00 AM.""]","A 'clock' is usually stationary (on a wall or desk), while a 'watch' is worn on the wrist.","[""alarm clock"", ""wall clock"", ""set the clock"", ""around the clock"", ""digital clock""]"
close 1,/kloʊs/,beginner,"[""Everyday Conversation""]","Located a short distance away in space or time; or having a strong, affectionate relationship with someone.","[""My best friend lives very close to my house."", ""We have been close friends since elementary school.""]","Note the pronunciation difference: the adjective 'close' ends in an /s/ sound, while the verb 'close' (to shut) ends in a /z/ sound.","[""close friend"", ""close relative"", ""close proximity"", ""pay close attention"", ""a close call""]"
close 2,/ˈkloʊs tuː/,beginner,"[""Everyday Conversation"", ""Travel""]","Near in distance, time, amount, or relationship.","[""Our new apartment is very close to the train station."", ""She is very close to her older sister and talks to her every day.""]","When 'close' means 'near', it is pronounced with an /s/ sound at the end, not a /z/ sound. It is followed by the preposition 'to'.","[""close to home"", ""close to tears"", ""close to the edge"", ""close to perfection""]"
closed,/kloʊzd/,beginner,"[""Business"", ""Everyday Conversation"", ""Travel""]","Not open; blocked to prevent entry, or not operating and open to the public at the current time.","[""The museum is closed on Mondays for maintenance."", ""Please keep the door closed so the cold air doesn't escape.""]","Do not confuse 'closed' (the adjective/past participle) with 'close' (the verb or the adjective meaning near). For example, say 'The shop is closed,' not 'The shop is close.'","[""closed door"", ""closed for the holidays"", ""remain closed"", ""closed to the public""]"
closely,/ˈkloʊsli/,beginner,"[""News & Media"", ""Work"", ""Everyday Conversation""]","In a careful, thorough manner, or in a way that is very near in distance, time, or relationship.","[""The police are watching the situation very closely."", ""The two events are closely linked to each other.""]","Often follows verbs like watch, monitor, follow, listen, or resemble. Do not confuse with the adjective 'close'.","[""watch closely"", ""work closely with"", ""closely related"", ""closely linked"", ""follow closely""]"
closet,/ˈklɑːzɪt/,beginner,"[""Everyday Conversation""]","A small room or cupboard used for storing things, especially clothes.","[""She hung her new winter coat in the bedroom closet."", ""The hallway closet is full of old board games and blankets.""]","In American English, 'closet' is the standard word for a built-in wardrobe. In British English, 'wardrobe' or 'cupboard' is more commonly used, while 'closet' often refers to a small, private room or is used in the idiomatic phrase 'in the closet' (meaning keeping a secret, especially about one's sexuality).","[""walk-in closet"", ""closet space"", ""hallway closet"", ""clean out a closet"", ""skeleton in the closet""]"
cloth,/klɔθ/,beginner,"[""Arts & Culture"", ""Everyday Conversation""]","A material made by weaving or knitting fibers together, such as cotton, wool, or silk, used for making clothes or covering surfaces.","[""She used a soft cloth to wipe the dust off the wooden table."", ""The tailor selected a high-quality wool cloth for the new suit.""]","Do not confuse 'cloth' (the material) with 'clothes' (the items you wear). 'Cloth' is often uncountable when referring to the material in general, but countable when referring to a specific piece used for a task.","[""a piece of cloth"", ""damp cloth"", ""cotton cloth"", ""table cloth"", ""soft cloth""]"
clothes,/kloʊðz/,beginner,"[""Everyday Conversation"", ""Shopping""]","Items worn on the body, such as shirts, pants, dresses, and coats, to protect or cover it.","[""She bought some new clothes for her upcoming job interview."", ""I need to wash my dirty clothes this weekend.""]","The word 'clothes' is always plural and has no singular form (you cannot say 'a clothe'). To refer to a single item, use 'a piece of clothing' or 'an item of clothing'. The 'th' sound is often silent in casual speech, making it sound exactly like 'close'.","[""wear clothes"", ""change clothes"", ""casual clothes"", ""designer clothes"", ""a change of clothes""]"
clothing,/ˈkloʊðɪŋ/,beginner,"[""Everyday Conversation"", ""Travel""]","Items such as shirts, pants, and dresses that people wear to cover their bodies.","[""You should pack warm clothing if you are traveling to Canada in winter."", ""The store sells high-quality outdoor clothing and gear.""]","'Clothing' is an uncountable (mass) noun, so it does not have a plural form like 'clothings'. To count individual items, use phrases like 'an item of clothing' or 'a piece of clothing'.","[""warm clothing"", ""protective clothing"", ""an item of clothing"", ""casual clothing"", ""clothing store""]"
cloud,/klaʊd/,beginner,"[""Technology"", ""Nature"", ""Everyday Conversation""]","A white or gray mass of tiny water drops floating in the sky, or a remote digital network used to store and access data over the internet.","[""Dark clouds gathered in the sky right before it started to rain."", ""I backed up all my photos to the cloud so I wouldn't lose them.""]","Can be used as a noun or a verb (e.g., 'to cloud someone's judgment'). In technology, it is usually preceded by 'the' (e.g., 'stored in the cloud').","[""dark cloud"", ""cloud cover"", ""cloud storage"", ""in the cloud"", ""cloud computing""]"
club,/klʌb/,beginner,"[""Sports"", ""Arts & Culture"", ""Everyday Conversation""]","An organization for people who share a common interest, or a place where people meet to socialize, dance, and listen to music.","[""I decided to join the local photography club to meet new people."", ""The group went to a dance club downtown to celebrate her birthday.""]",The word can also refer to a heavy stick used as a weapon or a specific tool used in sports like golf.,"[""join a club"", ""night club"", ""golf club"", ""book club"", ""health club""]"
coal,/koʊl/,beginner,"[""News & Media"", ""Nature"", ""Everyday Conversation"", ""Academic""]","A hard, black or dark brown rock found underground that can be burned as a fuel to produce heat or electricity.","[""The power plant burns coal to generate electricity for the city."", ""Miners extracted thousands of tons of coal from the underground mine."", ""In the winter, they used to burn coal in the fireplace to keep the house warm.""]","It is an uncountable noun when referring to the material as fuel (e.g., 'a supply of coal'). The plural form 'coals' refers to individual glowing pieces of burning coal.","[""coal mine"", ""burn coal"", ""coal power"", ""lump of coal"", ""coal industry""]"
coast,/koʊst/,beginner,"[""Nature"", ""Everyday Conversation"", ""Travel""]",The land next to or near the ocean or sea.,"[""We drove along the Pacific coast and stopped to take pictures of the ocean."", ""Many people like to visit the coast during the warm summer months.""]","As a verb, 'coast' means to move without using power (e.g., riding a bike downhill) or to make progress with little effort.","[""along the coast"", ""east coast"", ""west coast"", ""coastal area"", ""rocky coast""]"
coat,/koʊt/,beginner,"[""Everyday Conversation"", ""Travel""]","A piece of clothing worn over other clothes to keep warm or dry, usually having long sleeves and opening down the front.","[""Don't forget to put on your warm coat before going outside in the snow."", ""She hung her winter coat on the rack by the door.""]","'Coat' usually refers to heavier outerwear (like a winter coat or raincoat), while 'jacket' refers to a shorter or lighter layer.","[""heavy coat"", ""winter coat"", ""rain coat"", ""put on a coat"", ""take off a coat""]"
code,/koʊd/,beginner,"[""Technology"", ""Work"", ""Everyday Conversation""]","A system of words, letters, figures, or symbols used to represent others, especially for secrecy, or the instructions written for a computer program.","[""She learned how to write computer code in high school."", ""You need to enter a four-digit security code to open the door.""]","When referring to computer programming instructions, 'code' is an uncountable noun (e.g., 'lines of code', not 'many codes').","[""source code"", ""area code"", ""dress code"", ""write code"", ""zip code""]"
coffee,/ˈkɔːfi/,beginner,"[""Food & Dining"", ""Everyday Conversation""]",A popular hot brown drink made from the roasted and ground seeds (coffee beans) of a tropical plant.,"[""I always start my morning with a hot cup of coffee."", ""Would you like some coffee or tea with your dessert?""]","It can be used as an uncountable noun for the liquid (e.g., 'I drink coffee') or as a countable noun when ordering a cup (e.g., 'Two coffees, please').","[""make coffee"", ""cup of coffee"", ""black coffee"", ""coffee shop"", ""strong coffee""]"
coin,/kɔɪn/,beginner,"[""Business"", ""Everyday Conversation""]","A small, flat, round piece of metal used as money, or to invent a new word or phrase.","[""She dropped a few coins into the vending machine."", ""The scientist managed to coin a new phrase to describe the phenomenon.""]","As a verb, 'coin' usually means to create a new word or expression (e.g., 'to coin a phrase'). As a noun, it refers to physical metal currency.","[""flip a coin"", ""gold coin"", ""coin a phrase"", ""rare coins""]"
cold,/koʊld/,beginner,"[""Nature"", ""Health"", ""Everyday Conversation""]","Having a low temperature, or feeling a lack of warmth.","[""It is very cold outside, so make sure to wear a heavy jacket."", ""I poured myself a glass of cold water after running.""]",Can be used as an adjective (cold weather) or a noun (to catch a cold).,"[""cold weather"", ""cold water"", ""freezing cold"", ""catch a cold"", ""cold hands""]"
coldly,/ˈkoʊldli/,intermediate,"[""Arts & Culture"", ""Everyday Conversation""]","In a way that lacks warmth, emotion, or friendliness.","[""She stared at him coldly and refused to answer his question."", ""'I don't care what you do,' he said coldly.""]","Usually describes how someone speaks, looks, or acts towards another person when they are showing disapproval or indifference.","[""stare coldly"", ""reply coldly"", ""speak coldly"", ""coldly calculate"", ""coldly reject""]"
collapse,/kəˈlæps/,intermediate,"[""News & Media"", ""Business"", ""Health"", ""Everyday Conversation""]","To fall down or fall apart suddenly, or to fail completely in structure, health, or an economic system.","[""The old roof collapsed under the weight of the heavy snow."", ""He was so exhausted after running the marathon that he almost collapsed.""]","Can be used as both a verb and a noun. Often used with the preposition 'into' (e.g., 'collapse into a chair').","[""total collapse"", ""economic collapse"", ""collapse under pressure"", ""near collapse""]"
colleague,/ˈkɑːliːɡ/,intermediate,"[""Business"", ""Work"", ""Everyday Conversation""]","A person that you work with, especially in a professional setting or skilled job.","[""I discussed the new project proposal with my colleagues at work."", ""She has a great relationship with her former colleagues from the law firm.""]","Mainly used in professional contexts. For informal workplaces, people often use 'coworker' instead.","[""close colleague"", ""former colleague"", ""trusted colleague"", ""workplace colleague""]"
collect,/kəˈlɛkt/,beginner,"[""Work"", ""Everyday Conversation"", ""Academic""]","To bring things together from different places, or to gather items of a specific type as a hobby.","[""She likes to collect rare stamps from all over the world."", ""Please collect your belongings before leaving the train.""]","It is often followed by 'from' when picking up something or someone (e.g., 'collect the children from school'). In informal US English, 'pick up' is often used instead.","[""collect data"", ""collect evidence"", ""collect thoughts"", ""collect stamps"", ""collect taxes""]"
collection,/kəˈlɛkʃən/,beginner,"[""Arts & Culture"", ""Everyday Conversation""]","A group of objects or things that have been gathered together, often because they are similar or interesting.","[""She has an impressive collection of rare stamps from around the world."", ""The museum is displaying a new collection of modern artwork this month.""]","Often used with the preposition 'of' followed by a plural noun (e.g., 'a collection of books').","[""art collection"", ""private collection"", ""a vast collection"", ""build a collection"", ""data collection""]"
college,/ˈkɑːlɪdʒ/,beginner,"[""Everyday Conversation"", ""Academic""]","An educational institution that provides higher education and awards academic degrees, or a division within a university.","[""She plans to go to college after she graduates from high school."", ""He studied business administration at a local community college.""]","In American English, 'going to college' generally refers to attending university-level education. In British English, 'college' often refers to a place for higher school-level education (ages 16-18) or a specific constituent part of a university.","[""attend college"", ""go to college"", ""college student"", ""college degree"", ""college campus""]"
colour,/ˈkʌl.ɚ/,beginner,"[""Arts & Culture"", ""Everyday Conversation""]","The visual quality of an object that you see when light reflects off it, such as red, blue, green, or yellow.","[""What is your favorite color?"", ""The leaves change color in the autumn.""]","'Color' is the standard spelling in American English, while 'colour' is used in British and other international varieties of English.","[""bright color"", ""vibrant color"", ""change color"", ""primary color"", ""favorite color""]"
coloured,/ˈkʌl.ɚ/,beginner,"[""Arts & Culture"", ""Everyday Conversation""]","The visual property of things that results from the light they reflect, transmit, or emit, such as red, blue, green, or yellow.","[""What is your favorite color?"", ""The leaves change color in the autumn.""]","'Coloured' is the British/Commonwealth past tense or adjective form of 'colour'. In US English, it is spelled 'color'. Note that using 'colored' to refer to people is considered offensive in modern English.","[""bright color"", ""vibrant color"", ""change color"", ""add color"", ""primary color""]"
column,/ˈkɑːləm/,beginner,"[""Technology"", ""Work"", ""Everyday Conversation"", ""Academic""]","A tall vertical structure used as a building support or decoration, or a vertical section of text or numbers on a page or spreadsheet.","[""The spreadsheet has one column for expenses and another for income."", ""Ancient Greek temples are famous for their large stone columns.""]","In spreadsheets, columns run vertically (up and down) while rows run horizontally (left to right).","[""newspaper column"", ""spreadsheet column"", ""column of numbers"", ""stone column"", ""opinion column""]"
combination,/ˌkɑːmbɪˈneɪʃn/,intermediate,"[""Food & Dining"", ""Everyday Conversation"", ""Academic""]","A joining or merging of different things, qualities, or people to form a single unit.","[""The dish is a delicious combination of sweet and spicy flavors."", ""We decided to use a combination of online and offline marketing strategies.""]","Often followed by the preposition 'of' (e.g., 'a combination of X and Y'). Also refers to the series of numbers or letters used to open a lock.","[""winning combination"", ""in combination with"", ""perfect combination"", ""color combination"", ""lock combination""]"
combine,/kəmˈbaɪn/,beginner,"[""Work"", ""Everyday Conversation"", ""Academic""]",To join or bring two or more things together to form a single unit or whole.,"[""If you combine blue and yellow paint, you get green."", ""The new project combines technology with traditional art.""]","Often followed by the preposition 'with' (e.g., 'combine A with B'). It can be used as a transitive or intransitive verb.","[""combine efforts"", ""combine forces"", ""combine ingredients"", ""combine A with B""]"
come,/kʌm/,beginner,"[""Everyday Conversation"", ""Travel""]","To move toward or arrive at a particular place, person, or position.","[""Are you going to come to the party tonight?"", ""She came home early because she wasn't feeling well.""]","It is an irregular verb (come, came, come). Do not confuse it with 'go', which means to move away from the speaker.","[""come back"", ""come in"", ""come true"", ""come along"", ""come from""]"
come across,/kʌm əˈkrɔs/,intermediate,"[""Work"", ""Everyday Conversation""]","To find or meet someone or something by chance, or to give a particular impression to others.","[""I came across an old photo of my grandmother while cleaning the attic."", ""He comes across as very confident during job interviews.""]","When meaning 'to find by chance', it is a non-separable phrasal verb (e.g., 'I came across it', not 'I came it across'). When meaning 'to give an impression', it is often followed by 'as' + adjective or noun.","[""come across as"", ""come across information"", ""come across a problem"", ""come across well""]"
come from,/kʌm frʌm/,beginner,"[""Everyday Conversation"", ""Travel""]","To have your origin or birthplace in a particular place, or to be produced or obtained from a specific source.","[""Where do you come from?"", ""This beautiful silk comes from Italy.""]",Often used to ask about someone's nationality or hometown. It is a phrasal verb that is not separable.,"[""come from a family"", ""come from behind"", ""come from nowhere"", ""come from far away"", ""come from experience""]"
come off,/kʌm ˈɔf/,intermediate,"[""Everyday Conversation""]","To succeed or happen as planned, or to give a particular impression to others.","[""I was worried about the event, but it actually came off really well."", ""He can come off as a bit rude, but he is actually very friendly.""]","This phrasal verb is informal. When used to describe a person's behavior or impression, it is often followed by 'as' (e.g., 'come off as confident').","[""come off well"", ""come off badly"", ""come off as confident"", ""come off as rude"", ""come off without a hitch""]"
come on,/kʌm ɑːn/,beginner,"[""Everyday Conversation""]","An informal phrasal verb used to encourage someone to do something, to tell someone to hurry up, or to express disbelief.","[""Come on, we're going to be late for the movie!"", ""Oh, come on, that can't be true!""]","Highly informal. It is often used as an exclamation. Depending on the tone of voice, it can express encouragement, impatience, or skepticism.","[""come on, let's go"", ""oh, come on"", ""come on in"", ""come on, hurry up""]"
come out,/kʌm aʊt/,beginner,"[""Arts & Culture"", ""Everyday Conversation""]","To be published or released, to become available to the public, or to become known.","[""Her new book is going to come out next month."", ""The truth finally came out after a long investigation.""]","This phrasal verb is intransitive, meaning it does not take a direct object. In different contexts, it can also mean to step outside a place or to openly state one's sexual orientation.","[""come out in theaters"", ""come out on DVD"", ""come out well"", ""the sun comes out"", ""truth comes out""]"
come round,/kʌm raʊnd/,intermediate,"[""Health"", ""Everyday Conversation""]","To regain consciousness, or to change your opinion and agree with something you previously opposed.","[""He fainted from the heat, but he came round after a few minutes."", ""Do not worry, she will eventually come round to our way of thinking.""]",More common in British English ('come round') than American English ('come around'). It can also mean to visit someone's home casually.,"[""come round to an idea"", ""come round to the idea"", ""eventually come round"", ""come round for a visit""]"
come to,/kʌm tuː/,intermediate,"[""Health"", ""Everyday Conversation""]","To regain consciousness after being unconscious, fainted, or asleep, or to reach a particular state, amount, or total.","[""She fainted from the heat, but she came to after a few minutes."", ""When we added up the bill, the total came to fifty dollars.""]","When meaning 'to regain consciousness', it is an intransitive phrasal verb and does not take an object. When meaning 'to total a sum', it is followed by a number or amount.","[""come to senses"", ""come to a total of"", ""come to life"", ""finally come to""]"
come up,/kʌm ʌp/,intermediate,"[""Work"", ""Everyday Conversation""]","To be mentioned or discussed in a conversation, or to happen unexpectedly.","[""The topic of budget cuts came up during the staff meeting."", ""I'm sorry I'm late, something urgent came up at work.""]","This is a phrasal verb. When it means 'to happen' or 'to be mentioned', it is intransitive and does not take a direct object.","[""something comes up"", ""come up in conversation"", ""come up for discussion"", ""issues come up""]"
come up to,/kʌm ʌp tuː/,intermediate,"[""Work"", ""Everyday Conversation""]","To move closer to someone or something, or to reach a particular point, level, or standard.","[""A stranger came up to me on the street and asked for directions."", ""Her performance didn't quite come up to our expectations.""]","When meaning 'to approach a person', it is often followed by a object (e.g., 'come up to me'). When meaning 'to meet a standard', it is commonly used in the phrase 'come up to expectations' or 'come up to scratch'.","[""come up to someone"", ""come up to expectations"", ""come up to standard"", ""come up to scratch"", ""come up to (a certain level)""]"
comedy,/ˈkɑːmədi/,beginner,"[""News & Media"", ""Arts & Culture"", ""Everyday Conversation""]","Professional entertainment consisting of jokes and satirical sketches, intended to make an audience laugh. It can also refer to a movie, play, or show with a humorous tone.","[""We decided to watch a romantic comedy at the theater last night."", ""He is a famous stand-up comedian who has been doing comedy for over ten years.""]","'Comedy' is an uncountable noun when referring to the genre, but can be countable (a comedy) when referring to a specific humorous play, movie, or show.","[""romantic comedy"", ""stand-up comedy"", ""dark comedy"", ""comedy show"", ""sketch comedy""]"
comfort,,intermediate,"[""Everyday Conversation""]",A state of physical ease and freedom from pain or constraint,"[""He felt a sense of comfort.""]",,"[""sense of comfort, comfort food""]"
comfortable,,intermediate,"[""Everyday Conversation""]",Providing physical ease and relaxation,"[""She sat in a comfortable chair.""]",,"[""comfortable chair, comfortable life""]"
comfortably,,intermediate,"[""Everyday Conversation""]",In a comfortable manner,"[""He was comfortably seated.""]",,"[""comfortably sit, comfortably sleep""]"
command,,intermediate,"[""Everyday Conversation""]",Give an authoritative order,"[""The officer commanded the troops.""]",,"[""command attention, command the troops""]"
comment,,intermediate,"[""Everyday Conversation""]",A verbal or written remark expressing an opinion or reaction,"[""She made a comment about the film.""]",,"[""make a comment, comment on""]"
commercial,,intermediate,"[""Everyday Conversation""]",Making or intended to make a profit,"[""They made a commercial decision.""]",,"[""commercial success, commercial break""]"
commission,,intermediate,"[""Everyday Conversation""]","An instruction, command, or duty given to a person or group of people","[""He received a commission to paint a portrait.""]",,"[""commission work, art commission""]"
commit,,intermediate,"[""Everyday Conversation""]","Carry out or perpetrate (a mistake, crime, or immoral act)","[""He committed a crime.""]",,"[""commit a mistake, commit to memory""]"
commitment,,intermediate,"[""Everyday Conversation""]","The state or quality of being dedicated to a cause, activity, etc.","[""Her commitment to the cause is admirable.""]",,"[""strong commitment, personal commitment""]"
committee,,intermediate,"[""Everyday Conversation""]",A group of people appointed for a specific function by a larger group and typically consisting of members of that group,"[""The committee meets once a month.""]",,"[""advisory committee, planning committee""]"
common,,intermediate,"[""Everyday Conversation""]","Occurring, found, or done often; prevalent","[""It's common to see deer in this area.""]",,"[""common practice, common sense""]"
commonly,,intermediate,"[""Everyday Conversation""]",Very often; frequently,"[""This plant is commonly found in gardens.""]",,"[""commonly used, commonly known""]"
communicate,,intermediate,"[""Everyday Conversation""]","Share or exchange information, news, or ideas","[""They communicate regularly via email.""]",,"[""communicate clearly, communicate effectively""]"
communication,,intermediate,"[""Everyday Conversation""]",The imparting or exchanging of information or news,"[""Effective communication is key to success.""]",,"[""effective communication, communication skills""]"
community,,intermediate,"[""Everyday Conversation""]",A group of people living in the same place or having a particular characteristic in common,"[""The community came together to clean the park.""]",,"[""community service, community center""]"
company,,intermediate,"[""Everyday Conversation""]",A commercial business,"[""She works for a large company.""]",,"[""international company, successful company""]"
compare,,intermediate,"[""Everyday Conversation""]","Estimate, measure, or note the similarity or dissimilarity between","[""The report compares the results of the two studies.""]",,"[""compare prices, compare notes""]"
comparison,,intermediate,"[""Everyday Conversation""]",The act or instance of comparing,"[""A comparison of the two books shows several similarities.""]",,"[""make a comparison, comparison between""]"
compete,,intermediate,"[""Everyday Conversation""]",Strive to gain or win something by defeating or establishing superiority over others,"[""They compete against each other in sports.""]",,"[""compete in a race, compete with others""]"
competition,,intermediate,"[""Everyday Conversation""]",The activity or condition of striving to gain or win something by defeating or establishing superiority over others,"[""The competition was fierce.""]",,"[""enter a competition, tough competition""]"
competitive,,intermediate,"[""Everyday Conversation""]",As good as or better than others of a comparable nature,"[""She has a competitive spirit.""]",,"[""competitive market, competitive advantage""]"
complain,,intermediate,"[""Everyday Conversation""]",Express dissatisfaction or annoyance about something,"[""He complained about the noise.""]",,"[""complain about the service, complain loudly""]"
complaint,,intermediate,"[""Everyday Conversation""]",A statement that something is unsatisfactory or unacceptable,"[""They filed a complaint with the manager.""]",,"[""file a complaint, customer complaint""]"
complete,,intermediate,"[""Everyday Conversation""]",Having all the necessary or appropriate parts,"[""She completed the puzzle.""]",,"[""complete the task, complete the form""]"
completely,,intermediate,"[""Everyday Conversation""]",Totally; utterly,"[""The room was completely silent.""]",,"[""completely agree, completely different""]"
complex,,intermediate,"[""Everyday Conversation""]",Consisting of many different and connected parts,"[""The problem is complex.""]",,"[""complex system, complex issue""]"
complicate,,intermediate,"[""Everyday Conversation""]",Make (something) more difficult or confusing by causing it to be more complex,"[""The new rules complicate matters.""]",,"[""complicate matters, complicate the situation""]"
complicated,,intermediate,"[""Everyday Conversation""]",Consisting of many interconnecting parts or elements; intricate,"[""The instructions were complicated.""]",,"[""complicated issue, complicated process""]"
computer,,intermediate,"[""Everyday Conversation""]","An electronic device for storing and processing data, typically in binary form, according to instructions given to it in a variable program","[""She uses a computer for work.""]",,"[""desktop computer, computer program""]"
concentrate,,intermediate,"[""Everyday Conversation""]",Focus all one's attention on a particular object or activity,"[""She needs to concentrate on her studies.""]",,"[""concentrate hard, concentrate fully""]"
concentrate on,,intermediate,"[""Everyday Conversation""]",Focus all one's attention or mental effort on a particular object or activity,"[""He is concentrating on the project.""]",,"[""concentrate on work, concentrate on studies""]"
concentration,,intermediate,"[""Everyday Conversation""]",The action or power of focusing one's attention or mental effort,"[""This task requires full concentration.""]",,"[""high concentration, lose concentration""]"
concept,,intermediate,"[""Everyday Conversation""]",An abstract idea; a general notion,"[""The concept of freedom is central to the story.""]",,"[""basic concept, concept of""]"
concern,,intermediate,"[""Everyday Conversation""]",Relate to; be about,"[""This matter concerns us all.""]",,"[""express concern, cause concern""]"
concerned,,intermediate,"[""Everyday Conversation""]","Worried, troubled, or anxious","[""She is concerned about his health.""]",,"[""deeply concerned, concerned about""]"
concerning,,intermediate,"[""Everyday Conversation""]",On the subject of or in connection with; about,"[""They had a discussion concerning the new policy.""]",,"[""concerning the issue, concerning the matter""]"
concert,,intermediate,"[""Everyday Conversation""]","A musical performance given in public, typically by several performers or of several separate compositions","[""They went to a rock concert.""]",,"[""live concert, concert hall""]"
conclude,,intermediate,"[""Everyday Conversation""]",Bring (something) to an end,"[""They concluded the meeting.""]",,"[""conclude a deal, conclude a meeting""]"
conclusion,,intermediate,"[""Everyday Conversation""]",The end or finish of an event or process,"[""The conclusion of the trial was unexpected.""]",,"[""draw a conclusion, final conclusion""]"
concrete,,intermediate,"[""Everyday Conversation""]",Existing in a material or physical form; not abstract,"[""They used concrete to build the foundation.""]",,"[""concrete evidence, concrete plan""]"
condition,,intermediate,"[""Everyday Conversation""]","The state of something with regard to its appearance, quality, or working order","[""The car is in good condition.""]",,"[""working condition, poor condition""]"
conduct,,intermediate,"[""Everyday Conversation""]",Organize and carry out,"[""They conduct business in an ethical manner.""]",,"[""conduct research, conduct an interview""]"
conference,,intermediate,"[""Everyday Conversation""]",A formal meeting for discussion,"[""She attended a conference on climate change.""]",,"[""international conference, press conference""]"
confidence,,intermediate,"[""Everyday Conversation""]",The feeling or belief that one can rely on someone or something; firm trust,"[""He has confidence in his abilities.""]",,"[""gain confidence, lose confidence""]"
confident,,intermediate,"[""Everyday Conversation""]",Feeling or showing confidence in oneself; self-assured,"[""She is confident in her decision.""]",,"[""confident smile, confident attitude""]"
confine,,intermediate,"[""Everyday Conversation""]","Keep or restrict someone or something within certain limits of (space, scope, quantity, or time)","[""They confined the dog to the backyard.""]",,"[""confine to a place, confine within limits""]"
confined,,intermediate,"[""Everyday Conversation""]",Restricted in area or volume; cramped,"[""The patients are confined to their rooms.""]",,"[""confined space, confined area""]"
confirm,,intermediate,"[""Everyday Conversation""]","Establish the truth or correctness of (something previously believed, suspected, or feared to be the case)","[""Can you confirm your attendance?""]",,"[""confirm a reservation, confirm details""]"
conflict,,intermediate,"[""Everyday Conversation""]","A serious disagreement or argument, typically a protracted one","[""The conflict between the two countries has escalated.""]",,"[""armed conflict, conflict resolution""]"
confront,,intermediate,"[""Everyday Conversation""]",Face up to and deal with (a problem or difficult situation),"[""She had to confront her fears.""]",,"[""confront a challenge, confront directly""]"
confuse,,intermediate,"[""Everyday Conversation""]",Cause (someone) to become bewildered or perplexed,"[""The instructions confused me.""]",,"[""confuse the issue, confuse easily""]"
confused,,intermediate,"[""Everyday Conversation""]",Unable to think clearly; bewildered,"[""He looked confused when I asked him the question.""]",,"[""look confused, seem confused""]"
confusing,,intermediate,"[""Everyday Conversation""]",Bewildering or perplexing,"[""The directions were confusing.""]",,"[""confusing instructions, confusing message""]"
confusion,,intermediate,"[""Everyday Conversation""]",Lack of understanding; uncertainty,"[""There was confusion about the meeting time.""]",,"[""create confusion, total confusion""]"
congratulate,,intermediate,"[""Everyday Conversation""]",Give (someone) one's good wishes when something special or pleasant has happened to them,"[""I congratulate you on your success.""]",,"[""congratulate warmly, congratulate sincerely""]"
congratulation,,intermediate,"[""Everyday Conversation""]",An expression of praise for an achievement or good wishes on a special occasion,"[""Congratulations on your new job.""]",,"[""offer congratulations, congratulations card""]"
congress,,intermediate,"[""Everyday Conversation""]",A formal meeting or assembly of representatives for discussion and action on particular matters,"[""The congress will meet next week.""]",,"[""attend congress, annual congress""]"
connect,,intermediate,"[""Everyday Conversation""]",Bring together or into contact so that a real or notional link is established,"[""She connected the wires.""]",,"[""connect to the internet, connect cables""]"
connected,,intermediate,"[""Everyday Conversation""]",Brought together or into contact so that a link is established,"[""The devices are connected.""]",,"[""closely connected, directly connected""]"
connection,,intermediate,"[""Everyday Conversation""]",A relationship in which a person or thing is linked or associated with something else,"[""There is a strong connection between diet and health.""]",,"[""strong connection, internet connection""]"
conscious,,intermediate,"[""Everyday Conversation""]",Aware of and responding to one's surroundings,"[""He was conscious during the procedure.""]",,"[""fully conscious, conscious effort""]"
consequence,,intermediate,"[""Everyday Conversation""]",A result or effect of an action or condition,"[""Her decision had serious consequences.""]",,"[""serious consequence, direct consequence""]"
conservative,,intermediate,"[""Everyday Conversation""]",Holding to traditional attitudes and values and cautious about change or innovation,"[""He has conservative views.""]",,"[""conservative values, conservative approach""]"
consider,,intermediate,"[""Everyday Conversation""]","Think carefully about (something), typically before making a decision","[""He is considering changing jobs.""]",,"[""consider carefully, consider options""]"
considerable,,intermediate,"[""Everyday Conversation""]","Notably large in size, amount, or extent","[""He made a considerable amount of money.""]",,"[""considerable effort, considerable time""]"
considerably,,intermediate,"[""Everyday Conversation""]",By a notably large amount or to a notably large extent; greatly,"[""The project was considerably delayed.""]",,"[""considerably different, considerably better""]"
consideration,,intermediate,"[""Everyday Conversation""]","Careful thought, typically over a period of time","[""She gave the proposal careful consideration.""]",,"[""take into consideration, careful consideration""]"
consist,,intermediate,"[""Everyday Conversation""]",Be composed or made up of,"[""The committee consists of ten members.""]",,"[""consist mainly of, consist entirely of""]"
consist of,,intermediate,"[""Everyday Conversation""]",Be composed or made up of,"[""The meal consists of three courses.""]",,"[""consist of parts, consist of elements""]"
constant,,intermediate,"[""Everyday Conversation""]",Occurring continuously over a period of time,"[""The constant noise was annoying.""]",,"[""constant pressure, constant change""]"
constantly,,intermediate,"[""Everyday Conversation""]",Continuously over a period of time; always,"[""She is constantly late.""]",,"[""constantly changing, constantly moving""]"
construct,,intermediate,"[""Everyday Conversation""]","Build or erect (something, typically a building, road, or machine)","[""They are constructing a new building.""]",,"[""construct a building, construct a theory""]"
construction,,intermediate,"[""Everyday Conversation""]","The action of building something, typically a large structure","[""The construction of the bridge took two years.""]",,"[""construction site, construction work""]"
consult,,intermediate,"[""Everyday Conversation""]",Seek information or advice from (someone with expertise in a particular area),"[""She consulted a lawyer.""]",,"[""consult a doctor, consult with""]"
consumer,,intermediate,"[""Everyday Conversation""]",A person who purchases goods and services for personal use,"[""Consumers are demanding more organic products.""]",,"[""consumer behavior, consumer demand""]"
contact,,intermediate,"[""Everyday Conversation""]",The state or condition of physical touching,"[""They had close contact during the negotiation.""]",,"[""close contact, maintain contact""]"
contain,,intermediate,"[""Everyday Conversation""]",Have or hold (someone or something) within,"[""The box contains old photos.""]",,"[""contain information, contain an item""]"
container,,intermediate,"[""Everyday Conversation""]",An object that can be used to hold or transport something,"[""She put the cookies in a container.""]",,"[""storage container, shipping container""]"
contemporary,,intermediate,"[""Everyday Conversation""]",Living or occurring at the same time,"[""Contemporary artists often explore different media.""]",,"[""contemporary art, contemporary music""]"
content,,intermediate,"[""Everyday Conversation""]",In a state of peaceful happiness,"[""She was content with her life.""]",,"[""feel content, content smile""]"
contest,,intermediate,"[""Everyday Conversation""]","An event in which people compete for supremacy in a sport, activity, or particular quality","[""The contest was fierce and competitive.""]",,"[""enter a contest, win a contest""]"
context,,intermediate,"[""Everyday Conversation""]","The circumstances that form the setting for an event, statement, or idea, and in terms of which it can be fully understood and assessed","[""You need to consider the context to understand the meaning.""]",,"[""context of the situation, historical context""]"
continent,,intermediate,"[""Everyday Conversation""]","Any of the world's main continuous expanses of land (Europe, Asia, Africa, North and South America, Australia, Antarctica)","[""Africa is a continent.""]",,"[""Asian continent, European continent""]"
continue,,intermediate,"[""Everyday Conversation""]",Persist in an activity or process,"[""They continued their journey.""]",,"[""continue to work, continue with""]"
continuous,,intermediate,"[""Everyday Conversation""]",Forming an unbroken whole; without interruption,"[""The continuous noise was annoying.""]",,"[""continuous improvement, continuous flow""]"
continuously,,intermediate,"[""Everyday Conversation""]",Without interruption or gaps,"[""He worked continuously without a break.""]",,"[""continuously work, continuously move""]"
contract,,intermediate,"[""Everyday Conversation""]","A written or spoken agreement, especially one concerning employment, sales, or tenancy, that is intended to be enforceable by law","[""They signed a new contract.""]",,"[""sign a contract, breach a contract""]"
contrast,,intermediate,"[""Everyday Conversation""]",The state of being strikingly different from something else in juxtaposition or close association,"[""There is a stark contrast between the two styles.""]",,"[""sharp contrast, in contrast""]"
contrasting,,intermediate,"[""Everyday Conversation""]",Differing strikingly,"[""The artist used contrasting colors.""]",,"[""contrasting colors, contrasting views""]"
contribute,,intermediate,"[""Everyday Conversation""]","Give (something, especially money) in order to help achieve or provide something","[""He contributed to the charity fund.""]",,"[""contribute financially, contribute ideas""]"
contribution,,intermediate,"[""Everyday Conversation""]",A gift or payment to a common fund or collection,"[""She made a significant contribution to the project.""]",,"[""financial contribution, make a contribution""]"
control,,intermediate,"[""Everyday Conversation""]",The power to influence or direct people's behavior or the course of events,"[""The company has control over the market.""]",,"[""gain control, lose control""]"
controlled,,intermediate,"[""Everyday Conversation""]",Determined by someone in authority to be such,"[""The experiment was controlled by scientists.""]",,"[""controlled environment, controlled conditions""]"
convenient,,intermediate,"[""Everyday Conversation""]","Fitting in well with a person's needs, activities, and plans","[""The location is convenient for shopping.""]",,"[""convenient time, convenient location""]"
convention,,intermediate,"[""Everyday Conversation""]","A way in which something is usually done, especially within a particular area or activity","[""It is a long-standing convention.""]",,"[""social convention, political convention""]"
conventional,,intermediate,"[""Everyday Conversation""]",Based on or in accordance with what is generally done or believed,"[""He has conventional views.""]",,"[""conventional method, conventional wisdom""]"
conversation,,intermediate,"[""Everyday Conversation""]","A talk, especially an informal one, between two or more people, in which news and ideas are exchanged","[""They had a long conversation over dinner.""]",,"[""deep conversation, casual conversation""]"
convert,,intermediate,"[""Everyday Conversation""]","Change the form, character, or function of something","[""They converted the garage into a living space.""]",,"[""convert to, convert into""]"
convince,,intermediate,"[""Everyday Conversation""]",Cause (someone) to believe firmly in the truth of something,"[""She convinced him to go on the trip.""]",,"[""convince someone, convince completely""]"
cook,,intermediate,"[""Everyday Conversation""]","Prepare (food, a dish, or a meal) by combining and heating the ingredients","[""He cooked dinner for the family.""]",,"[""cook a meal, cook dinner""]"
cooker,,intermediate,"[""Everyday Conversation""]",A person employed to prepare food in a restaurant,"[""The cooker prepared a delicious meal.""]",,"[""professional cooker, master cooker""]"
cookie,,intermediate,"[""Everyday Conversation""]","A small flat, sweet cake","[""She baked a batch of cookies.""]",,"[""chocolate chip cookie, cookie jar""]"
cooking,,intermediate,"[""Everyday Conversation""]","The practice or skill of preparing food by combining, mixing, and heating ingredients","[""He enjoys cooking for his friends.""]",,"[""home cooking, enjoy cooking""]"
cool,,intermediate,"[""Everyday Conversation""]",Of or at a fairly low temperature,"[""The weather is cool today.""]",,"[""cool breeze, cool weather""]"
cool down,,intermediate,"[""Everyday Conversation""]",Become less hot,"[""The soup needs to cool down before serving.""]",,"[""cool down quickly, cool down completely""]"
cope,,intermediate,"[""Everyday Conversation""]",Deal effectively with something difficult,"[""She coped well with the pressure.""]",,"[""cope with stress, cope with problems""]"
copy,,intermediate,"[""Everyday Conversation""]",A thing made to be similar or identical to another,"[""He made a copy of the document.""]",,"[""make a copy, exact copy""]"
core,,intermediate,"[""Everyday Conversation""]",The central or most important part of something,"[""The core of the problem is lack of communication.""]",,"[""core values, core issue""]"
corner,,intermediate,"[""Everyday Conversation""]",A place or angle where two or more sides or edges meet,"[""She sat in the corner of the room.""]",,"[""corner of the room, street corner""]"
correct,,intermediate,"[""Everyday Conversation""]",Free from error; in accordance with fact or truth,"[""He gave the correct answer.""]",,"[""correct answer, correct spelling""]"
correctly,,intermediate,"[""Everyday Conversation""]",In a way that is free from error or in accordance with fact or truth,"[""She spelled the word correctly.""]",,"[""correctly spelled, correctly answered""]"
cost,,intermediate,"[""Everyday Conversation""]",An amount that has to be paid or spent to buy or obtain something,"[""The cost of living is rising.""]",,"[""high cost, low cost""]"
cottage,,intermediate,"[""Everyday Conversation""]","A small simple house, typically one near a lake or beach","[""They rented a cottage by the lake.""]",,"[""country cottage, small cottage""]"
cotton,,intermediate,"[""Everyday Conversation""]",A soft white fibrous substance that surrounds the seeds of the cotton plant and is used as textile fiber and thread for sewing,"[""She wore a cotton dress.""]",,"[""cotton fabric, cotton field""]"
cough,,intermediate,"[""Everyday Conversation""]",Expel air from the lungs with a sudden sharp sound,"[""He has a bad cough.""]",,"[""bad cough, persistent cough""]"
could,,intermediate,"[""Everyday Conversation""]","Past form of can, used to indicate possibility","[""She said she could help.""]",,"[""could be, could have""]"
council,,intermediate,"[""Everyday Conversation""]","An advisory, deliberative, or legislative body of people formally constituted and meeting regularly","[""The city council meets every month.""]",,"[""city council, council member""]"
count,,intermediate,"[""Everyday Conversation""]",Determine the total number of (a collection of items),"[""He counted the money.""]",,"[""count the votes, count the cost""]"
count on,,intermediate,"[""Everyday Conversation""]",Rely on,"[""You can count on me.""]",,"[""count on support, count on assistance""]"
counter,,intermediate,"[""Everyday Conversation""]",A long flat-topped fixture in a store or bank across which business is conducted with customers,"[""She leaned on the counter.""]",,"[""store counter, kitchen counter""]"
country,,intermediate,"[""Everyday Conversation""]","A nation with its own government, occupying a particular territory","[""France is a beautiful country.""]",,"[""foreign country, home country""]"
countryside,,intermediate,"[""Everyday Conversation""]",The land and scenery of a rural area,"[""They live in the countryside.""]",,"[""beautiful countryside, peaceful countryside""]"
county,,intermediate,"[""Everyday Conversation""]","A territorial division of some countries, forming the chief unit of local administration","[""The county has a population of 500,000.""]",,"[""county fair, county council""]"
couple,,intermediate,"[""Everyday Conversation""]",Two individuals of the same sort considered together,"[""A young couple moved in next door.""]",,"[""married couple, happy couple""]"
courage,,intermediate,"[""Everyday Conversation""]",The ability to do something that frightens one; bravery,"[""She showed great courage during the crisis.""]",,"[""show courage, great courage""]"
course,,intermediate,"[""Everyday Conversation""]","The route or direction followed by a ship, aircraft, road, or river","[""The ship changed course.""]",,"[""course of action, golf course""]"
court,,intermediate,"[""Everyday Conversation""]","A tribunal presided over by a judge, judges, or a magistrate in civil and criminal cases","[""The court found him guilty.""]",,"[""high court, court case""]"
cousin,,intermediate,"[""Everyday Conversation""]",A child of one's uncle or aunt,"[""She visited her cousin last summer.""]",,"[""first cousin, second cousin""]"
cover,,intermediate,"[""Everyday Conversation""]",Put something such as a cloth or lid on top of or in front of (something) in order to protect or conceal it,"[""He covered the pot with a lid.""]",,"[""cover the table, cover with a cloth""]"
cover up,,intermediate,"[""Everyday Conversation""]",Conceal something illicit or damaging,"[""They tried to cover up the scandal.""]",,"[""cover up a mistake, cover up tracks""]"
covered,,intermediate,"[""Everyday Conversation""]",Having a covering,"[""The car was covered in snow.""]",,"[""covered bridge, covered with snow""]"
covering,,intermediate,"[""Everyday Conversation""]",The action or fact of covering something,"[""The covering on the book was torn.""]",,"[""plastic covering, book covering""]"
cow,,intermediate,"[""Everyday Conversation""]","A fully grown female animal of a domesticated breed of ox, kept to produce milk or beef","[""The cow grazed in the field.""]",,"[""dairy cow, cow milk""]"
crack,,intermediate,"[""Everyday Conversation""]",A line on the surface of something along which it has split without breaking apart,"[""There was a crack in the vase.""]",,"[""hairline crack, crack in the wall""]"
cracked,,intermediate,"[""Everyday Conversation""]",Damaged and showing lines on the surface from having split without coming apart,"[""The mirror was cracked.""]",,"[""cracked mirror, cracked window""]"
craft,,intermediate,"[""Everyday Conversation""]",An activity involving skill in making things by hand,"[""She enjoys various crafts like knitting and pottery.""]",,"[""craft fair, craft skills""]"
crash,,intermediate,"[""Everyday Conversation""]","A violent collision, typically of one vehicle with another or an object","[""The car crashed into a tree.""]",,"[""car crash, plane crash""]"
crazy,,intermediate,"[""Everyday Conversation""]","Mentally deranged, especially as manifested in a wild or aggressive way","[""He went crazy after losing his job.""]",,"[""go crazy, drive someone crazy""]"
cream,,intermediate,"[""Everyday Conversation""]",The thick white or pale yellow fatty liquid which rises to the top when milk is left to stand and which can be skimmed off and used in cooking,"[""She added cream to her coffee.""]",,"[""whipped cream, heavy cream""]"
create,,intermediate,"[""Everyday Conversation""]",Bring (something) into existence,"[""The artist created a beautiful painting.""]",,"[""create art, create opportunities""]"
creature,,intermediate,"[""Everyday Conversation""]","An animal, as distinct from a human being","[""A strange creature was seen in the forest.""]",,"[""mythical creature, sea creature""]"
credit,,intermediate,"[""Everyday Conversation""]","The ability of a customer to obtain goods or services before payment, based on the trust that payment will be made in the future","[""She has good credit and can easily get loans.""]",,"[""good credit, credit score""]"
credit card,,intermediate,"[""Everyday Conversation""]","A small plastic card issued by a bank, business, etc., allowing the holder to purchase goods or services on credit","[""He paid for the dinner with his credit card.""]",,"[""use a credit card, apply for a credit card""]"
crime,,intermediate,"[""Everyday Conversation""]",An action or omission that constitutes an offense that may be prosecuted by the state and is punishable by law,"[""The city has a low crime rate.""]",,"[""commit a crime, crime rate""]"
criminal,,intermediate,"[""Everyday Conversation""]",A person who has committed a crime,"[""The criminal was arrested by the police.""]",,"[""hardened criminal, career criminal""]"
crisis,,intermediate,"[""Everyday Conversation""]","A time of intense difficulty, trouble, or danger","[""The company is facing a financial crisis.""]",,"[""economic crisis, health crisis""]"
crisp,,intermediate,"[""Everyday Conversation""]","Firm, dry, and brittle, especially in a way considered pleasing or attractive","[""The apple was crisp and delicious.""]",,"[""crisp apple, crisp air""]"
criterion,,intermediate,"[""Everyday Conversation""]",A principle or standard by which something may be judged or decided,"[""The main criterion for admission is academic performance.""]",,"[""meet the criterion, main criterion""]"
critical,,intermediate,"[""Everyday Conversation""]",Expressing adverse or disapproving comments or judgments,"[""He was critical of the new policy.""]",,"[""critical view, critical issue""]"
criticism,,intermediate,"[""Everyday Conversation""]",The expression of disapproval of someone or something based on perceived faults or mistakes,"[""She received a lot of criticism for her book.""]",,"[""constructive criticism, harsh criticism""]"
criticize,,intermediate,"[""Everyday Conversation""]",Indicate the faults of (someone or something) in a disapproving way,"[""They criticized the government's handling of the crisis.""]",,"[""criticize openly, criticize harshly""]"
crop,,intermediate,"[""Everyday Conversation""]","A cultivated plant that is grown as food, especially a grain, fruit, or vegetable","[""The farmer grows various crops.""]",,"[""cash crop, food crop""]"
cross,,intermediate,"[""Everyday Conversation""]","Go or extend across or to the other side of (a path, road, stretch of water, or area)","[""They crossed the street.""]",,"[""cross the bridge, cross the road""]"
cross out,,intermediate,"[""Everyday Conversation""]",Draw a line through (something written) so as to make it no longer readable,"[""He crossed out the incorrect information.""]",,"[""cross out a word, cross out a mistake""]"
crowd,,intermediate,"[""Everyday Conversation""]",A large number of people gathered together in a disorganized or unruly way,"[""The crowd gathered in the square.""]",,"[""large crowd, control the crowd""]"
crowded,,intermediate,"[""Everyday Conversation""]",Having a large number of people in a small area,"[""The bus was very crowded.""]",,"[""crowded room, crowded street""]"
crown,,intermediate,"[""Everyday Conversation""]","A circular ornamental headdress worn by a monarch as a symbol of authority, usually made of or decorated with precious metals and jewels","[""The king wore a golden crown.""]",,"[""golden crown, royal crown""]"
crucial,,intermediate,"[""Everyday Conversation""]","Decisive or critical, especially in the success or failure of something","[""This is a crucial moment in our history.""]",,"[""crucial decision, crucial factor""]"
cruel,,intermediate,"[""Everyday Conversation""]","Wilfully causing pain or suffering to others, or feeling no concern about it","[""He was cruel to the animals.""]",,"[""cruel treatment, cruel person""]"
crush,,intermediate,"[""Everyday Conversation""]","Deform, pulverize, or force inwards by compressing forcefully","[""She crushed the can with her foot.""]",,"[""crush a can, crush a bug""]"
cry,,intermediate,"[""Everyday Conversation""]","Shed tears, typically as an expression of distress, pain, or sorrow","[""The baby started to cry.""]",,"[""cry loudly, cry softly""]"
cry out,,intermediate,"[""Everyday Conversation""]","Shout or scream, especially to express strong emotion or pain","[""She cried out in pain.""]",,"[""cry out for help, cry out in pain""]"
cultural,,intermediate,"[""Everyday Conversation""]","Relating to the ideas, customs, and social behavior of a society","[""There are many cultural differences between the two countries.""]",,"[""cultural heritage, cultural event""]"
culture,,intermediate,"[""Everyday Conversation""]",The arts and other manifestations of human intellectual achievement regarded collectively,"[""The museum has an extensive collection of art and culture.""]",,"[""rich culture, popular culture""]"
cup,,intermediate,"[""Everyday Conversation""]","A small bowl-shaped container for drinking from, typically having a handle","[""She drank a cup of tea.""]",,"[""cup of tea, coffee cup""]"
cupboard,,intermediate,"[""Everyday Conversation""]","A cabinet or small recess with a door and typically shelves, used for storage","[""The plates are in the cupboard.""]",,"[""kitchen cupboard, storage cupboard""]"
cure,,intermediate,"[""Everyday Conversation""]",Relieve (a person or animal) of the symptoms of a disease or condition,"[""The doctor was able to cure the disease.""]",,"[""cure a disease, cure an illness""]"
curious,,intermediate,"[""Everyday Conversation""]",Eager to know or learn something,"[""She was curious about the new neighbors.""]",,"[""curious mind, curious nature""]"
curiously,,intermediate,"[""Everyday Conversation""]",In a manner showing eager interest or wanting to know,"[""He looked at the object curiously.""]",,"[""curiously observe, curiously examine""]"
curl,,intermediate,"[""Everyday Conversation""]",Form or cause to form into a curved or spiral shape,"[""She curled her hair for the party.""]",,"[""curl hair, curl ribbon""]"
curl up,,intermediate,"[""Everyday Conversation""]",Sit or lie with the knees drawn up,"[""He curled up on the sofa.""]",,"[""curl up in bed, curl up on the couch""]"
curly,,intermediate,"[""Everyday Conversation""]","Having a twisted, ring, or spiral shape","[""She has curly hair.""]",,"[""curly hair, curly fries""]"
current,,intermediate,"[""Everyday Conversation""]",Belonging to the present time; happening or being used or done now,"[""The current situation is difficult.""]",,"[""current events, current year""]"
currently,,intermediate,"[""Everyday Conversation""]",At the present time,"[""He is currently working on a new project.""]",,"[""currently available, currently studying""]"
curtain,,intermediate,"[""Everyday Conversation""]","A piece of material suspended at the top to form a screen, typically movable sideways along a rail and found as one of a pair at a window","[""She opened the curtains to let in some light.""]",,"[""draw the curtain, stage curtain""]"
curve,,intermediate,"[""Everyday Conversation""]",A line or outline which gradually deviates from being straight for some or all of its length,"[""The road curves around the hill.""]",,"[""gentle curve, sharp curve""]"
curved,,intermediate,"[""Everyday Conversation""]",Having a round or smoothly bending shape,"[""The path was curved.""]",,"[""curved road, curved line""]"
custom,,intermediate,"[""Everyday Conversation""]","A traditional and widely accepted way of behaving or doing something that is specific to a particular society, place, or time","[""It is a custom to shake hands when meeting someone.""]",,"[""local custom, traditional custom""]"
customer,,intermediate,"[""Everyday Conversation""]",A person who buys goods or services from a shop or business,"[""The store values each customer.""]",,"[""regular customer, loyal customer""]"
customs,,intermediate,"[""Everyday Conversation""]",The official department that administers and collects the duties levied by a government on imported goods,"[""The customs office is at the airport.""]",,"[""customs officer, customs duty""]"
cut,,intermediate,"[""Everyday Conversation""]","Make an opening, incision, or wound in (something) with a sharp-edged tool or object","[""He cut the rope with a knife.""]",,"[""cut paper, cut hair""]"
cut back,,intermediate,"[""Everyday Conversation""]",Reduce the amount or quantity of,"[""They need to cut back on spending.""]",,"[""cut back on expenses, cut back on work""]"
cut down,,intermediate,"[""Everyday Conversation""]",Cause to fall by cutting,"[""They cut down the old tree.""]",,"[""cut down a tree, cut down expenses""]"
cut off,,intermediate,"[""Everyday Conversation""]",Remove something by or as if by cutting,"[""The water supply was cut off.""]",,"[""cut off the flow, cut off communication""]"
cut out,,intermediate,"[""Everyday Conversation""]","Remove, exclude, or stop doing something","[""He cut out the article from the newspaper.""]",,"[""cut out sugar, cut out the middleman""]"
cut up,,intermediate,"[""Everyday Conversation""]",Cut something into smaller pieces,"[""She cut up the vegetables.""]",,"[""cut up the meat, cut up the fabric""]"
cycle,,intermediate,"[""Everyday Conversation""]",A series of events that are regularly repeated in the same order,"[""The water cycle is an important natural process.""]",,"[""water cycle, life cycle""]"
daily,,intermediate,"[""Everyday Conversation""]","Happening, done, or produced every day","[""She reads the daily newspaper.""]",,"[""daily routine, daily life""]"
damage,,intermediate,"[""Everyday Conversation""]","Physical harm that impairs the value, usefulness, or normal function of something","[""The storm caused damage to the roof.""]",,"[""severe damage, damage control""]"
damp,,intermediate,"[""Everyday Conversation""]",Slightly wet,"[""The ground was damp after the rain.""]",,"[""damp cloth, damp weather""]"
dance,,intermediate,"[""Everyday Conversation""]","Move rhythmically to music, typically following a set sequence of steps","[""They danced all night.""]",,"[""dance floor, dance steps""]"
dancer,,intermediate,"[""Everyday Conversation""]",A person who dances or whose profession is dancing,"[""The dancer performed beautifully.""]",,"[""professional dancer, ballet dancer""]"
dancing,,intermediate,"[""Everyday Conversation""]",The activity of dancing for pleasure or as a profession,"[""Dancing is her passion.""]",,"[""dancing shoes, dancing skills""]"
danger,,intermediate,"[""Everyday Conversation""]",The possibility of suffering harm or injury,"[""There is a danger of falling rocks.""]",,"[""in danger, pose a danger""]"
dangerous,,intermediate,"[""Everyday Conversation""]",Able or likely to cause harm or injury,"[""It's dangerous to swim here.""]",,"[""dangerous situation, dangerous place""]"
dare,,intermediate,"[""Everyday Conversation""]",Have the courage to do something,"[""He dared to climb the mountain.""]",,"[""dare to dream, dare to speak""]"
dark,,intermediate,"[""Everyday Conversation""]",With little or no light,"[""The room was dark and quiet.""]",,"[""dark room, dark night""]"
data,,intermediate,"[""Everyday Conversation""]",Facts and statistics collected together for reference or analysis,"[""They collected data for the research project.""]",,"[""data analysis, data collection""]"
date,,intermediate,"[""Everyday Conversation""]",The day of the month or year as specified by a number,"[""Today's date is July 10th.""]",,"[""expiration date, due date""]"
date back,,intermediate,"[""Everyday Conversation""]",Exist since a particular time in the past,"[""This building dates back to the 19th century.""]",,"[""date back to, date from""]"
daughter,,intermediate,"[""Everyday Conversation""]",A female child in relation to her parents,"[""They have a daughter and a son.""]",,"[""eldest daughter, only daughter""]"
day,,intermediate,"[""Everyday Conversation""]",A period of 24 hours as a unit of time,"[""It was a sunny day.""]",,"[""day and night, day off""]"
dead,,intermediate,"[""Everyday Conversation""]",No longer alive,"[""The plant is dead.""]",,"[""dead body, dead end""]"
deaf,,intermediate,"[""Everyday Conversation""]",Lacking the power of hearing or having impaired hearing,"[""He was born deaf.""]",,"[""deaf ear, born deaf""]"
deal,,intermediate,"[""Everyday Conversation""]",Distribute (cards) in an orderly rotation to the players for a game or round,"[""He dealt the cards to the players.""]",,"[""deal cards, deal with""]"
deal in,,intermediate,"[""Everyday Conversation""]",Buy and sell (a particular product),"[""They deal in antiques.""]",,"[""deal in goods, deal in services""]"
deal with,,intermediate,"[""Everyday Conversation""]","Take measures concerning (someone or something), especially with the intention of putting something right","[""She deals with customer complaints.""]",,"[""deal with problems, deal with issues""]"
dear,,intermediate,"[""Everyday Conversation""]",Regarded with deep affection,"[""She is a dear friend.""]",,"[""dear friend, my dear""]"
death,,intermediate,"[""Everyday Conversation""]",The end of the life of a person or organism,"[""The sudden death of her father affected her deeply.""]",,"[""sudden death, cause of death""]"
debate,,intermediate,"[""Everyday Conversation""]","A formal discussion on a particular matter in a public meeting or legislative assembly, in which opposing arguments are put forward","[""They had a debate about the new policy.""]",,"[""public debate, debate over""]"
debt,,intermediate,"[""Everyday Conversation""]","Something, typically money, that is owed or due","[""He is trying to pay off his debts.""]",,"[""pay off debt, in debt""]"
decade,,intermediate,"[""Everyday Conversation""]",A period of ten years,"[""He has been working here for a decade.""]",,"[""past decade, over a decade""]"
decay,,intermediate,"[""Everyday Conversation""]",The state or process of rotting or decomposition,"[""The old house was in a state of decay.""]",,"[""tooth decay, gradual decay""]"
december,,intermediate,"[""Everyday Conversation""]",The twelfth month of the year,"[""They are planning a trip in December.""]",,"[""cold December, December 25th""]"
decide,,intermediate,"[""Everyday Conversation""]",Come to a resolution in the mind as a result of consideration,"[""She decided to go to college.""]",,"[""decide to go, decide quickly""]"
decide on,,intermediate,"[""Everyday Conversation""]",Choose from a number of alternatives,"[""They decided on a new strategy.""]",,"[""decide on a plan, decide on a course""]"
decision,,intermediate,"[""Everyday Conversation""]",A conclusion or resolution reached after consideration,"[""The decision was unanimous.""]",,"[""final decision, important decision""]"
declare,,intermediate,"[""Everyday Conversation""]",Say something in a solemn and emphatic manner,"[""He declared his love for her.""]",,"[""declare a state of emergency, declare love""]"
decline,,intermediate,"[""Everyday Conversation""]","Become smaller, fewer, or less; decrease","[""The economy is beginning to decline.""]",,"[""steady decline, sharp decline""]"
decorate,,intermediate,"[""Everyday Conversation""]",Make (something) look more attractive by adding extra items or images to it,"[""They decorated the room for the party.""]",,"[""decorate the house, decorate the room""]"
decoration,,intermediate,"[""Everyday Conversation""]",The process or art of decorating or adorning something,"[""The decoration of the hall was beautiful.""]",,"[""holiday decoration, party decoration""]"
decorative,,intermediate,"[""Everyday Conversation""]",Serving to make something look more attractive; ornamental,"[""She added decorative touches to her room.""]",,"[""decorative items, decorative purposes""]"
decrease,,intermediate,"[""Everyday Conversation""]","Make or become smaller or fewer in size, amount, intensity, or degree","[""There was a decrease in sales.""]",,"[""sharp decrease, slight decrease""]"
deep,,intermediate,"[""Everyday Conversation""]",Extending far down from the top or surface,"[""The lake is very deep.""]",,"[""deep water, deep hole""]"
deeply,,intermediate,"[""Everyday Conversation""]",At or to a considerable extent downward,"[""She was deeply moved by the story.""]",,"[""deeply regret, deeply in love""]"
defeat,,intermediate,"[""Everyday Conversation""]",Win a victory over (someone) in a battle or other contest; overcome or beat,"[""They defeated the opposing team.""]",,"[""defeat the enemy, defeat the opponent""]"
defence,,intermediate,"[""Everyday Conversation""]",The action of defending from or resisting attack,"[""They built a wall for defence.""]",,"[""self-defence, national defence""]"
defend,,intermediate,"[""Everyday Conversation""]",Resist an attack made on (someone or something); protect from harm or danger,"[""They defended their country from invaders.""]",,"[""defend against, defend a position""]"
define,,intermediate,"[""Everyday Conversation""]","State or describe exactly the nature, scope, or meaning of","[""Can you define this term?""]",,"[""define clearly, define terms""]"
definite,,intermediate,"[""Everyday Conversation""]",Clearly stated or decided; not vague or doubtful,"[""We need a definite answer by tomorrow.""]",,"[""definite answer, definite plans""]"
definitely,,intermediate,"[""Everyday Conversation""]",Without doubt (used for emphasis),"[""I definitely agree with you.""]",,"[""definitely true, definitely wrong""]"
definition,,intermediate,"[""Everyday Conversation""]","A statement of the exact meaning of a word, especially in a dictionary","[""The dictionary provides definitions for words.""]",,"[""clear definition, precise definition""]"
degree,,intermediate,"[""Everyday Conversation""]","The amount, level, or extent to which something happens or is present","[""The temperature dropped by a few degrees.""]",,"[""high degree, degree of difficulty""]"
delay,,intermediate,"[""Everyday Conversation""]",Make (someone or something) late or slow,"[""The flight was delayed due to bad weather.""]",,"[""flight delay, delay in delivery""]"
deliberate,,intermediate,"[""Everyday Conversation""]",Done consciously and intentionally,"[""It was a deliberate act of vandalism.""]",,"[""deliberate attempt, deliberate action""]"
deliberately,,intermediate,"[""Everyday Conversation""]",In a careful and unhurried way,"[""She deliberately ignored him.""]",,"[""deliberately avoid, deliberately ignore""]"
delicate,,intermediate,"[""Everyday Conversation""]",Very fine in texture or structure; of intricate workmanship or quality,"[""The fabric is delicate and should be handled carefully.""]",,"[""delicate balance, delicate situation""]"
delight,,intermediate,"[""Everyday Conversation""]",Great pleasure,"[""She took great delight in her work.""]",,"[""take delight in, much to someone's delight""]"
delighted,,intermediate,"[""Everyday Conversation""]",Feeling or showing great pleasure,"[""They were delighted with the results.""]",,"[""delighted with the outcome, delighted to hear""]"
deliver,,intermediate,"[""Everyday Conversation""]","Bring and hand over (a letter, parcel, or goods) to the proper recipient or address","[""The courier delivered the package.""]",,"[""deliver a speech, deliver on a promise""]"
delivery,,intermediate,"[""Everyday Conversation""]","The action of delivering letters, parcels, or goods","[""The delivery was scheduled for Monday.""]",,"[""delivery service, delivery time""]"
demand,,intermediate,"[""Everyday Conversation""]","An insistent and peremptory request, made as if by right","[""They made a demand for higher wages.""]",,"[""high demand, demand for""]"
demonstrate,,intermediate,"[""Everyday Conversation""]",Clearly show the existence or truth of (something) by giving proof or evidence,"[""The experiment demonstrated the principle.""]",,"[""demonstrate skills, demonstrate clearly""]"
dentist,,intermediate,"[""Everyday Conversation""]",A person qualified to treat the diseases and conditions that affect the teeth and gums,"[""She has an appointment with the dentist.""]",,"[""visit the dentist, family dentist""]"
deny,,intermediate,"[""Everyday Conversation""]",State that one refuses to admit the truth or existence of,"[""He denied the allegations.""]",,"[""deny the truth, deny an accusation""]"
department,,intermediate,"[""Everyday Conversation""]","A division of a large organization such as a government, university, business, or shop, dealing with a specific area of activity","[""She works in the marketing department.""]",,"[""marketing department, sales department""]"
departure,,intermediate,"[""Everyday Conversation""]","The action of leaving, especially to start a journey","[""Their departure was delayed due to weather conditions.""]",,"[""departure time, sudden departure""]"
depend,,intermediate,"[""Everyday Conversation""]",Be controlled or determined by,"[""Their success depends on the weather.""]",,"[""depend heavily on, depend entirely on""]"
depend on,,intermediate,"[""Everyday Conversation""]",Be able to trust; rely on,"[""You can depend on her support.""]",,"[""depend on someone, depend on something""]"
deposit,,intermediate,"[""Everyday Conversation""]","A sum of money placed or kept in a bank account, usually to gain interest","[""She made a deposit into her savings account.""]",,"[""bank deposit, make a deposit""]"
depress,,intermediate,"[""Everyday Conversation""]",Make (someone) feel utterly dispirited or dejected,"[""The news depressed him.""]",,"[""depress the mood, depress prices""]"
depressed,,intermediate,"[""Everyday Conversation""]",In a state of general unhappiness or despondency,"[""He has been feeling depressed lately.""]",,"[""clinically depressed, feeling depressed""]"
depressing,,intermediate,"[""Everyday Conversation""]",Causing a feeling of misery or despondency,"[""The weather was depressing.""]",,"[""depressing news, depressing atmosphere""]"
depth,,intermediate,"[""Everyday Conversation""]",The distance from the top or surface to the bottom of something,"[""The depth of the lake is 50 meters.""]",,"[""ocean depth, depth of knowledge""]"
derive,,intermediate,"[""Everyday Conversation""]",Obtain something from (a specified source),"[""The word 'coffee' derives from the Arabic word 'qahwa'.""]",,"[""derive benefit, derive pleasure""]"
derive from,,intermediate,"[""Everyday Conversation""]",Obtain something from (a specified source),"[""The new laws derive from earlier legislation.""]",,"[""derive from roots, derive from words""]"
describe,,intermediate,"[""Everyday Conversation""]",Give a detailed account in words of,"[""He described the scene in detail.""]",,"[""describe in detail, describe clearly""]"
description,,intermediate,"[""Everyday Conversation""]","A spoken or written account of a person, object, or event","[""She gave a vivid description of the scene.""]",,"[""give a description, vivid description""]"
desert,,intermediate,"[""Everyday Conversation""]","Abandon (a person, cause, or organization) in a way considered disloyal or treacherous","[""He deserted his post.""]",,"[""desert a friend, desert a cause""]"
deserted,,intermediate,"[""Everyday Conversation""]",Empty of people,"[""The town was deserted.""]",,"[""deserted street, deserted town""]"
deserve,,intermediate,"[""Everyday Conversation""]",Do something or have or show qualities worthy of (reward or punishment),"[""He deserves a reward for his efforts.""]",,"[""deserve praise, deserve punishment""]"
design,,intermediate,"[""Everyday Conversation""]","A plan or drawing produced to show the look and function or workings of a building, garment, or other object before it is made","[""The architect presented the design for the new building.""]",,"[""design a building, fashion design""]"
desire,,intermediate,"[""Everyday Conversation""]",A strong feeling of wanting to have something or wishing for something to happen,"[""He expressed his desire to travel the world.""]",,"[""strong desire, desire for""]"
desk,,intermediate,"[""Everyday Conversation""]","A piece of furniture with a flat or sloped surface and typically with drawers, used for writing, reading, or working","[""She sat at her desk.""]",,"[""office desk, writing desk""]"
desperate,,intermediate,"[""Everyday Conversation""]",Feeling or showing a hopeless sense that a situation is so bad as to be impossible to deal with,"[""They were desperate for help.""]",,"[""desperate situation, desperate measures""]"
desperately,,intermediate,"[""Everyday Conversation""]",In a way that shows despair,"[""She desperately tried to reach him.""]",,"[""desperately need, desperately try""]"
despite,,intermediate,"[""Everyday Conversation""]",Without being affected by; in spite of,"[""They went out despite the rain.""]",,"[""despite the difficulties, despite the fact""]"
destroy,,intermediate,"[""Everyday Conversation""]",Put an end to the existence of (something) by damaging or attacking it,"[""The fire destroyed the building.""]",,"[""destroy completely, destroy evidence""]"
destruction,,intermediate,"[""Everyday Conversation""]",The action or process of causing so much damage to something that it no longer exists or cannot be repaired,"[""The storm caused widespread destruction.""]",,"[""complete destruction, cause destruction""]"
detail,,intermediate,"[""Everyday Conversation""]","An individual feature, fact, or item","[""He explained every detail of the plan.""]",,"[""every detail, fine detail""]"
detailed,,intermediate,"[""Everyday Conversation""]",Having many details or facts; showing attention to detail,"[""The report was very detailed.""]",,"[""detailed report, detailed description""]"
determination,,intermediate,"[""Everyday Conversation""]",Firmness of purpose; resoluteness,"[""Her determination to succeed was impressive.""]",,"[""strong determination, fierce determination""]"
determine,,intermediate,"[""Everyday Conversation""]","Ascertain or establish exactly, typically as a result of research or calculation","[""The investigation will determine the cause of the accident.""]",,"[""determine the cause, determine the outcome""]"
determined,,intermediate,"[""Everyday Conversation""]",Having made a firm decision and being resolved not to change it,"[""She is determined to finish the project.""]",,"[""determined effort, determined to succeed""]"
develop,,intermediate,"[""Everyday Conversation""]","Grow or cause to grow and become more mature, advanced, or elaborate","[""The company plans to develop new products.""]",,"[""develop skills, develop rapidly""]"
development,,intermediate,"[""Everyday Conversation""]",The process of developing or being developed,"[""The development of the new software is underway.""]",,"[""economic development, sustainable development""]"
device,,intermediate,"[""Everyday Conversation""]","A thing made or adapted for a particular purpose, especially a piece of mechanical or electronic equipment","[""She uses a device to track her fitness.""]",,"[""electronic device, medical device""]"
devote,,intermediate,"[""Everyday Conversation""]","Give all or a large part of one's time or resources to (a person, activity, or cause)","[""She devoted her life to helping the poor.""]",,"[""devote time, devote energy""]"
devote to,,intermediate,"[""Everyday Conversation""]",Give one's time or effort to (a person or purpose),"[""She devoted herself to her studies.""]",,"[""devote to work, devote to cause""]"
devoted,,intermediate,"[""Everyday Conversation""]",Very loving or loyal,"[""He is a devoted husband.""]",,"[""devoted fan, devoted friend""]"
diagram,,intermediate,"[""Everyday Conversation""]","A simplified drawing showing the appearance, structure, or workings of something; a schematic representation","[""The diagram shows the parts of the engine.""]",,"[""create a diagram, draw a diagram""]"
diamond,,intermediate,"[""Everyday Conversation""]","A precious stone consisting of a clear and typically colorless crystalline form of pure carbon, the hardest naturally occurring substance","[""She received a diamond ring.""]",,"[""diamond necklace, diamond mine""]"
diary,,intermediate,"[""Everyday Conversation""]",A book in which one keeps a daily record of events and experiences,"[""She writes in her diary every day.""]",,"[""keep a diary, write in a diary""]"
dictionary,,intermediate,"[""Everyday Conversation""]","A book or electronic resource that lists the words of a language (typically in alphabetical order) and gives their meaning, or gives the equivalent words in a different language","[""You can find the meaning of words in a dictionary.""]",,"[""pocket dictionary, bilingual dictionary""]"
die,,intermediate,"[""Everyday Conversation""]",Stop living,"[""He died peacefully in his sleep.""]",,"[""die young, die hard""]"
die away,,intermediate,"[""Everyday Conversation""]",Gradually diminish in sound or intensity,"[""The sound of the music died away.""]",,"[""die away slowly, die away completely""]"
die out,,intermediate,"[""Everyday Conversation""]",Become extinct,"[""Dinosaurs died out millions of years ago.""]",,"[""species die out, tradition die out""]"
diet,,intermediate,"[""Everyday Conversation""]","The kinds of food that a person, animal, or community habitually eats","[""He is on a strict diet.""]",,"[""balanced diet, special diet""]"
difference,,intermediate,"[""Everyday Conversation""]",A point or way in which people or things are not the same,"[""There is a big difference between them.""]",,"[""make a difference, big difference""]"
different,,intermediate,"[""Everyday Conversation""]",Not the same as another or each other,"[""They have different opinions.""]",,"[""different types, different from""]"
differently,,intermediate,"[""Everyday Conversation""]",In a way that is not the same,"[""She thinks differently than her parents.""]",,"[""think differently, act differently""]"
difficult,,intermediate,"[""Everyday Conversation""]","Needing much effort or skill to accomplish, deal with, or understand","[""This is a difficult problem to solve.""]",,"[""difficult task, difficult situation""]"
difficulty,,intermediate,"[""Everyday Conversation""]",The state or condition of being difficult,"[""He had difficulty understanding the instructions.""]",,"[""have difficulty with, face difficulty""]"
dig,,intermediate,"[""Everyday Conversation""]","Break up and move earth with a tool or machine, or with hands, paws, snout, etc.","[""They began to dig a hole.""]",,"[""dig a hole, dig deep""]"
digital,,intermediate,"[""Everyday Conversation""]",Involving or relating to the use of computer technology,"[""She bought a new digital camera.""]",,"[""digital technology, digital age""]"
dinner,,intermediate,"[""Everyday Conversation""]","The main meal of the day, taken either around midday or in the evening","[""They invited us to dinner.""]",,"[""dinner party, have dinner""]"
direct,,intermediate,"[""Everyday Conversation""]",Extending or moving from one place to another without changing direction or stopping,"[""He gave me direct instructions.""]",,"[""direct route, direct communication""]"
direction,,intermediate,"[""Everyday Conversation""]",A course along which someone or something moves,"[""They headed in the same direction.""]",,"[""give direction, change direction""]"
directly,,intermediate,"[""Everyday Conversation""]",Without changing direction or stopping,"[""She spoke to me directly.""]",,"[""speak directly, directly address""]"
director,,intermediate,"[""Everyday Conversation""]","A person who is in charge of an activity, department, or organization","[""The film director was praised for his work.""]",,"[""film director, company director""]"
dirt,,intermediate,"[""Everyday Conversation""]","A substance, such as soil, that makes something dirty","[""His shoes were covered in dirt.""]",,"[""covered in dirt, dirt road""]"
dirty,,intermediate,"[""Everyday Conversation""]",Covered or marked with an unclean substance,"[""The floor was dirty.""]",,"[""dirty clothes, dirty hands""]"
disabled,,intermediate,"[""Everyday Conversation""]","Having a physical or mental condition that limits movements, senses, or activities","[""The building is accessible for disabled people.""]",,"[""disabled access, disabled person""]"
disadvantage,,intermediate,"[""Everyday Conversation""]",An unfavorable circumstance or condition that reduces the chances of success or effectiveness,"[""Being short can be a disadvantage in basketball.""]",,"[""major disadvantage, obvious disadvantage""]"
disagree,,intermediate,"[""Everyday Conversation""]",Have or express a different opinion,"[""I disagree with your opinion.""]",,"[""disagree strongly, disagree completely""]"
disagreement,,intermediate,"[""Everyday Conversation""]",Lack of consensus or approval,"[""They had a disagreement about the project.""]",,"[""serious disagreement, minor disagreement""]"
disappear,,intermediate,"[""Everyday Conversation""]",Cease to be visible,"[""The sun disappeared behind the clouds.""]",,"[""suddenly disappear, disappear completely""]"
disappoint,,intermediate,"[""Everyday Conversation""]",Fail to fulfill the hopes or expectations of,"[""The movie disappointed many fans.""]",,"[""bitterly disappoint, disappoint greatly""]"
disappointed,,intermediate,"[""Everyday Conversation""]",Sad or displeased because someone or something has failed to fulfill one's hopes or expectations,"[""She was disappointed with the test results.""]",,"[""feel disappointed, deeply disappointed""]"
disappointing,,intermediate,"[""Everyday Conversation""]",Failing to fulfill someone's hopes or expectations,"[""The game was disappointing.""]",,"[""very disappointing, quite disappointing""]"
disappointment,,intermediate,"[""Everyday Conversation""]",Sadness or displeasure caused by the non-fulfillment of one's hopes or expectations,"[""His failure was a huge disappointment.""]",,"[""huge disappointment, great disappointment""]"
disapproval,,intermediate,"[""Everyday Conversation""]",Possession or expression of an unfavorable opinion,"[""She looked at him with disapproval.""]",,"[""look of disapproval, show disapproval""]"
disapprove,,intermediate,"[""Everyday Conversation""]",Have or express an unfavorable opinion about something,"[""They disapprove of smoking.""]",,"[""strongly disapprove, disapprove of""]"
disapproving,,intermediate,"[""Everyday Conversation""]",Expressing an unfavorable opinion,"[""He gave a disapproving glance.""]",,"[""disapproving look, disapproving tone""]"
disaster,,intermediate,"[""Everyday Conversation""]","A sudden event, such as an accident or a natural catastrophe, that causes great damage or loss of life","[""The earthquake was a disaster.""]",,"[""natural disaster, disaster relief""]"
disc,,intermediate,"[""Everyday Conversation""]","A flat, thin, round object","[""She inserted the disc into the computer.""]",,"[""compact disc, insert disc""]"
discipline,,intermediate,"[""Everyday Conversation""]","The practice of training people to obey rules or a code of behavior, using punishment to correct disobedience","[""The school enforces strict discipline.""]",,"[""strict discipline, self-discipline""]"
discount,,intermediate,"[""Everyday Conversation""]",A deduction from the usual cost of something,"[""The store offers a discount on all items.""]",,"[""offer a discount, discount price""]"
discover,,intermediate,"[""Everyday Conversation""]",Find (something or someone) unexpectedly or in the course of a search,"[""She discovered a hidden talent for painting.""]",,"[""discover a new species, discover a talent""]"
discovery,,intermediate,"[""Everyday Conversation""]",The action or process of discovering or being discovered,"[""The discovery of the new element was groundbreaking.""]",,"[""scientific discovery, major discovery""]"
discuss,,intermediate,"[""Everyday Conversation""]",Talk about (something) with another person or group of people,"[""They discussed the plan in detail.""]",,"[""discuss in detail, discuss openly""]"
discussion,,intermediate,"[""Everyday Conversation""]",The action or process of talking about something,"[""The discussion lasted for hours.""]",,"[""open discussion, heated discussion""]"
disease,,intermediate,"[""Everyday Conversation""]","A disorder of structure or function in a human, animal, or plant, especially one that produces specific signs or symptoms or that affects a specific location and is not simply a direct result of physical injury","[""He suffers from a rare disease.""]",,"[""infectious disease, chronic disease""]"
disgust,,intermediate,"[""Everyday Conversation""]",A feeling of revulsion or strong disapproval aroused by something unpleasant or offensive,"[""She looked at the trash with disgust.""]",,"[""with disgust, express disgust""]"
disgusted,,intermediate,"[""Everyday Conversation""]",Feeling or expressing revulsion or strong disapproval,"[""He was disgusted by the smell.""]",,"[""disgusted look, disgusted by""]"
disgusting,,intermediate,"[""Everyday Conversation""]",Arousing revulsion or strong indignation,"[""The food was disgusting.""]",,"[""absolutely disgusting, find something disgusting""]"
dish,,intermediate,"[""Everyday Conversation""]","A shallow, typically flat-bottomed container for cooking or serving food","[""She served the pasta in a large dish.""]",,"[""serve in a dish, dish up""]"
dishonest,,intermediate,"[""Everyday Conversation""]",Behaving or prone to behave in an untrustworthy or fraudulent way,"[""He was dishonest about his qualifications.""]",,"[""dishonest behavior, dishonest person""]"
dishonestly,,intermediate,"[""Everyday Conversation""]","In an untrustworthy, deceitful, or fraudulent manner","[""She acted dishonestly in the exam.""]",,"[""act dishonestly, behave dishonestly""]"
disk,,intermediate,"[""Everyday Conversation""]","A flat, thin, round object","[""She saved the file on a disk.""]",,"[""compact disk, magnetic disk""]"
dislike,,intermediate,"[""Everyday Conversation""]",Feel distaste for or hostility towards,"[""She dislikes eating broccoli.""]",,"[""strongly dislike, intense dislike""]"
dismiss,,intermediate,"[""Everyday Conversation""]",Order or allow to leave; send away,"[""The teacher dismissed the class early.""]",,"[""dismiss a case, dismiss from""]"
display,,intermediate,"[""Everyday Conversation""]",Make a prominent exhibition of (something) in a place where it can be easily seen,"[""They displayed their artwork at the gallery.""]",,"[""public display, impressive display""]"
dissolve,,intermediate,"[""Everyday Conversation""]",With reference to a solid) become or cause to become incorporated into a liquid so as to form a solution,"[""The sugar dissolved in the tea.""]",,"[""completely dissolve, dissolve in water""]"
distance,,intermediate,"[""Everyday Conversation""]",An amount of space between two things or people,"[""The distance between the two cities is 200 miles.""]",,"[""long distance, travel distance""]"
distinguish,,intermediate,"[""Everyday Conversation""]",Recognize or treat (someone or something) as different,"[""He can distinguish between different musical notes.""]",,"[""distinguish between, easily distinguish""]"
distribute,,intermediate,"[""Everyday Conversation""]",Give shares of (something); deal out,"[""They distribute food to the homeless.""]",,"[""distribute evenly, distribute among""]"
district,,intermediate,"[""Everyday Conversation""]","An area of a country or city, especially one regarded as a distinct unit because of a particular characteristic","[""He lives in the financial district.""]",,"[""business district, school district""]"
disturb,,intermediate,"[""Everyday Conversation""]","Interrupt the quiet, peace, or order of; unsettle","[""Please do not disturb the meeting.""]",,"[""disturb the peace, disturb someone""]"
disturbing,,intermediate,"[""Everyday Conversation""]",Causing anxiety or uneasiness; upsetting,"[""The news was disturbing.""]",,"[""disturbing news, disturbing trend""]"
divide,,intermediate,"[""Everyday Conversation""]",Separate or be separated into parts,"[""They decided to divide the profits equally.""]",,"[""divide equally, divide into parts""]"
division,,intermediate,"[""Everyday Conversation""]","The action of separating something into parts, or the process of being separated","[""The division of the company into two parts was announced.""]",,"[""equal division, fair division""]"
divorce,,intermediate,"[""Everyday Conversation""]",The legal dissolution of a marriage by a court or other competent body,"[""They finalized their divorce last year.""]",,"[""file for divorce, get a divorce""]"
divorced,,intermediate,"[""Everyday Conversation""]",Legally separated from a spouse through divorce,"[""She is divorced and has two children.""]",,"[""divorced parents, divorced couple""]"
do,,intermediate,"[""Everyday Conversation""]","Perform (an action, the precise nature of which is often unspecified)","[""What do you want to do today?""]",,"[""do the job, do the work""]"
doctor,,intermediate,"[""Everyday Conversation""]",A person who is qualified to treat people who are ill,"[""She visited the doctor for a check-up.""]",,"[""family doctor, medical doctor""]"
document,,intermediate,"[""Everyday Conversation""]","A piece of written, printed, or electronic matter that provides information or evidence or that serves as an official record","[""He signed the document.""]",,"[""official document, legal document""]"
dog,,intermediate,"[""Everyday Conversation""]","A domesticated carnivorous mammal that typically has a long snout, an acute sense of smell, non-retractable claws, and a barking, howling, or whining voice","[""They have a pet dog.""]",,"[""pet dog, guard dog""]"
dollar,,intermediate,"[""Everyday Conversation""]","The basic monetary unit of the US, Canada, Australia, and certain countries in the Pacific, Caribbean, Southeast Asia, Africa, and South America","[""The item costs ten dollars.""]",,"[""US dollar, Canadian dollar""]"
domestic,,intermediate,"[""Everyday Conversation""]",Relating to the running of a home or to family relations,"[""She is a domestic worker.""]",,"[""domestic violence, domestic chores""]"
dominate,,intermediate,"[""Everyday Conversation""]",Have a commanding influence on; exercise control over,"[""One company has dominated the market.""]",,"[""dominate the market, dominate completely""]"
door,,intermediate,"[""Everyday Conversation""]","A hinged, sliding, or revolving barrier at the entrance to a building, room, or vehicle","[""He knocked on the door.""]",,"[""front door, back door""]"
dot,,intermediate,"[""Everyday Conversation""]",A small round mark or spot,"[""She put a dot at the end of the sentence.""]",,"[""dot the i's, connect the dots""]"
double,,intermediate,"[""Everyday Conversation""]","Consisting of two equal, identical, or similar parts or things","[""They ordered a double room.""]",,"[""double check, double room""]"
doubt,,intermediate,"[""Everyday Conversation""]",A feeling of uncertainty or lack of conviction,"[""He had doubts about the plan.""]",,"[""serious doubt, without a doubt""]"
down,,intermediate,"[""Everyday Conversation""]",Towards or in a lower place or position,"[""The sun went down.""]",,"[""sit down, fall down""]"
downstairs,,intermediate,"[""Everyday Conversation""]",Situated downstairs,"[""The kitchen is downstairs.""]",,"[""downstairs bathroom, go downstairs""]"
downward,,intermediate,"[""Everyday Conversation""]",Moving or leading towards a lower place or level,"[""The stock market took a downward turn.""]",,"[""downward spiral, downward trend""]"
downwards,,intermediate,"[""Everyday Conversation""]","Toward a lower place, point, or level","[""She looked downwards at her feet.""]",,"[""look downwards, move downwards""]"
dozen,,intermediate,"[""Everyday Conversation""]",A group or set of twelve,"[""He bought a dozen eggs.""]",,"[""a dozen of, two dozen""]"
draft,,intermediate,"[""Everyday Conversation""]",A preliminary version of a piece of writing,"[""She wrote a draft of the report.""]",,"[""rough draft, first draft""]"
drag,,intermediate,"[""Everyday Conversation""]","Pull (someone or something) along forcefully, roughly, or with difficulty","[""He had to drag the heavy box.""]",,"[""drag along, drag out""]"
drama,,intermediate,"[""Everyday Conversation""]","A play for theater, radio, or television","[""She loves studying drama.""]",,"[""study drama, drama class""]"
dramatic,,intermediate,"[""Everyday Conversation""]",Relating to drama or the performance or study of drama,"[""The movie had a dramatic ending.""]",,"[""dramatic change, dramatic effect""]"
dramatically,,intermediate,"[""Everyday Conversation""]",In a way that relates to drama or the performance or study of drama,"[""The situation changed dramatically.""]",,"[""increase dramatically, fall dramatically""]"
draw,,intermediate,"[""Everyday Conversation""]","Produce (a picture or diagram) by making lines and marks on paper with a pencil, pen, etc.","[""He can draw very well.""]",,"[""draw a picture, draw attention""]"
drawer,,intermediate,"[""Everyday Conversation""]","A boxlike storage compartment without a lid, made to slide horizontally in and out of a desk, chest, or other piece of furniture","[""She keeps her clothes in a drawer.""]",,"[""top drawer, desk drawer""]"
dream,,intermediate,"[""Everyday Conversation""]","A series of thoughts, images, and sensations occurring in a person's mind during sleep","[""She had a strange dream last night.""]",,"[""have a dream, dream about""]"
dress,,intermediate,"[""Everyday Conversation""]",Put on one's clothes,"[""He dressed quickly for work.""]",,"[""dress quickly, dress up""]"
dress up,,intermediate,"[""Everyday Conversation""]",Dress in smart or formal clothes,"[""They dressed up for the party.""]",,"[""dress up for, dress up as""]"
dressed,,intermediate,"[""Everyday Conversation""]",Wearing clothes of a specified kind,"[""She was dressed in a beautiful gown.""]",,"[""dressed in black, well dressed""]"
drink,,intermediate,"[""Everyday Conversation""]",Take (a liquid) into the mouth and swallow,"[""He drank a glass of water.""]",,"[""drink water, drink tea""]"
drive,,intermediate,"[""Everyday Conversation""]",Operate and control the direction and speed of a motor vehicle,"[""She drives to work every day.""]",,"[""drive a car, drive to work""]"
driver,,intermediate,"[""Everyday Conversation""]",A person who drives a vehicle,"[""The driver waited in the car.""]",,"[""bus driver, truck driver""]"
driving,,intermediate,"[""Everyday Conversation""]",The control and operation of a motor vehicle,"[""He is learning about safe driving.""]",,"[""driving test, driving license""]"
drop,,intermediate,"[""Everyday Conversation""]",Let or make (something) fall vertically,"[""She accidentally dropped her phone.""]",,"[""drop a hint, drop the ball""]"
drop out,,intermediate,"[""Everyday Conversation""]",Withdraw from a course or activity,"[""He decided to drop out of school.""]",,"[""drop out of school, drop out of race""]"
drug,,intermediate,"[""Everyday Conversation""]",A medicine or other substance which has a physiological effect when ingested or otherwise introduced into the body,"[""He was prescribed a new drug.""]",,"[""prescription drug, illegal drug""]"
drugstore,,intermediate,"[""Everyday Conversation""]",A pharmacy or a store where medicinal drugs are dispensed and sold,"[""She went to the drugstore to buy some medicine.""]",,"[""local drugstore, chain drugstore""]"
drum,,intermediate,"[""Everyday Conversation""]",A percussion instrument sounded by being struck with sticks or the hands,"[""He played the drum in the band.""]",,"[""bass drum, drum set""]"
drunk,,intermediate,"[""Everyday Conversation""]",Affected by alcohol to the extent of losing control of one's faculties or behavior,"[""He was too drunk to drive.""]",,"[""drunk driving, get drunk""]"
dry,,intermediate,"[""Everyday Conversation""]",Free from moisture or liquid; not wet or moist,"[""The clothes are dry.""]",,"[""dry clothes, dry weather""]"
dry off,,intermediate,"[""Everyday Conversation""]",Make or become dry through wiping or exposure to air,"[""She dried off with a towel.""]",,"[""dry off with a towel, dry off quickly""]"
dry up,,intermediate,"[""Everyday Conversation""]",Lose or cause to lose moisture,"[""The lake dried up during the drought.""]",,"[""dry up completely, dry up fast""]"
due,,intermediate,"[""Everyday Conversation""]",Expected at or planned for at a certain time,"[""The rent is due tomorrow.""]",,"[""payment due, rent due""]"
dull,,intermediate,"[""Everyday Conversation""]",Lacking interest or excitement,"[""The lecture was dull.""]",,"[""dull lecture, dull color""]"
dump,,intermediate,"[""Everyday Conversation""]","Deposit or dispose of (garbage, waste, or unwanted material), typically in a careless or hurried way","[""He dumped the trash in the bin.""]",,"[""dump the waste, dump illegally""]"
during,,intermediate,"[""Everyday Conversation""]",Throughout the course or duration of (a period of time),"[""He stayed at the hotel during his vacation.""]",,"[""during the day, during the trip""]"
dust,,intermediate,"[""Everyday Conversation""]","Fine, dry particles of matter","[""She cleaned the dust off the shelves.""]",,"[""dust particles, dust storm""]"
duty,,intermediate,"[""Everyday Conversation""]",A moral or legal obligation; a responsibility,"[""It is your duty to attend the meeting.""]",,"[""perform a duty, on duty""]"
dvd,,intermediate,"[""Everyday Conversation""]","A type of compact disc able to store large amounts of data, especially high-resolution audiovisual material","[""They watched a movie on DVD.""]",,"[""watch a DVD, DVD player""]"
dying,,intermediate,"[""Everyday Conversation""]",On the point of death,"[""He took care of his dying grandmother.""]",,"[""dying wish, dying out""]"
each,,intermediate,"[""Everyday Conversation""]",Every one of two or more people or things considered separately,"[""Each student received a certificate.""]",,"[""each one, each time""]"
each other,,intermediate,"[""Everyday Conversation""]","Used to refer to every one of two or more people or things, when the action or relationship involves both or all of them","[""They hugged each other.""]",,"[""support each other, understand each other""]"
ear,,intermediate,"[""Everyday Conversation""]",The organ of hearing and balance in humans and other vertebrates,"[""She has a piercing in her ear.""]",,"[""sharp ear, ear infection""]"
early,,intermediate,"[""Everyday Conversation""]",Happening or done before the usual or expected time,"[""They arrived early to get good seats.""]",,"[""early morning, early bird""]"
earn,,intermediate,"[""Everyday Conversation""]",Receive (money) in return for labor or services,"[""She earns a good salary.""]",,"[""earn money, earn a living""]"
earth,,intermediate,"[""Everyday Conversation""]",The planet on which we live; the world,"[""The Earth orbits the sun.""]",,"[""planet Earth, Mother Earth""]"
ease,,intermediate,"[""Everyday Conversation""]","Make (something unpleasant, painful, or intense) less serious or severe","[""He tried to ease her pain.""]",,"[""ease the pain, ease tensions""]"
easily,,intermediate,"[""Everyday Conversation""]",Without difficulty or effort,"[""She solved the problem easily.""]",,"[""easily solved, easily accessible""]"
east,,intermediate,"[""Everyday Conversation""]",The direction towards the point of the horizon where the sun rises,"[""The sun rises in the east.""]",,"[""east side, face east""]"
eastern,,intermediate,"[""Everyday Conversation""]","Situated in the east, or facing east","[""They live in the eastern part of the city.""]",,"[""eastern culture, eastern region""]"
easy,,intermediate,"[""Everyday Conversation""]",Achieved without great effort; presenting few difficulties,"[""The exam was easy.""]",,"[""easy task, easy access""]"
eat,,intermediate,"[""Everyday Conversation""]",Put (food) into the mouth and chew and swallow it,"[""They ate dinner together.""]",,"[""eat out, eat in""]"
economic,,intermediate,"[""Everyday Conversation""]",Relating to economics or the economy,"[""The country is facing economic challenges.""]",,"[""economic growth, economic policy""]"
economy,,intermediate,"[""Everyday Conversation""]","The wealth and resources of a country or region, especially in terms of the production and consumption of goods and services","[""The economy is growing.""]",,"[""global economy, local economy""]"
edge,,intermediate,"[""Everyday Conversation""]","The outside limit of an object, area, or surface; a place or part farthest away from the center of something","[""She stood at the edge of the cliff.""]",,"[""sharp edge, cutting edge""]"
edition,,intermediate,"[""Everyday Conversation""]",A particular version or instance of a publication,"[""The second edition of the book was released.""]",,"[""new edition, first edition""]"
editor,,intermediate,"[""Everyday Conversation""]","A person who is in charge of and determines the final content of a text, particularly a newspaper or magazine","[""The editor revised the article.""]",,"[""chief editor, magazine editor""]"
educate,,intermediate,"[""Everyday Conversation""]","Give intellectual, moral, and social instruction to (someone), typically at a school or university","[""Teachers educate students.""]",,"[""educate children, educate the public""]"
educated,,intermediate,"[""Everyday Conversation""]",Having been educated,"[""She is well educated.""]",,"[""highly educated, poorly educated""]"
education,,intermediate,"[""Everyday Conversation""]","The process of receiving or giving systematic instruction, especially at a school or university","[""He is studying education at the university.""]",,"[""higher education, formal education""]"
effect,,intermediate,"[""Everyday Conversation""]",A change that is a result or consequence of an action or other cause,"[""The new law had a positive effect.""]",,"[""have an effect, positive effect""]"
effective,,intermediate,"[""Everyday Conversation""]",Successful in producing a desired or intended result,"[""The new method is very effective.""]",,"[""effective solution, effective immediately""]"
effectively,,intermediate,"[""Everyday Conversation""]",In such a manner as to achieve a desired result,"[""She worked effectively to meet the deadline.""]",,"[""work effectively, communicate effectively""]"
effort,,intermediate,"[""Everyday Conversation""]",A vigorous or determined attempt,"[""He put a lot of effort into his work.""]",,"[""make an effort, put effort into""]"
egg,,intermediate,"[""Everyday Conversation""]","An oval or round object laid by a female bird, reptile, fish, or invertebrate, usually containing a developing embryo","[""She made an omelette with two eggs.""]",,"[""fried egg, egg shell""]"
eight,,intermediate,"[""Everyday Conversation""]","Equivalent to the product of two and four; one more than seven, or two less than ten","[""She has eight apples.""]",,"[""eight years, eight times""]"
eighteen,,intermediate,"[""Everyday Conversation""]","Equivalent to the product of two and nine; one more than seventeen, or two less than nineteen","[""He turned eighteen yesterday.""]",,"[""eighteen years old, eighteen months""]"
eighteenth,,intermediate,"[""Everyday Conversation""]",Constituting number eighteen in a sequence; 18th,"[""The eighteenth century was a time of change.""]",,"[""eighteenth century, eighteenth birthday""]"
eighth,,intermediate,"[""Everyday Conversation""]",Constituting number eight in a sequence; 8th,"[""She finished in eighth place.""]",,"[""eighth grade, eighth place""]"
eightieth,,intermediate,"[""Everyday Conversation""]",Constituting number eighty in a sequence; 80th,"[""He celebrated his eightieth birthday.""]",,"[""eightieth anniversary, eightieth year""]"
eighty,,intermediate,"[""Everyday Conversation""]",The number equivalent to the product of eight and ten; ten less than ninety; 80,"[""The book costs eighty dollars.""]",,"[""eighty percent, eighty dollars""]"
either,,intermediate,"[""Everyday Conversation""]",Used before the first of two (or occasionally more) given alternatives (the other being introduced by ‘or’),"[""You can choose either option.""]",,"[""either one, either way""]"
elbow,,intermediate,"[""Everyday Conversation""]",The joint between the forearm and the upper arm,"[""He hurt his elbow.""]",,"[""bend the elbow, elbow joint""]"
elderly,,intermediate,"[""Everyday Conversation""]",Old or aging,"[""The elderly woman needed assistance.""]",,"[""elderly care, elderly person""]"
elect,,intermediate,"[""Everyday Conversation""]",Choose (someone) to hold public office or some other position by voting,"[""They elected a new president.""]",,"[""elect a leader, elect officials""]"
election,,intermediate,"[""Everyday Conversation""]",A formal and organized choice by vote of a person for a political office or other position,"[""The next election will be held in November.""]",,"[""presidential election, general election""]"
electric,,intermediate,"[""Everyday Conversation""]","Of, worked by, charged with, or producing electricity","[""She plugged in the electric kettle.""]",,"[""electric car, electric shock""]"
electrical,,intermediate,"[""Everyday Conversation""]",Relating to electricity,"[""He is an electrical engineer.""]",,"[""electrical appliance, electrical fault""]"
electricity,,intermediate,"[""Everyday Conversation""]",A form of energy resulting from the existence of charged particles,"[""The electricity went out during the storm.""]",,"[""generate electricity, electricity supply""]"
electronic,,intermediate,"[""Everyday Conversation""]","Operating through the use of many small components, especially microchips and transistors, that control and direct electric currents","[""They sell electronic goods.""]",,"[""electronic device, electronic music""]"
elegant,,intermediate,"[""Everyday Conversation""]",Pleasingly graceful and stylish in appearance or manner,"[""She wore an elegant dress.""]",,"[""elegant design, elegant solution""]"
element,,intermediate,"[""Everyday Conversation""]","A part or aspect of something abstract, especially one that is essential or characteristic","[""Water is an essential element for life.""]",,"[""chemical element, key element""]"
elevator,,intermediate,"[""Everyday Conversation""]",A platform or compartment housed in a shaft for raising and lowering people or things to different floors or levels,"[""They took the elevator to the tenth floor.""]",,"[""take the elevator, elevator ride""]"
eleven,,intermediate,"[""Everyday Conversation""]",Equivalent to the sum of ten and one; one more than ten; 11,"[""There were eleven players on the team.""]",,"[""eleven years, eleven times""]"
eleventh,,intermediate,"[""Everyday Conversation""]",Constituting number eleven in a sequence; 11th,"[""She finished in eleventh place.""]",,"[""eleventh hour, eleventh grade""]"
else,,intermediate,"[""Everyday Conversation""]",In addition; besides,"[""Do you want anything else?""]",,"[""anything else, someone else""]"
elsewhere,,intermediate,"[""Everyday Conversation""]","In, at, or to some other place","[""He couldn't find it elsewhere.""]",,"[""look elsewhere, search elsewhere""]"
email,,intermediate,"[""Everyday Conversation""]",Messages distributed by electronic means from one computer user to one or more recipients via a network,"[""She sent an email to her boss.""]",,"[""send an email, check email""]"
embarrass,,intermediate,"[""Everyday Conversation""]","Cause (someone) to feel awkward, self-conscious, or ashamed","[""His comment embarrassed her.""]",,"[""embarrass deeply, embarrass publicly""]"
embarrassed,,intermediate,"[""Everyday Conversation""]",Feeling or showing embarrassment,"[""She felt embarrassed about the mistake.""]",,"[""deeply embarrassed, visibly embarrassed""]"
embarrassing,,intermediate,"[""Everyday Conversation""]",Causing embarrassment,"[""It was an embarrassing situation.""]",,"[""highly embarrassing, extremely embarrassing""]"
embarrassment,,intermediate,"[""Everyday Conversation""]","A feeling of self-consciousness, shame, or awkwardness","[""He felt embarrassment after the incident.""]",,"[""feel embarrassment, cause embarrassment""]"
emerge,,intermediate,"[""Everyday Conversation""]",Move out of or away from something and become visible,"[""The sun emerged from behind the clouds.""]",,"[""suddenly emerge, emerge from""]"
emergency,,intermediate,"[""Everyday Conversation""]","A serious, unexpected, and often dangerous situation requiring immediate action","[""Call 911 in case of an emergency.""]",,"[""emergency exit, emergency services""]"
emotion,,intermediate,"[""Everyday Conversation""]","A natural instinctive state of mind deriving from one's circumstances, mood, or relationships with others","[""He showed no emotion during the trial.""]",,"[""strong emotion, show emotion""]"
emotional,,intermediate,"[""Everyday Conversation""]",Relating to a person's emotions,"[""She was very emotional at the wedding.""]",,"[""emotional response, emotional support""]"
emotionally,,intermediate,"[""Everyday Conversation""]",In a way that relates to a person's emotions,"[""He spoke emotionally about his experience.""]",,"[""emotionally charged, emotionally involved""]"
emphasis,,intermediate,"[""Everyday Conversation""]","Special importance, value, or prominence given to something","[""The emphasis should be on quality rather than quantity.""]",,"[""place emphasis, strong emphasis""]"
emphasize,,intermediate,"[""Everyday Conversation""]",Give special importance or value to (something) in speaking or writing,"[""She emphasized the importance of teamwork.""]",,"[""emphasize greatly, emphasize strongly""]"
empire,,intermediate,"[""Everyday Conversation""]",An extensive group of states or countries under a single supreme authority,"[""The Roman Empire was vast.""]",,"[""vast empire, ancient empire""]"
employ,,intermediate,"[""Everyday Conversation""]",Give work to (someone) and pay them for it,"[""They employ over 100 people.""]",,"[""employ staff, employ workers""]"
employee,,intermediate,"[""Everyday Conversation""]",A person employed for wages or salary,"[""The company hired a new employee.""]",,"[""new employee, part-time employee""]"
employer,,intermediate,"[""Everyday Conversation""]",A person or organization that employs people,"[""The employer provides health insurance.""]",,"[""large employer, employer benefits""]"
employment,,intermediate,"[""Everyday Conversation""]",The condition of having paid work,"[""He is looking for employment.""]",,"[""full employment, gain employment""]"
empty,,intermediate,"[""Everyday Conversation""]",Containing nothing; not filled or occupied,"[""The bottle is empty.""]",,"[""empty room, empty promises""]"
enable,,intermediate,"[""Everyday Conversation""]",Give (someone or something) the authority or means to do something,"[""This will enable you to access the website.""]",,"[""enable access, enable the user""]"
encounter,,intermediate,"[""Everyday Conversation""]",Unexpectedly experience or be faced with (something difficult or hostile),"[""They encountered many difficulties.""]",,"[""unexpected encounter, encounter problems""]"
encourage,,intermediate,"[""Everyday Conversation""]","Give support, confidence, or hope to (someone)","[""She encouraged him to apply for the job.""]",,"[""encourage participation, encourage growth""]"
encouragement,,intermediate,"[""Everyday Conversation""]","The action of giving someone support, confidence, or hope","[""Her words of encouragement helped him a lot.""]",,"[""words of encouragement, give encouragement""]"
end,,intermediate,"[""Everyday Conversation""]","A final part of something, especially a period of time, an activity, or a story","[""The movie had a surprising end.""]",,"[""happy end, tragic end""]"
end in,,intermediate,"[""Everyday Conversation""]",Finish in a particular way or place,"[""The meeting will end in an hour.""]",,"[""end in disaster, end in success""]"
ending,,intermediate,"[""Everyday Conversation""]",The final part of a period or sequence of events,"[""The story has a happy ending.""]",,"[""happy ending, sad ending""]"
enemy,,intermediate,"[""Everyday Conversation""]",A person who is actively opposed or hostile to someone or something,"[""They are enemies in the game.""]",,"[""sworn enemy, enemy territory""]"
energy,,intermediate,"[""Everyday Conversation""]",The strength and vitality required for sustained physical or mental activity,"[""He has a lot of energy.""]",,"[""full of energy, renewable energy""]"
engage,,intermediate,"[""Everyday Conversation""]","Occupy, attract, or involve (someone's interest or attention)","[""The story engaged the audience.""]",,"[""engage in conversation, engage the audience""]"
engaged,,intermediate,"[""Everyday Conversation""]",Busy; occupied,"[""She is engaged in a new project.""]",,"[""engaged in work, engaged with""]"
engine,,intermediate,"[""Everyday Conversation""]",A machine with moving parts that converts power into motion,"[""The car's engine is powerful.""]",,"[""car engine, powerful engine""]"
engineer,,intermediate,"[""Everyday Conversation""]","A person who designs, builds, or maintains engines, machines, or structures","[""He is a civil engineer.""]",,"[""software engineer, mechanical engineer""]"
engineering,,intermediate,"[""Everyday Conversation""]","The branch of science and technology concerned with the design, building, and use of engines, machines, and structures","[""She studied engineering at university.""]",,"[""civil engineering, electrical engineering""]"
enjoy,,intermediate,"[""Everyday Conversation""]",Take delight or pleasure in (an activity or occasion),"[""He enjoys playing football.""]",,"[""enjoy greatly, enjoy thoroughly""]"
enjoyable,,intermediate,"[""Everyday Conversation""]",Giving delight or pleasure,"[""It was an enjoyable trip.""]",,"[""highly enjoyable, very enjoyable""]"
enjoyment,,intermediate,"[""Everyday Conversation""]",The state or process of taking pleasure in something,"[""Reading brings her a lot of enjoyment.""]",,"[""sense of enjoyment, source of enjoyment""]"
enormous,,intermediate,"[""Everyday Conversation""]","Very large in size, quantity, or extent","[""The building is enormous.""]",,"[""enormous amount, enormous building""]"
enough,,intermediate,"[""Everyday Conversation""]",As much or as many as required,"[""We have enough food for everyone.""]",,"[""more than enough, enough time""]"
enquiry,,intermediate,"[""Everyday Conversation""]",An act of asking for information,"[""The enquiry took several hours.""]",,"[""make an enquiry, detailed enquiry""]"
ensure,,intermediate,"[""Everyday Conversation""]",Make certain that (something) will occur or be the case,"[""Please ensure that the door is locked.""]",,"[""ensure safety, ensure compliance""]"
enter,,intermediate,"[""Everyday Conversation""]",Come or go into (a place),"[""They entered the building.""]",,"[""enter a room, enter a building""]"
entertain,,intermediate,"[""Everyday Conversation""]",Provide (someone) with amusement or enjoyment,"[""The comedian entertained the audience.""]",,"[""entertain guests, entertain children""]"
entertainer,,intermediate,"[""Everyday Conversation""]","A person who entertains, especially a professional one","[""The entertainer performed a great show.""]",,"[""famous entertainer, talented entertainer""]"
entertaining,,intermediate,"[""Everyday Conversation""]",Providing amusement or enjoyment,"[""The movie was very entertaining.""]",,"[""highly entertaining, very entertaining""]"
entertainment,,intermediate,"[""Everyday Conversation""]",The action of providing or being provided with amusement or enjoyment,"[""They enjoyed the evening's entertainment.""]",,"[""form of entertainment, source of entertainment""]"
enthusiasm,,intermediate,"[""Everyday Conversation""]","Intense and eager enjoyment, interest, or approval","[""He showed great enthusiasm for the project.""]",,"[""show enthusiasm, full of enthusiasm""]"
enthusiastic,,intermediate,"[""Everyday Conversation""]","Having or showing intense and eager enjoyment, interest, or approval","[""She is very enthusiastic about her new job.""]",,"[""enthusiastic about, enthusiastic supporter""]"
enthusiastically,,intermediate,"[""Everyday Conversation""]","In a way that shows intense and eager enjoyment, interest, or approval","[""They enthusiastically supported the idea.""]",,"[""support enthusiastically, cheer enthusiastically""]"
entire,,intermediate,"[""Everyday Conversation""]",With no part left out; whole,"[""He read the entire book in one day.""]",,"[""entire book, entire day""]"
entirely,,intermediate,"[""Everyday Conversation""]",Completely (often used for emphasis),"[""She was entirely responsible for the project.""]",,"[""entirely different, entirely responsible""]"
entitle,,intermediate,"[""Everyday Conversation""]",Give (someone) a legal right or a just claim to receive or do something,"[""You are entitled to a free meal.""]",,"[""entitle to, entitle someone""]"
entrance,,intermediate,"[""Everyday Conversation""]","An opening, such as a door, passage, or gate, that allows access to a place","[""He stood at the entrance of the building.""]",,"[""main entrance, back entrance""]"
entry,,intermediate,"[""Everyday Conversation""]",An act of going or coming in,"[""They made a dramatic entry.""]",,"[""first entry, dramatic entry""]"
envelope,,intermediate,"[""Everyday Conversation""]","A flat paper container with a sealable flap, used to enclose a letter or document","[""She put the letter in an envelope.""]",,"[""address envelope, seal envelope""]"
environment,,intermediate,"[""Everyday Conversation""]","The surroundings or conditions in which a person, animal, or plant lives or operates","[""We must protect the environment.""]",,"[""natural environment, protect the environment""]"
environmental,,intermediate,"[""Everyday Conversation""]",Relating to the natural world and the impact of human activity on its condition,"[""Environmental issues are important.""]",,"[""environmental impact, environmental protection""]"
equal,,intermediate,"[""Everyday Conversation""]","Being the same in quantity, size, degree, or value","[""They received equal pay for equal work.""]",,"[""equal opportunity, equal rights""]"
equally,,intermediate,"[""Everyday Conversation""]",In the same manner and to the same extent,"[""The resources were equally distributed.""]",,"[""equally important, equally distributed""]"
equipment,,intermediate,"[""Everyday Conversation""]",The necessary items for a particular purpose,"[""The gym has all the necessary equipment.""]",,"[""necessary equipment, sports equipment""]"
equivalent,,intermediate,"[""Everyday Conversation""]","Equal in value, amount, function, meaning, etc.","[""His words are equivalent to a promise.""]",,"[""equivalent to, functional equivalent""]"
error,,intermediate,"[""Everyday Conversation""]",A mistake,"[""There was an error in the calculation.""]",,"[""make an error, calculation error""]"
escape,,intermediate,"[""Everyday Conversation""]",Break free from confinement or control,"[""He managed to escape from prison.""]",,"[""escape plan, escape from""]"
especially,,intermediate,"[""Everyday Conversation""]","Used to single out one person, thing, or situation over all others","[""She loves fruit, especially apples.""]",,"[""especially important, especially useful""]"
essay,,intermediate,"[""Everyday Conversation""]",A short piece of writing on a particular subject,"[""She wrote an essay on the importance of recycling.""]",,"[""write an essay, essay question""]"
essential,,intermediate,"[""Everyday Conversation""]",Absolutely necessary,"[""Water is essential for life.""]",,"[""essential for, essential part""]"
essentially,,intermediate,"[""Everyday Conversation""]","Used to emphasize the basic, fundamental, or intrinsic nature of a person, thing, or situation","[""Essentially, the project was a success.""]",,"[""essentially the same, essentially a""]"
establish,,intermediate,"[""Everyday Conversation""]",Set up on a firm or permanent basis,"[""The company was established in 1990.""]",,"[""establish a company, establish rules""]"
estate,,intermediate,"[""Everyday Conversation""]","An extensive area of land in the country, usually with a large house, owned by one person, family, or organization","[""They live on a large estate.""]",,"[""large estate, real estate""]"
estimate,,intermediate,"[""Everyday Conversation""]","An approximate calculation or judgment of the value, number, quantity, or extent of something","[""The estimate for repairs was high.""]",,"[""make an estimate, cost estimate""]"
etc.,,intermediate,"[""Everyday Conversation""]","Used at the end of a list to indicate that further, similar items are included","[""Bring your tools, paper, pens, etc.""]",,"[""tools, paper, pens, etc.""]"
euro,,intermediate,"[""Everyday Conversation""]",The single European currency,"[""He paid in euros.""]",,"[""euro zone, euro currency""]"
even,,intermediate,"[""Everyday Conversation""]",Flat and smooth,"[""The surface is even.""]",,"[""even surface, even ground""]"
evening,,intermediate,"[""Everyday Conversation""]","The period of time at the end of the day, usually from about 6 p.m. to bedtime","[""They went out for dinner in the evening.""]",,"[""early evening, in the evening""]"
event,,intermediate,"[""Everyday Conversation""]","A thing that happens, especially one of importance","[""The event was a great success.""]",,"[""special event, major event""]"
eventually,,intermediate,"[""Everyday Conversation""]","In the end, especially after a long delay, dispute, or series of problems","[""Eventually, they agreed on a plan.""]",,"[""eventually decide, eventually become""]"
ever,,intermediate,"[""Everyday Conversation""]",At any time,"[""Have you ever been to Paris?""]",,"[""ever since, hardly ever""]"
every,,intermediate,"[""Everyday Conversation""]",Used before a singular noun to refer to all the individual members of a set without exception,"[""Every student must submit the form.""]",,"[""every time, every day""]"
everybody,,intermediate,"[""Everyday Conversation""]",Every person,"[""Everybody enjoyed the party.""]",,"[""everybody else, everybody's""]"
everyone,,intermediate,"[""Everyday Conversation""]",Every person,"[""Everyone agreed with the decision.""]",,"[""everyone here, everyone agreed""]"
everything,,intermediate,"[""Everyday Conversation""]",All things,"[""She lost everything in the fire.""]",,"[""lose everything, everything possible""]"
everywhere,,intermediate,"[""Everyday Conversation""]",In or to all places,"[""They looked everywhere for the lost key.""]",,"[""search everywhere, travel everywhere""]"
evidence,,intermediate,"[""Everyday Conversation""]",The available body of facts or information indicating whether a belief or proposition is true or valid,"[""The evidence was clear.""]",,"[""provide evidence, clear evidence""]"
evil,,intermediate,"[""Everyday Conversation""]",Profoundly immoral and wicked,"[""He was driven by pure evil.""]",,"[""pure evil, evil deeds""]"
exact,,intermediate,"[""Everyday Conversation""]",Not approximated in any way; precise,"[""She gave an exact description of the event.""]",,"[""exact match, exact number""]"
exactly,,intermediate,"[""Everyday Conversation""]",In a precise manner; used to emphasize the accuracy of a figure or description,"[""That's exactly what I mean.""]",,"[""know exactly, remember exactly""]"
exaggerate,,intermediate,"[""Everyday Conversation""]","Represent (something) as being larger, better, or worse than it really is","[""He tends to exaggerate his achievements.""]",,"[""greatly exaggerate, tend to exaggerate""]"
exaggerated,,intermediate,"[""Everyday Conversation""]","Regarded or represented as larger, better, or worse than in reality","[""The story was highly exaggerated.""]",,"[""highly exaggerated, seem exaggerated""]"
exam,,intermediate,"[""Everyday Conversation""]",A formal test of a person's knowledge or proficiency in a subject or skill,"[""He passed the final exam.""]",,"[""final exam, pass an exam""]"
examination,,intermediate,"[""Everyday Conversation""]",A detailed inspection or investigation,"[""The doctor performed a thorough examination.""]",,"[""medical examination, thorough examination""]"
examine,,intermediate,"[""Everyday Conversation""]",Inspect (someone or something) in detail to determine their nature or condition; investigate thoroughly,"[""The doctor examined the patient.""]",,"[""examine thoroughly, examine carefully""]"
example,,intermediate,"[""Everyday Conversation""]",A thing characteristic of its kind or illustrating a general rule,"[""He is a good example for others.""]",,"[""give an example, prime example""]"
excellent,,intermediate,"[""Everyday Conversation""]",Extremely good; outstanding,"[""She did an excellent job.""]",,"[""excellent performance, excellent quality""]"
except,,intermediate,"[""Everyday Conversation""]",Not including; other than,"[""Everyone is here except John.""]",,"[""everyone except, except for""]"
exception,,intermediate,"[""Everyday Conversation""]",A person or thing that is excluded from a general statement or does not follow a rule,"[""There is an exception to every rule.""]",,"[""make an exception, rare exception""]"
exchange,,intermediate,"[""Everyday Conversation""]",An act of giving one thing and receiving another (especially of the same type or value) in return,"[""They had a lively exchange of ideas.""]",,"[""foreign exchange, currency exchange""]"
excite,,intermediate,"[""Everyday Conversation""]",Cause (someone) to feel very enthusiastic and eager,"[""The news excited her.""]",,"[""excite the crowd, excite interest""]"
excited,,intermediate,"[""Everyday Conversation""]",Very enthusiastic and eager,"[""She is excited about the trip.""]",,"[""very excited, get excited""]"
excitement,,intermediate,"[""Everyday Conversation""]",A feeling of great enthusiasm and eagerness,"[""The children were full of excitement.""]",,"[""sense of excitement, level of excitement""]"
exciting,,intermediate,"[""Everyday Conversation""]",Causing great enthusiasm and eagerness,"[""The game was very exciting.""]",,"[""find exciting, very exciting""]"
exclude,,intermediate,"[""Everyday Conversation""]","Deny (someone) access to or bar (someone) from a place, group, or privilege","[""They decided to exclude him from the team.""]",,"[""exclude from, exclude someone""]"
excluding,,intermediate,"[""Everyday Conversation""]",Not including,"[""All meals are included excluding drinks.""]",,"[""all included, excluding""]"
excuse,,intermediate,"[""Everyday Conversation""]",Seek to lessen the blame attaching to (a fault or offense); try to justify,"[""Please excuse my lateness.""]",,"[""excuse the interruption, excuse me""]"
executive,,intermediate,"[""Everyday Conversation""]",A person with senior managerial responsibility in a business organization,"[""The company hired a new executive.""]",,"[""chief executive, executive decision""]"
exercise,,intermediate,"[""Everyday Conversation""]","Activity requiring physical effort, carried out to sustain or improve health and fitness","[""She does exercise every morning.""]",,"[""regular exercise, physical exercise""]"
exhibition,,intermediate,"[""Everyday Conversation""]","A public display of works of art or items of interest, held in an art gallery or museum or at a trade fair","[""The museum is hosting an exhibition.""]",,"[""art exhibition, major exhibition""]"
exist,,intermediate,"[""Everyday Conversation""]",Have objective reality or being,"[""Ghosts do not exist.""]",,"[""actually exist, continue to exist""]"
existence,,intermediate,"[""Everyday Conversation""]",The fact or state of living or having objective reality,"[""The existence of the building is under threat.""]",,"[""proof of existence, brief existence""]"
exit,,intermediate,"[""Everyday Conversation""]","A way out, especially of a public building, room, or passenger vehicle","[""They headed towards the exit.""]",,"[""emergency exit, make an exit""]"
expand,,intermediate,"[""Everyday Conversation""]",Become or make larger or more extensive,"[""The company plans to expand its operations.""]",,"[""expand rapidly, expand the business""]"
expect,,intermediate,"[""Everyday Conversation""]",Regard (something) as likely to happen,"[""We expect rain later today.""]",,"[""expect results, expect someone""]"
expectation,,intermediate,"[""Everyday Conversation""]",A strong belief that something will happen or be the case,"[""She had high expectations for the job.""]",,"[""meet expectations, high expectation""]"
expected,,intermediate,"[""Everyday Conversation""]",Regarded as likely; anticipated,"[""The expected result was achieved.""]",,"[""expected outcome, expected result""]"
expense,,intermediate,"[""Everyday Conversation""]",The cost required for something; the money spent on something,"[""Traveling can be an expensive expense.""]",,"[""travel expense, living expense""]"
expensive,,intermediate,"[""Everyday Conversation""]",Costing a lot of money,"[""The jewelry was too expensive.""]",,"[""very expensive, too expensive""]"
experience,,intermediate,"[""Everyday Conversation""]",Practical contact with and observation of facts or events,"[""She has a lot of experience in marketing.""]",,"[""gain experience, work experience""]"
experienced,,intermediate,"[""Everyday Conversation""]","Having knowledge or skill in a particular field, especially a profession or job, gained over a period of time","[""He is an experienced driver.""]",,"[""experienced teacher, very experienced""]"
experiment,,intermediate,"[""Everyday Conversation""]","A scientific procedure undertaken to make a discovery, test a hypothesis, or demonstrate a known fact","[""They conducted an experiment in the lab.""]",,"[""conduct an experiment, scientific experiment""]"
expert,,intermediate,"[""Everyday Conversation""]",A person who has a comprehensive and authoritative knowledge of or skill in a particular area,"[""He is an expert in his field.""]",,"[""expert opinion, technical expert""]"
explain,,intermediate,"[""Everyday Conversation""]","Make (an idea, situation, or problem) clear to someone by describing it in more detail or revealing relevant facts or ideas","[""She explained the rules clearly.""]",,"[""explain clearly, explain in detail""]"
explanation,,intermediate,"[""Everyday Conversation""]",A statement or account that makes something clear,"[""She gave a clear explanation of the problem.""]",,"[""give an explanation, need an explanation""]"
explicit,,intermediate,"[""Everyday Conversation""]","Stated clearly and in detail, leaving no room for confusion or doubt","[""The instructions were explicit.""]",,"[""explicit instructions, explicit content""]"
explode,,intermediate,"[""Everyday Conversation""]","Burst or shatter violently and noisily as a result of rapid combustion, excessive internal pressure, or other process","[""The bomb could explode at any moment.""]",,"[""explode violently, could explode""]"
explore,,intermediate,"[""Everyday Conversation""]",Travel in or through (an unfamiliar country or area) in order to learn about or familiarize oneself with it,"[""They plan to explore the new island.""]",,"[""explore new places, explore options""]"
explosion,,intermediate,"[""Everyday Conversation""]",A violent and destructive shattering or blowing apart of something,"[""The explosion was heard miles away.""]",,"[""huge explosion, loud explosion""]"
export,,intermediate,"[""Everyday Conversation""]",Send (goods or services) to another country for sale,"[""They export cars to Europe.""]",,"[""export goods, export market""]"
expose,,intermediate,"[""Everyday Conversation""]","Make (something) visible, typically by uncovering it","[""The artist exposed the painting to the public.""]",,"[""expose the truth, expose to""]"
exposure,,intermediate,"[""Everyday Conversation""]",The state of being exposed to contact with something,"[""Prolonged exposure to the sun can be harmful.""]",,"[""prolonged exposure, exposure to""]"
express,,intermediate,"[""Everyday Conversation""]",Convey (a thought or feeling) in words or by gestures and conduct,"[""He expressed his thoughts clearly.""]",,"[""express clearly, express feelings""]"
expression,,intermediate,"[""Everyday Conversation""]",The process of making known one's thoughts or feelings,"[""Her facial expression showed surprise.""]",,"[""facial expression, expression of interest""]"
extend,,intermediate,"[""Everyday Conversation""]",Cause to cover a larger area; make longer or wider,"[""They plan to extend the road.""]",,"[""extend the deadline, extend the road""]"
extension,,intermediate,"[""Everyday Conversation""]",A part that is added to something to enlarge or prolong it,"[""She asked for an extension on the project deadline.""]",,"[""project extension, extension cord""]"
extensive,,intermediate,"[""Everyday Conversation""]",Covering or affecting a large area,"[""The damage was extensive.""]",,"[""extensive research, extensive damage""]"
extent,,intermediate,"[""Everyday Conversation""]",The area covered by something,"[""The extent of the damage was unknown.""]",,"[""full extent, large extent""]"
extra,,intermediate,"[""Everyday Conversation""]",Added to an existing or usual amount or number,"[""He needed extra time to finish the test.""]",,"[""extra time, extra money""]"
extraordinary,,intermediate,"[""Everyday Conversation""]",Very unusual or remarkable,"[""Her performance was extraordinary.""]",,"[""extraordinary talent, extraordinary event""]"
extreme,,intermediate,"[""Everyday Conversation""]",Reaching a high or the highest degree; very great,"[""He took extreme measures to ensure success.""]",,"[""extreme weather, extreme measures""]"
extremely,,intermediate,"[""Everyday Conversation""]",To a very great degree; very,"[""The weather was extremely hot.""]",,"[""extremely difficult, extremely hot""]"
eye,,intermediate,"[""Everyday Conversation""]",The organ of sight,"[""She has blue eyes.""]",,"[""blue eyes, eye color""]"
face,,intermediate,"[""Everyday Conversation""]","The front part of a person's head from the forehead to the chin, or the corresponding part in an animal","[""She washed her face.""]",,"[""wash face, face the challenge""]"
facing,,intermediate,"[""Everyday Conversation""]","Confront and deal with or accept a difficult or unpleasant task, fact, or situation","[""She is facing many challenges.""]",,"[""facing the problem, facing reality""]"
fact,,intermediate,"[""Everyday Conversation""]",A thing that is known or proved to be true,"[""It's a fact that the earth orbits the sun.""]",,"[""scientific fact, historical fact""]"
factor,,intermediate,"[""Everyday Conversation""]","A circumstance, fact, or influence that contributes to a result or outcome","[""Poor diet is a factor in many diseases.""]",,"[""key factor, contributing factor""]"
factory,,intermediate,"[""Everyday Conversation""]",A building or group of buildings where goods are manufactured or assembled chiefly by machine,"[""He works in a car factory.""]",,"[""manufacturing factory, factory worker""]"
fail,,intermediate,"[""Everyday Conversation""]",Be unsuccessful in achieving one's goal,"[""He failed to meet the deadline.""]",,"[""fail miserably, fail to""]"
failure,,intermediate,"[""Everyday Conversation""]",Lack of success,"[""The project ended in failure.""]",,"[""complete failure, result in failure""]"
faint,,intermediate,"[""Everyday Conversation""]",Barely perceptible,"[""She felt faint after standing up too quickly.""]",,"[""faint smell, feel faint""]"
fair,,intermediate,"[""Everyday Conversation""]",In accordance with the rules or standards; legitimate,"[""He received a fair trial.""]",,"[""fair treatment, fair price""]"
fairly,,intermediate,"[""Everyday Conversation""]",With justice,"[""The judge ruled fairly.""]",,"[""fairly easy, fairly new""]"
faith,,intermediate,"[""Everyday Conversation""]",Complete trust or confidence in someone or something,"[""She has faith in her friends.""]",,"[""have faith, blind faith""]"
faithful,,intermediate,"[""Everyday Conversation""]","Loyal, constant, and steadfast","[""She has always been faithful to her friends.""]",,"[""faithful friend, faithful companion""]"
faithfully,,intermediate,"[""Everyday Conversation""]",In a loyal manner,"[""He served the company faithfully for 40 years.""]",,"[""serve faithfully, report faithfully""]"
fall,,intermediate,"[""Everyday Conversation""]","Move downward, typically rapidly and freely without control, from a higher to a lower level","[""Leaves fall from the trees in autumn.""]",,"[""fall down, fall off""]"
false,,intermediate,"[""Everyday Conversation""]",Not according with truth or fact; incorrect,"[""He gave a false name.""]",,"[""false statement, false identity""]"
fame,,intermediate,"[""Everyday Conversation""]","The state of being known or talked about by many people, especially on account of notable achievements","[""She gained fame as a singer.""]",,"[""rise to fame, achieve fame""]"
familiar,,intermediate,"[""Everyday Conversation""]",Well known from long or close association,"[""She looked familiar to me.""]",,"[""familiar face, seem familiar""]"
family,,intermediate,"[""Everyday Conversation""]",A group consisting of parents and children living together in a household,"[""They are a close-knit family.""]",,"[""nuclear family, extended family""]"
famous,,intermediate,"[""Everyday Conversation""]",Known about by many people,"[""He is a famous actor.""]",,"[""world-famous, famous for""]"
fan,,intermediate,"[""Everyday Conversation""]",An apparatus with rotating blades that creates a current of air for cooling or ventilation,"[""Turn on the fan to cool the room.""]",,"[""turn on the fan, electric fan""]"
fancy,,intermediate,"[""Everyday Conversation""]",Feel a desire or liking for,"[""I fancy a cup of coffee.""]",,"[""fancy dress, fancy restaurant""]"
far,,intermediate,"[""Everyday Conversation""]","At, to, or by a great distance (used to indicate the extent to which one thing is distant from another)","[""He lives far from the city.""]",,"[""far away, far from""]"
farm,,intermediate,"[""Everyday Conversation""]","An area of land and its buildings, used for growing crops and rearing animals","[""They own a large farm.""]",,"[""own a farm, farm animals""]"
farmer,,intermediate,"[""Everyday Conversation""]",A person who owns or manages a farm,"[""The farmer works hard every day.""]",,"[""dairy farmer, hardworking farmer""]"
farming,,intermediate,"[""Everyday Conversation""]",The activity or business of growing crops and raising livestock,"[""Farming is their primary source of income.""]",,"[""organic farming, sustainable farming""]"
farther,,intermediate,"[""Everyday Conversation""]","At, to, or by a greater distance","[""He moved farther away from the noise.""]",,"[""move farther, farther away""]"
farthest,,intermediate,"[""Everyday Conversation""]",At or to the greatest distance,"[""This is the farthest point of our journey.""]",,"[""farthest point, farthest distance""]"
fashion,,intermediate,"[""Everyday Conversation""]","A popular or the latest style of clothing, hair, decoration, or behavior","[""She has a good sense of fashion.""]",,"[""high fashion, fashion industry""]"
fashionable,,intermediate,"[""Everyday Conversation""]",Characterized by or following the latest trends or fashions,"[""She always wears fashionable clothes.""]",,"[""fashionable clothes, fashionable people""]"
fast,,intermediate,"[""Everyday Conversation""]",Moving or capable of moving at high speed,"[""The car is very fast.""]",,"[""run fast, fast car""]"
fasten,,intermediate,"[""Everyday Conversation""]",Close or join securely,"[""He fastened his seatbelt.""]",,"[""fasten the seatbelt, fasten securely""]"
fat,,intermediate,"[""Everyday Conversation""]","A natural oily substance occurring in animal bodies, especially when deposited as a layer under the skin or around certain organs","[""He needs to reduce his body fat.""]",,"[""body fat, fat content""]"
father,,intermediate,"[""Everyday Conversation""]",A man in relation to his child or children,"[""His father is a doctor.""]",,"[""father figure, father of""]"
fault,,intermediate,"[""Everyday Conversation""]","An unattractive or unsatisfactory feature, especially in a piece of work or in a person's character","[""The fault was quickly corrected.""]",,"[""find fault, at fault""]"
favor,,intermediate,"[""Everyday Conversation""]",Feel or show approval or preference for,"[""Can you do me a favor?""]",,"[""do a favor, in favor of""]"
favorite,,intermediate,"[""Everyday Conversation""]",Preferred before all others of the same kind,"[""Blue is my favorite color.""]",,"[""all-time favorite, personal favorite""]"
fear,,intermediate,"[""Everyday Conversation""]","An unpleasant emotion caused by the threat of danger, pain, or harm","[""She has a fear of heights.""]",,"[""fear of, in fear""]"
feather,,intermediate,"[""Everyday Conversation""]",Any of the flat appendages growing from a bird's skin and forming its plumage,"[""The bird's feather was beautiful.""]",,"[""bird's feather, soft feather""]"
feature,,intermediate,"[""Everyday Conversation""]",A distinctive attribute or aspect of something,"[""The main feature of the room is the fireplace.""]",,"[""key feature, main feature""]"
february,,intermediate,"[""Everyday Conversation""]",The second month of the year,"[""February is often cold.""]",,"[""February weather, February 14th""]"
federal,,intermediate,"[""Everyday Conversation""]",Relating to the central government of a country,"[""The federal government passed a new law.""]",,"[""federal law, federal government""]"
fee,,intermediate,"[""Everyday Conversation""]",A payment made to a professional person or to a professional or public body in exchange for advice or services,"[""The lawyer's fee was reasonable.""]",,"[""legal fee, entrance fee""]"
feed,,intermediate,"[""Everyday Conversation""]",Give food to,"[""He feeds the dog every morning.""]",,"[""feed the dog, feed on""]"
feel,,intermediate,"[""Everyday Conversation""]",Be aware of (a person or object) through touching or being touched,"[""I can feel the warmth of the sun.""]",,"[""feel the heat, feel good""]"
feeling,,intermediate,"[""Everyday Conversation""]",An emotional state or reaction,"[""She had a feeling of joy.""]",,"[""happy feeling, feeling of""]"
fellow,,intermediate,"[""Everyday Conversation""]","A person in the same position, involved in the same activity, or otherwise associated with another","[""He spoke to his fellow travelers.""]",,"[""fellow student, fellow worker""]"
female,,intermediate,"[""Everyday Conversation""]",Of or denoting the sex that can bear offspring or produce eggs,"[""They have a female cat.""]",,"[""female athlete, female doctor""]"
fence,,intermediate,"[""Everyday Conversation""]","A barrier, railing, or other upright structure, typically of wood or wire, enclosing an area of ground to mark a boundary, control access, or prevent escape","[""The fence needs to be repaired.""]",,"[""wooden fence, electric fence""]"
festival,,intermediate,"[""Everyday Conversation""]","A day or period of celebration, typically for religious reasons","[""They attended a music festival.""]",,"[""annual festival, music festival""]"
fetch,,intermediate,"[""Everyday Conversation""]",Go for and then bring back (someone or something) for someone,"[""Can you fetch my glasses from the bedroom?""]",,"[""fetch the ball, fetch water""]"
fever,,intermediate,"[""Everyday Conversation""]","An abnormally high body temperature, usually accompanied by shivering, headache, and in severe instances, delirium","[""She has a high fever.""]",,"[""high fever, running a fever""]"
few,,intermediate,"[""Everyday Conversation""]",A small number of,"[""Few people attended the meeting.""]",,"[""few people, few options""]"
field,,intermediate,"[""Everyday Conversation""]","An area of open land, especially one planted with crops or pasture, typically bounded by hedges or fences","[""They walked through the field.""]",,"[""corn field, field trip""]"
fifteen,,intermediate,"[""Everyday Conversation""]",The number equivalent to the product of three and five; one more than fourteen,"[""She celebrated her fifteenth birthday.""]",,"[""fifteen minutes, fifteen years old""]"
fifth,,intermediate,"[""Everyday Conversation""]",Constituting number five in a sequence; 5th,"[""He finished in fifth place.""]",,"[""fifth place, fifth grade""]"
fifty,,intermediate,"[""Everyday Conversation""]",The number equivalent to the product of five and ten; ten more than forty,"[""The book costs fifty dollars.""]",,"[""fifty dollars, fifty percent""]"
fight,,intermediate,"[""Everyday Conversation""]",Take part in a violent struggle involving the exchange of physical blows or the use of weapons,"[""They fight for their rights.""]",,"[""fight for, fight against""]"
fighter,,intermediate,"[""Everyday Conversation""]","A person who fights, especially as a soldier or a boxer","[""The boxer is a strong fighter.""]",,"[""boxer fighter, freedom fighter""]"
fighting,,intermediate,"[""Everyday Conversation""]",The action or process of fighting; violence or conflict,"[""The fighting lasted for hours.""]",,"[""fierce fighting, constant fighting""]"
figure,,intermediate,"[""Everyday Conversation""]","A number, especially one which forms part of official statistics or relates to the financial performance of a company","[""The figures show an increase in sales.""]",,"[""sales figure, unemployment figure""]"
figure out,,intermediate,"[""Everyday Conversation""]","Discover, determine, or solve","[""Can you figure out the solution?""]",,"[""figure out how, figure out why""]"
file,,intermediate,"[""Everyday Conversation""]",A folder or box for holding loose papers that are typically arranged in a particular order for easy reference,"[""He put the documents in a file.""]",,"[""file cabinet, file a report""]"
fill,,intermediate,"[""Everyday Conversation""]",Cause (a space or container) to become full or almost full,"[""She filled the glass with water.""]",,"[""fill up, fill with""]"
film,,intermediate,"[""Everyday Conversation""]",A story or event recorded by a camera as a set of moving images and shown in a theater or on television,"[""They watched an interesting film.""]",,"[""watch a film, film festival""]"
final,,intermediate,"[""Everyday Conversation""]",Coming at the end of a series,"[""This is the final chapter of the book.""]",,"[""final decision, final chapter""]"
finally,,intermediate,"[""Everyday Conversation""]","After a long time, typically involving difficulty or delay","[""Finally, the rain stopped.""]",,"[""finally arrive, finally decide""]"
finance,,intermediate,"[""Everyday Conversation""]","The management of large amounts of money, especially by governments or large companies","[""He works in finance.""]",,"[""corporate finance, personal finance""]"
financial,,intermediate,"[""Everyday Conversation""]",Relating to finance,"[""They need financial advice.""]",,"[""financial aid, financial crisis""]"
find,,intermediate,"[""Everyday Conversation""]",Discover or perceive by chance or unexpectedly,"[""She found a coin on the ground.""]",,"[""find a solution, find the answer""]"
find out,,intermediate,"[""Everyday Conversation""]",Discover (something or someone) after a deliberate search,"[""I need to find out more about this.""]",,"[""find out how, find out why""]"
fine,,intermediate,"[""Everyday Conversation""]",Of high quality,"[""The weather is fine today.""]",,"[""fine weather, fine quality""]"
finger,,intermediate,"[""Everyday Conversation""]","Each of the four slender jointed parts attached to either hand (or five, if the thumb is included)","[""He pointed with his index finger.""]",,"[""index finger, middle finger""]"
finish,,intermediate,"[""Everyday Conversation""]",Bring (a task or activity) to an end; complete,"[""She finished her homework.""]",,"[""finish work, finish line""]"
finished,,intermediate,"[""Everyday Conversation""]",Having completed or ended an action or activity,"[""The project is finished.""]",,"[""completely finished, almost finished""]"
fire,,intermediate,"[""Everyday Conversation""]","Combustion or burning, in which substances combine chemically with oxygen from the air and typically give out bright light, heat, and smoke","[""The fire kept us warm.""]",,"[""light a fire, fire department""]"
firm,,intermediate,"[""Everyday Conversation""]","Having a solid, almost unyielding surface or structure","[""The table is firm and sturdy.""]",,"[""firm decision, firm grip""]"
first,,intermediate,"[""Everyday Conversation""]",Coming before all others in time or order; earliest; 1st,"[""She was the first to arrive.""]",,"[""first place, first time""]"
fish,,intermediate,"[""Everyday Conversation""]",A limbless cold-blooded vertebrate animal with gills and fins living wholly in water,"[""They caught a big fish.""]",,"[""fresh fish, fish tank""]"
fishing,,intermediate,"[""Everyday Conversation""]","The activity of catching fish, either for food or as a sport","[""They went fishing in the lake.""]",,"[""go fishing, fishing rod""]"
fit,,intermediate,"[""Everyday Conversation""]",Be of the right shape and size for,"[""These shoes fit me perfectly.""]",,"[""fit well, perfect fit""]"
fitness,,intermediate,"[""Everyday Conversation""]",The condition of being physically fit and healthy,"[""He works out regularly to maintain his fitness.""]",,"[""physical fitness, fitness level""]"
fix,,intermediate,"[""Everyday Conversation""]",Fasten (something) securely in a particular place or position,"[""He fixed the broken chair.""]",,"[""fix a problem, fix a date""]"
flag,,intermediate,"[""Everyday Conversation""]","A piece of cloth, typically rectangular, of distinctive design and colors, used as a symbol, standard, or ensign","[""The national flag was hoisted.""]",,"[""national flag, flag pole""]"
flame,,intermediate,"[""Everyday Conversation""]",A hot glowing body of ignited gas that is generated by something on fire,"[""The flame flickered in the wind.""]",,"[""flame of a candle, gas flame""]"
flash,,intermediate,"[""Everyday Conversation""]",Shine in a bright but brief or sudden way,"[""The lightning flashed in the sky.""]",,"[""flash of light, flash drive""]"
flat,,intermediate,"[""Everyday Conversation""]",Smooth and even; without marked lumps or indentations,"[""The land was flat and featureless.""]",,"[""flat tire, flat surface""]"
flavor,,intermediate,"[""Everyday Conversation""]",The distinctive taste of a food or drink,"[""The soup had a rich flavor.""]",,"[""distinct flavor, mild flavor""]"
flee,,intermediate,"[""Everyday Conversation""]",Run away from a place or situation of danger,"[""They fled from the war zone.""]",,"[""flee the scene, flee from""]"
flesh,,intermediate,"[""Everyday Conversation""]",The soft substance consisting of muscle and fat that is found between the skin and bones of an animal or a human,"[""The flesh of the fruit was soft and juicy.""]",,"[""flesh and blood, soft flesh""]"
flight,,intermediate,"[""Everyday Conversation""]",The action or process of flying through the air,"[""The flight to New York was delayed.""]",,"[""flight schedule, flight attendant""]"
float,,intermediate,"[""Everyday Conversation""]",Rest or move on or near the surface of a liquid without sinking,"[""The boat floated on the lake.""]",,"[""float in water, float around""]"
flood,,intermediate,"[""Everyday Conversation""]","An overflow of a large amount of water beyond its normal limits, especially over what is normally dry land","[""The flood destroyed many homes.""]",,"[""severe flood, flood warning""]"
floor,,intermediate,"[""Everyday Conversation""]","The lower surface of a room, on which one may walk","[""She cleaned the kitchen floor.""]",,"[""wooden floor, ground floor""]"
flour,,intermediate,"[""Everyday Conversation""]","A powder obtained by grinding grain, typically wheat, and used to make bread, cakes, and pastry","[""She used flour to bake a cake.""]",,"[""wheat flour, flour mill""]"
flow,,intermediate,"[""Everyday Conversation""]",Move along or out steadily and continuously in a current or stream,"[""The river flows into the sea.""]",,"[""steady flow, flow of water""]"
flower,,intermediate,"[""Everyday Conversation""]","The seed-bearing part of a plant, consisting of reproductive organs that are typically surrounded by a brightly colored corolla and a green calyx","[""The garden was full of flowers.""]",,"[""fresh flower, flower shop""]"
fly,,intermediate,"[""Everyday Conversation""]",Move through the air using wings,"[""Birds fly south for the winter.""]",,"[""fly high, fly away""]"
focus,,intermediate,"[""Everyday Conversation""]",The center of interest or activity,"[""He needs to focus on his studies.""]",,"[""main focus, focus on""]"
fold,,intermediate,"[""Everyday Conversation""]",Bend (something flexible and relatively flat) over on itself so that one part of it covers another,"[""She folded the clothes neatly.""]",,"[""fold the paper, fold in half""]"
follow,,intermediate,"[""Everyday Conversation""]",Move or travel behind,"[""The dog followed its owner.""]",,"[""follow the leader, follow directions""]"
following,,intermediate,"[""Everyday Conversation""]",Coming after or as a result of,"[""The following day, they went hiking.""]",,"[""following week, following statement""]"
food,,intermediate,"[""Everyday Conversation""]",Any nutritious substance that people or animals eat or drink or that plants absorb in order to maintain life and growth,"[""We need food to survive.""]",,"[""healthy food, fast food""]"
fool,,intermediate,"[""Everyday Conversation""]",A person who acts unwisely or imprudently; a silly person,"[""Don't be such a fool.""]",,"[""play the fool, make a fool""]"
foot,,intermediate,"[""Everyday Conversation""]","The lower extremity of the leg below the ankle, on which a person stands or walks","[""He injured his foot.""]",,"[""foot injury, left foot""]"
football,,intermediate,"[""Everyday Conversation""]","A form of team game played with a ball between two teams of eleven players, in which the ball may be advanced by kicking or by bouncing it off any part of the body but the arms and hands","[""He loves playing football.""]",,"[""play football, football match""]"
for,,intermediate,"[""Everyday Conversation""]","Used to indicate the purpose, destination, recipient, or duration of something","[""This gift is for you.""]",,"[""reason for, good for""]"
force,,intermediate,"[""Everyday Conversation""]",Strength or energy as an attribute of physical action or movement,"[""He used all his force to lift the box.""]",,"[""apply force, force of nature""]"
forecast,,intermediate,"[""Everyday Conversation""]",Predict or estimate (a future event or trend),"[""The weather forecast predicts rain.""]",,"[""weather forecast, forecast accuracy""]"
foreign,,intermediate,"[""Everyday Conversation""]","Of, from, in, or characteristic of a country or language other than one's own","[""He speaks several foreign languages.""]",,"[""foreign language, foreign country""]"
forest,,intermediate,"[""Everyday Conversation""]",A large area covered chiefly with trees and undergrowth,"[""They went hiking in the forest.""]",,"[""dense forest, tropical forest""]"
forever,,intermediate,"[""Everyday Conversation""]",For all future time; for always,"[""I will love you forever.""]",,"[""love forever, last forever""]"
forget,,intermediate,"[""Everyday Conversation""]",Fail to remember,"[""Don't forget to lock the door.""]",,"[""forget about, forget to""]"
forgive,,intermediate,"[""Everyday Conversation""]","Stop feeling angry or resentful towards (someone) for an offense, flaw, or mistake","[""I forgive you for your mistake.""]",,"[""forgive someone, forgive and forget""]"
fork,,intermediate,"[""Everyday Conversation""]",An implement with two or more prongs used for lifting food to the mouth or holding it when cutting,"[""He ate his salad with a fork.""]",,"[""dinner fork, salad fork""]"
form,,intermediate,"[""Everyday Conversation""]",Bring together parts or combine to create (something),"[""They formed a new club.""]",,"[""form a group, form an opinion""]"
formal,,intermediate,"[""Everyday Conversation""]",Done in accordance with rules of convention or etiquette; suitable for or constituting an official or important situation or occasion,"[""He wore a formal suit to the event.""]",,"[""formal event, formal dress""]"
formerly,,intermediate,"[""Everyday Conversation""]",In the past; in earlier times,"[""She was formerly known as Jane Smith.""]",,"[""formerly known, formerly a""]"
forth,,intermediate,"[""Everyday Conversation""]",Out and away from a starting point,"[""They set forth on their journey.""]",,"[""set forth, go forth""]"
fortune,,intermediate,"[""Everyday Conversation""]","Chance or luck as an external, arbitrary force affecting human affairs","[""He made a fortune in real estate.""]",,"[""make a fortune, good fortune""]"
forward,,intermediate,"[""Everyday Conversation""]",In the direction that one is facing or traveling; towards the front,"[""She took a step forward.""]",,"[""move forward, look forward""]"
found,,intermediate,"[""Everyday Conversation""]",Establish or originate (an institution or organization),"[""They founded a new company.""]",,"[""found a company, found an institution""]"
foundation,,intermediate,"[""Everyday Conversation""]","The lowest load-bearing part of a building, typically below ground level","[""The foundation of the building was strong.""]",,"[""solid foundation, lay the foundation""]"
four,,intermediate,"[""Everyday Conversation""]",Equivalent to the sum of two and two; one more than three,"[""She has four cats.""]",,"[""four times, four people""]"
fourteen,,intermediate,"[""Everyday Conversation""]",Equivalent to the product of seven and two; one more than thirteen,"[""He turned fourteen last week.""]",,"[""turn fourteen, fourteen years old""]"
fourth,,intermediate,"[""Everyday Conversation""]",Constituting number four in a sequence; 4th,"[""She finished in fourth place.""]",,"[""fourth place, fourth quarter""]"
free,,intermediate,"[""Everyday Conversation""]",Not under the control or in the power of another; able to act or be done as one wishes,"[""He felt free after leaving his job.""]",,"[""feel free, free time""]"
freedom,,intermediate,"[""Everyday Conversation""]","The power or right to act, speak, or think as one wants without hindrance or restraint","[""They fought for their freedom.""]",,"[""freedom of speech, fight for freedom""]"
freeze,,intermediate,"[""Everyday Conversation""]",To become hard or stiffened because of cold or to turn to ice,"[""The water will freeze overnight.""]",,"[""freeze to death, freeze over""]"
frequent,,intermediate,"[""Everyday Conversation""]","Occurring or done on many occasions, in many cases, or in quick succession","[""He is a frequent visitor.""]",,"[""frequent visitor, frequent trips""]"
frequently,,intermediate,"[""Everyday Conversation""]",Regularly or habitually; often,"[""She frequently travels abroad.""]",,"[""frequently asked, frequently visit""]"
fresh,,intermediate,"[""Everyday Conversation""]",Not previously known or used; new or different,"[""They bought fresh vegetables from the market.""]",,"[""fresh air, fresh start""]"
friend,,intermediate,"[""Everyday Conversation""]","A person whom one knows and with whom one has a bond of mutual affection, typically exclusive of sexual or family relations","[""She is my best friend.""]",,"[""best friend, close friend""]"
friendly,,intermediate,"[""Everyday Conversation""]",Kind and pleasant,"[""He is always friendly to everyone.""]",,"[""friendly smile, friendly manner""]"
friendship,,intermediate,"[""Everyday Conversation""]",The emotions or conduct of friends; the state of being friends,"[""Their friendship has lasted for years.""]",,"[""strong friendship, lasting friendship""]"
frighten,,intermediate,"[""Everyday Conversation""]",Make (someone) afraid or anxious,"[""The loud noise frightened the cat.""]",,"[""frighten away, frighten someone""]"
frightened,,intermediate,"[""Everyday Conversation""]",Afraid or anxious,"[""She was frightened by the thunderstorm.""]",,"[""look frightened, be frightened""]"
frightening,,intermediate,"[""Everyday Conversation""]",Making someone afraid or anxious; terrifying,"[""The horror movie was frightening.""]",,"[""frightening experience, frighteningly realistic""]"
from,,intermediate,"[""Everyday Conversation""]","Indicating the point in space at which a journey, motion, or action starts","[""He received a letter from his mother.""]",,"[""come from, hear from""]"
front,,intermediate,"[""Everyday Conversation""]",The forward part or surface of an object,"[""The front door is open.""]",,"[""front door, front row""]"
frozen,,intermediate,"[""Everyday Conversation""]",Turned into ice or another solid as a result of extreme cold,"[""The lake is frozen in winter.""]",,"[""frozen food, frozen lake""]"
fruit,,intermediate,"[""Everyday Conversation""]",The sweet and fleshy product of a tree or other plant that contains seed and can be eaten as food,"[""She loves tropical fruit.""]",,"[""fresh fruit, fruit salad""]"
fuel,,intermediate,"[""Everyday Conversation""]","Material such as coal, gas, or oil that is burned to produce heat or power","[""The car runs on diesel fuel.""]",,"[""fossil fuel, fuel efficiency""]"
full,,intermediate,"[""Everyday Conversation""]",Containing or holding as much or as many as possible; having no empty space,"[""The room is full of people.""]",,"[""full of, full capacity""]"
fully,,intermediate,"[""Everyday Conversation""]",Completely or entirely; to the fullest extent,"[""The work is fully completed.""]",,"[""fully understand, fully aware""]"
fun,,intermediate,"[""Everyday Conversation""]","Enjoyment, amusement, or light-hearted pleasure","[""We had a lot of fun at the party.""]",,"[""have fun, fun activities""]"
function,,intermediate,"[""Everyday Conversation""]",An activity or purpose natural to or intended for a person or thing,"[""The main function of the machine is to cut paper.""]",,"[""primary function, proper function""]"
fund,,intermediate,"[""Everyday Conversation""]",A sum of money saved or made available for a particular purpose,"[""They set up a fund for the project.""]",,"[""raise a fund, establish a fund""]"
fundamental,,intermediate,"[""Everyday Conversation""]",Forming a necessary base or core; of central importance,"[""Freedom is a fundamental human right.""]",,"[""fundamental principle, fundamental change""]"
funny,,intermediate,"[""Everyday Conversation""]",Causing laughter or amusement; humorous,"[""He told a funny joke.""]",,"[""funny story, funny moment""]"
fur,,intermediate,"[""Everyday Conversation""]","The short, fine, soft hair of certain animals","[""The cat's fur is very soft.""]",,"[""fur coat, fur trade""]"
furniture,,intermediate,"[""Everyday Conversation""]","Large movable equipment, such as tables and chairs, used to make a house, office, or other space suitable for living or working","[""They bought new furniture for the living room.""]",,"[""wooden furniture, modern furniture""]"
further,,intermediate,"[""Everyday Conversation""]",Over a greater expanse of space or time; for a longer way,"[""We need to look further into the problem.""]",,"[""further research, further information""]"
future,,intermediate,"[""Everyday Conversation""]",The time or period of time following the moment of speaking or writing; time regarded as still to come,"[""She is planning for the future.""]",,"[""near future, future plans""]"
gain,,intermediate,"[""Everyday Conversation""]","Obtain or secure (something desired, favorable, or profitable)","[""He gained a lot of experience from that job.""]",,"[""gain experience, gain weight""]"
game,,intermediate,"[""Everyday Conversation""]","A form of play or sport, especially a competitive one played according to rules and decided by skill, strength, or luck","[""They played a fun game.""]",,"[""board game, video game""]"
gap,,intermediate,"[""Everyday Conversation""]",A break or hole in an object or between two objects,"[""There is a gap in the fence.""]",,"[""gap year, generation gap""]"
garage,,intermediate,"[""Everyday Conversation""]",A building for housing a motor vehicle or vehicles,"[""The car is parked in the garage.""]",,"[""double garage, attached garage""]"
garbage,,intermediate,"[""Everyday Conversation""]",Waste material; refuse,"[""Please take out the garbage.""]",,"[""garbage can, take out the garbage""]"
garden,,intermediate,"[""Everyday Conversation""]","A piece of ground, often near a house, used for growing flowers, fruit, or vegetables","[""She grows tomatoes in her garden.""]",,"[""flower garden, vegetable garden""]"
gas,,intermediate,"[""Everyday Conversation""]","An air-like fluid substance which expands freely to fill any space available, irrespective of its quantity","[""Natural gas is used for heating.""]",,"[""natural gas, gas station""]"
gate,,intermediate,"[""Everyday Conversation""]","A hinged barrier used to close an opening in a wall, fence, or hedge","[""They installed a new gate at the entrance.""]",,"[""iron gate, main gate""]"
gather,,intermediate,"[""Everyday Conversation""]",Come together; assemble or accumulate,"[""They gathered around the table.""]",,"[""gather information, gather around""]"
gear,,intermediate,"[""Everyday Conversation""]",Machinery or equipment that is used for a particular purpose,"[""He put on his hiking gear.""]",,"[""sports gear, fishing gear""]"
general,,intermediate,"[""Everyday Conversation""]","Affecting or concerning all or most people, places, or things; widespread","[""There was a general consensus.""]",,"[""general consensus, general public""]"
generally,,intermediate,"[""Everyday Conversation""]",In most cases; usually,"[""Generally, people are friendly.""]",,"[""generally speaking, generally accepted""]"
generate,,intermediate,"[""Everyday Conversation""]",Produce or create,"[""The machine generates electricity.""]",,"[""generate power, generate interest""]"
generation,,intermediate,"[""Everyday Conversation""]","All of the people born and living at about the same time, regarded collectively","[""This generation is tech-savvy.""]",,"[""younger generation, next generation""]"
generous,,intermediate,"[""Everyday Conversation""]","Showing a readiness to give more of something, especially money, than is strictly necessary or expected","[""She is very generous with her time.""]",,"[""generous donation, generous with""]"
gentle,,intermediate,"[""Everyday Conversation""]","Having or showing a mild, kind, or tender temperament or character","[""He has a gentle demeanor.""]",,"[""gentle touch, gentle approach""]"
gentleman,,intermediate,"[""Everyday Conversation""]","A chivalrous, courteous, or honorable man","[""He is a true gentleman.""]",,"[""true gentleman, perfect gentleman""]"
genuine,,intermediate,"[""Everyday Conversation""]",Truly what something is said to be; authentic,"[""The signature is genuine.""]",,"[""genuine article, genuine interest""]"
geography,,intermediate,"[""Everyday Conversation""]","The study of the physical features of the earth and its atmosphere, and of human activity as it affects and is affected by these, including the distribution of populations and resources and political and economic activities","[""She studied geography in college.""]",,"[""physical geography, human geography""]"
get,,intermediate,"[""Everyday Conversation""]",Come to have or hold (something); receive,"[""He got a new job.""]",,"[""get something, get ready""]"
giant,,intermediate,"[""Everyday Conversation""]",An imaginary or mythical being of human form but superhuman size,"[""The story featured a giant.""]",,"[""giant tree, giant corporation""]"
gift,,intermediate,"[""Everyday Conversation""]",A thing given willingly to someone without payment; a present,"[""She received a beautiful gift.""]",,"[""birthday gift, special gift""]"
girl,,intermediate,"[""Everyday Conversation""]",A female child,"[""The girl is playing in the park.""]",,"[""little girl, young girl""]"
girlfriend,,intermediate,"[""Everyday Conversation""]",A regular female companion with whom a person has a romantic or sexual relationship,"[""He went to the movies with his girlfriend.""]",,"[""current girlfriend, former girlfriend""]"
give,,intermediate,"[""Everyday Conversation""]",Freely transfer the possession of (something) to (someone),"[""Please give me the book.""]",,"[""give a gift, give advice""]"
glad,,intermediate,"[""Everyday Conversation""]",Feeling pleasure or happiness,"[""I am glad you came.""]",,"[""glad to see, glad you""]"
glass,,intermediate,"[""Everyday Conversation""]","A hard, brittle substance, typically transparent or translucent, made by fusing sand with soda, lime, and sometimes other ingredients and cooling rapidly","[""The glass window was clear.""]",,"[""glass of water, glass window""]"
global,,intermediate,"[""Everyday Conversation""]",Relating to the whole world; worldwide,"[""They discussed global issues.""]",,"[""global warming, global economy""]"
glove,,intermediate,"[""Everyday Conversation""]",A covering for the hand worn for protection against cold or dirt and typically having separate parts for each finger and the thumb,"[""She wore gloves to keep her hands warm.""]",,"[""pair of gloves, wear gloves""]"
glue,,intermediate,"[""Everyday Conversation""]",An adhesive substance used for sticking objects or materials together,"[""He used glue to fix the broken vase.""]",,"[""apply glue, glue the pieces""]"
go,,intermediate,"[""Everyday Conversation""]",Move from one place to another; travel,"[""They decided to go on a trip.""]",,"[""go away, go home""]"
goal,,intermediate,"[""Everyday Conversation""]",The object of a person's ambition or effort; an aim or desired result,"[""Her goal is to become a doctor.""]",,"[""set a goal, achieve a goal""]"
god,,intermediate,"[""Everyday Conversation""]","The supreme being, creator, and principal object of faith in religions such as Christianity, Islam, and Judaism","[""They prayed to God.""]",,"[""believe in God, pray to God""]"
gold,,intermediate,"[""Everyday Conversation""]","A yellow precious metal, the chemical element of atomic number 79, valued especially for use in jewelry and decoration, and to guarantee the value of currencies","[""The ring is made of gold.""]",,"[""gold coin, gold jewelry""]"
good,,intermediate,"[""Everyday Conversation""]",To be desired or approved of,"[""She is a good person.""]",,"[""good person, good job""]"
goodbye,,intermediate,"[""Everyday Conversation""]",An acknowledgment or expression of goodwill at parting,"[""They said goodbye before leaving.""]",,"[""say goodbye, bid farewell""]"
goods,,intermediate,"[""Everyday Conversation""]",Merchandise or possessions,"[""The store sells various goods.""]",,"[""consumer goods, goods and services""]"
govern,,intermediate,"[""Everyday Conversation""]","Conduct the policy, actions, and affairs of (a state, organization, or people) with authority","[""The president governs the country.""]",,"[""govern a country, govern with authority""]"
government,,intermediate,"[""Everyday Conversation""]","The governing body of a nation, state, or community","[""The government announced new policies.""]",,"[""local government, federal government""]"
governor,,intermediate,"[""Everyday Conversation""]",The elected executive head of a state of the US,"[""The governor attended the ceremony.""]",,"[""state governor, governor's mansion""]"
grab,,intermediate,"[""Everyday Conversation""]",Grasp or seize suddenly and roughly,"[""She grabbed her bag and left.""]",,"[""grab quickly, grab hold of""]"
grade,,intermediate,"[""Everyday Conversation""]","A particular level of rank, quality, proficiency, or value","[""He received a high grade on his test.""]",,"[""high grade, grade level""]"
gradual,,intermediate,"[""Everyday Conversation""]",Taking place or progressing slowly or by degrees,"[""There was a gradual increase in temperature.""]",,"[""gradual change, gradual increase""]"
gradually,,intermediate,"[""Everyday Conversation""]",In a gradual way; slowly; by degrees,"[""The weather improved gradually.""]",,"[""gradually improve, gradually increase""]"
grain,,intermediate,"[""Everyday Conversation""]",Wheat or any other cultivated cereal crop used as food,"[""The farmer harvested the grain.""]",,"[""grain of wheat, grain harvest""]"
grand,,intermediate,"[""Everyday Conversation""]","Magnificent and imposing in appearance, size, or style","[""The palace was grand and majestic.""]",,"[""grand building, grand idea""]"
grandchild,,intermediate,"[""Everyday Conversation""]",A child of one's son or daughter,"[""She loves her grandchildren.""]",,"[""first grandchild, love grandchild""]"
granddaughter,,intermediate,"[""Everyday Conversation""]",A daughter of one's son or daughter,"[""Her granddaughter is very talented.""]",,"[""granddaughter's birthday, young granddaughter""]"
grandfather,,intermediate,"[""Everyday Conversation""]",The father of one's father or mother,"[""Her grandfather told fascinating stories.""]",,"[""maternal grandfather, paternal grandfather""]"
grandmother,,intermediate,"[""Everyday Conversation""]",The mother of one's father or mother,"[""She visited her grandmother every summer.""]",,"[""maternal grandmother, paternal grandmother""]"
grandparent,,intermediate,"[""Everyday Conversation""]",A parent of one's father or mother; a grandmother or grandfather,"[""Her grandparents are visiting for the holidays.""]",,"[""maternal grandparent, paternal grandparent""]"
grandson,,intermediate,"[""Everyday Conversation""]",A son of one's son or daughter,"[""Her grandson is learning to walk.""]",,"[""first grandson, eldest grandson""]"
grant,,intermediate,"[""Everyday Conversation""]",Agree to give or allow (something requested) to,"[""The scholarship was granted to her.""]",,"[""grant permission, grant a scholarship""]"
grass,,intermediate,"[""Everyday Conversation""]","Vegetation consisting of typically short plants with long, narrow leaves, growing wild or cultivated on lawns and pasture, and as a fodder crop","[""The lawn is covered with grass.""]",,"[""cut the grass, green grass""]"
grateful,,intermediate,"[""Everyday Conversation""]",Feeling or showing an appreciation of kindness; thankful,"[""I am grateful for your help.""]",,"[""feel grateful, grateful for""]"
grave,,intermediate,"[""Everyday Conversation""]","A place of burial for a dead body, typically a hole dug in the ground and marked by a stone or mound","[""They visited the graves of their ancestors.""]",,"[""grave site, grave marker""]"
great,,intermediate,"[""Everyday Conversation""]","Of an extent, amount, or intensity considerably above the normal or average","[""She has a great idea.""]",,"[""great idea, great job""]"
greatly,,intermediate,"[""Everyday Conversation""]",By a considerable amount; very much,"[""The team's performance has improved greatly.""]",,"[""improve greatly, increase greatly""]"
green,,intermediate,"[""Everyday Conversation""]",Of the color between blue and yellow in the spectrum; colored like grass or emeralds,"[""The leaves are green in summer.""]",,"[""green leaves, green grass""]"
greet,,intermediate,"[""Everyday Conversation""]",Give a polite word or sign of welcome or recognition to (someone) on meeting,"[""They greeted each other warmly.""]",,"[""greet warmly, greet with""]"
grey,,intermediate,"[""Everyday Conversation""]","Of a color intermediate between black and white, as of ashes or an overcast sky","[""The sky was grey and cloudy.""]",,"[""grey sky, grey hair""]"
ground,,intermediate,"[""Everyday Conversation""]",The solid surface of the earth,"[""The ground was wet after the rain.""]",,"[""fall to the ground, on the ground""]"
group,,intermediate,"[""Everyday Conversation""]","A number of people or things that are located, gathered, or classed together","[""They formed a study group.""]",,"[""study group, group of friends""]"
grow,,intermediate,"[""Everyday Conversation""]",Of a living thing) undergo natural development by increasing in size and changing physically; progress to maturity,"[""Children grow quickly.""]",,"[""grow fast, grow old""]"
growth,,intermediate,"[""Everyday Conversation""]",The process of increasing in physical size,"[""The company has seen rapid growth.""]",,"[""economic growth, growth rate""]"
guarantee,,intermediate,"[""Everyday Conversation""]","A formal assurance (typically in writing) that certain conditions will be fulfilled, especially that a product will be repaired or replaced if not of a specified quality","[""The product comes with a money-back guarantee.""]",,"[""money-back guarantee, product guarantee""]"
guard,,intermediate,"[""Everyday Conversation""]",Watch over in order to protect or control,"[""The guard checked everyone's ID.""]",,"[""security guard, guard against""]"
guess,,intermediate,"[""Everyday Conversation""]",Estimate or suppose (something) without sufficient information to be sure of being correct,"[""Can you guess the answer?""]",,"[""wild guess, educated guess""]"
guest,,intermediate,"[""Everyday Conversation""]",A person who is invited to visit someone's home or attend a particular social occasion,"[""She welcomed her guests warmly.""]",,"[""welcome guest, honored guest""]"
guide,,intermediate,"[""Everyday Conversation""]",A person who advises or shows the way to others,"[""The guide led us through the museum.""]",,"[""tour guide, guide book""]"
guilty,,intermediate,"[""Everyday Conversation""]",Culpable of or responsible for a specified wrongdoing,"[""He felt guilty about the lie.""]",,"[""feel guilty, guilty of""]"
habit,,intermediate,"[""Everyday Conversation""]","A settled or regular tendency or practice, especially one that is hard to give up","[""She has a habit of biting her nails.""]",,"[""bad habit, break a habit""]"
hack,,intermediate,"[""Technology"", ""Everyday Conversation""]","To cut or chop something roughly, or to gain unauthorized access to a computer system. It can also refer to a clever trick or shortcut that makes a task easier.","[""He managed to hack into the server using a simple script."", ""Using a warm spoon to scoop hard ice cream is a great kitchen hack.""]","As a noun, 'hack' often refers to a useful life tip ('life hack') or an informal solution. As a verb, it can mean chopping forcefully or illegally accessing digital data.","[""life hack"", ""hack into"", ""hack away"", ""growth hack""]"
hair,,intermediate,"[""Everyday Conversation""]","Any of the fine threadlike strands growing from the skin of humans, mammals, and some other animals","[""Her hair is long and curly.""]",,"[""curly hair, hair color""]"
hairdresser,,intermediate,"[""Everyday Conversation""]","A person whose job is to cut, wash, and style hair","[""She works as a hairdresser.""]",,"[""professional hairdresser, visit hairdresser""]"
half,,intermediate,"[""Everyday Conversation""]",Either of two equal or corresponding parts into which something is or can be divided,"[""Cut the apple in half.""]",,"[""cut in half, half full""]"
hall,,intermediate,"[""Everyday Conversation""]",The room or space just inside the front entrance of a house or apartment,"[""They waited in the hall.""]",,"[""hall of residence, school hall""]"
hammer,,intermediate,"[""Everyday Conversation""]","A tool with a heavy metal head mounted at right angles at the end of a handle, used for jobs such as breaking things and driving in nails","[""He used a hammer to fix the chair.""]",,"[""hammer a nail, heavy hammer""]"
hand,,intermediate,"[""Everyday Conversation""]","The end part of a person's arm beyond the wrist, including the palm, fingers, and thumb","[""She held the baby in her hand.""]",,"[""shake hands, lend a hand""]"
handful,,intermediate,"[""Everyday Conversation""]",A small number or amount,"[""She took a handful of candies.""]",,"[""handful of, grab a handful""]"
handle,,intermediate,"[""Everyday Conversation""]","The part by which a thing is held, carried, or controlled","[""He turned the handle to open the door.""]",,"[""turn the handle, handle with care""]"
handsome,,intermediate,"[""Everyday Conversation""]","Good-looking, especially of a man","[""He is a handsome young man.""]",,"[""handsome face, handsome man""]"
handwriting,,intermediate,"[""Everyday Conversation""]",Writing with a pen or pencil,"[""Her handwriting is very neat.""]",,"[""neat handwriting, poor handwriting""]"
hang,,intermediate,"[""Everyday Conversation""]",Suspend or be suspended from above with the lower part dangling free,"[""They hang the clothes to dry.""]",,"[""hang clothes, hang up""]"
happen,,intermediate,"[""Everyday Conversation""]",Take place; occur,"[""What will happen next?""]",,"[""happen to, what will happen""]"
happiness,,intermediate,"[""Everyday Conversation""]",The state of being happy,"[""Her happiness was evident.""]",,"[""bring happiness, pure happiness""]"
happy,,intermediate,"[""Everyday Conversation""]",Feeling or showing pleasure or contentment,"[""She was happy with her results.""]",,"[""happy with, happy about""]"
harbor,,intermediate,"[""Everyday Conversation""]",A place on the coast where vessels may find shelter,"[""The ship entered the harbor.""]",,"[""safe harbor, enter the harbor""]"
hard,,intermediate,"[""Everyday Conversation""]","Solid, firm, and resistant to pressure; not easily broken, bent, or pierced","[""The ground was hard after the frost.""]",,"[""hard surface, hard to""]"
hardly,,intermediate,"[""Everyday Conversation""]",Scarcely (used to qualify a statement by saying that it is true to an insignificant degree),"[""She could hardly believe her eyes.""]",,"[""hardly ever, hardly any""]"
hardware,,intermediate,"[""Everyday Conversation""]","Tools, machinery, and other durable equipment","[""He works in a hardware store.""]",,"[""computer hardware, hardware store""]"
harm,,intermediate,"[""Everyday Conversation""]","Physical injury, especially that which is deliberately inflicted","[""The accident caused serious harm.""]",,"[""cause harm, serious harm""]"
harmful,,intermediate,"[""Everyday Conversation""]",Causing or likely to cause harm,"[""Smoking is harmful to your health.""]",,"[""harmful effects, harmful to""]"
harmless,,intermediate,"[""Everyday Conversation""]",Not able or likely to cause harm,"[""The spider is harmless.""]",,"[""completely harmless, relatively harmless""]"
harmony,,intermediate,"[""Everyday Conversation""]",The combination of simultaneously sounded musical notes to produce chords and chord progressions having a pleasing effect,"[""Their voices were in perfect harmony.""]",,"[""in harmony, perfect harmony""]"
harsh,,intermediate,"[""Everyday Conversation""]",Unpleasantly rough or jarring to the senses,"[""The teacher's criticism was harsh.""]",,"[""harsh criticism, harsh conditions""]"
harvest,,intermediate,"[""Everyday Conversation""]",The process or period of gathering in crops,"[""The farmers are busy with the harvest.""]",,"[""harvest season, harvest time""]"
hat,,intermediate,"[""Everyday Conversation""]","A shaped covering for the head worn for warmth, as a fashion item, or as part of a uniform","[""He wore a hat to protect himself from the sun.""]",,"[""wear a hat, take off a hat""]"
hate,,intermediate,"[""Everyday Conversation""]",Intense dislike; feel antipathy or aversion towards,"[""She hates getting up early.""]",,"[""hate doing, hate it""]"
hatred,,intermediate,"[""Everyday Conversation""]",Intense dislike or ill will,"[""She was filled with hatred for her enemies.""]",,"[""intense hatred, feel hatred""]"
have,,intermediate,"[""Everyday Conversation""]","Possess, own, or hold","[""They have a beautiful house.""]",,"[""have a car, have to""]"
he,,intermediate,"[""Everyday Conversation""]","Used to refer to a man, boy, or male animal previously mentioned or easily identified","[""He is my brother.""]",,"[""he is, he has""]"
head,,intermediate,"[""Everyday Conversation""]","The upper part of the human body, or the front or upper part of an animal's body, typically separated from the rest of the body by a neck, and containing the brain, eyes, ears, nose, and mouth","[""He nodded his head in agreement.""]",,"[""head of the company, head injury""]"
headline,,intermediate,"[""Everyday Conversation""]",A heading at the top of an article or page in a newspaper or magazine,"[""The news headline caught everyone's attention.""]",,"[""news headline, headline news""]"
health,,intermediate,"[""Everyday Conversation""]",The state of being free from illness or injury,"[""Regular exercise is good for your health.""]",,"[""good health, public health""]"
healthy,,intermediate,"[""Everyday Conversation""]",In good health,"[""She leads a healthy lifestyle.""]",,"[""stay healthy, healthy diet""]"
hear,,intermediate,"[""Everyday Conversation""]",Perceive with the ear the sound made by (someone or something),"[""Can you hear that noise?""]",,"[""hear clearly, hear a sound""]"
hearing,,intermediate,"[""Everyday Conversation""]",The faculty of perceiving sounds,"[""He has a hearing problem.""]",,"[""hearing loss, hearing aid""]"
heart,,intermediate,"[""Everyday Conversation""]",A hollow muscular organ that pumps the blood through the circulatory system by rhythmic contraction and dilation,"[""Her heart was beating fast.""]",,"[""heart attack, heart rate""]"
heat,,intermediate,"[""Everyday Conversation""]",The quality of being hot; high temperature,"[""The heat of the sun was intense.""]",,"[""intense heat, feel the heat""]"
heating,,intermediate,"[""Everyday Conversation""]","Equipment or devices used to provide warmth, especially to a building","[""The heating system is not working.""]",,"[""central heating, heating system""]"
heaven,,intermediate,"[""Everyday Conversation""]","A place regarded in various religions as the abode of God (or the gods) and the angels, and of the good after death, often traditionally depicted as being above the sky","[""They believe their loved ones are in heaven.""]",,"[""believe in heaven, go to heaven""]"
heavily,,intermediate,"[""Everyday Conversation""]",To a great degree; in large amounts,"[""It rained heavily all night.""]",,"[""heavily influenced, heavily armed""]"
heavy,,intermediate,"[""Everyday Conversation""]",Of great weight; difficult to lift or move,"[""The box was too heavy to lift.""]",,"[""heavy rain, heavy load""]"
heel,,intermediate,"[""Everyday Conversation""]",The back part of the human foot below the ankle,"[""She has a blister on her heel.""]",,"[""high heel, heel pain""]"
height,,intermediate,"[""Everyday Conversation""]",The measurement from base to top or (of a standing person) from head to foot,"[""The height of the building is impressive.""]",,"[""height of the building, at a great height""]"
hell,,intermediate,"[""Everyday Conversation""]","A place regarded in various religions as a spiritual realm of evil and suffering, often traditionally depicted as a place of perpetual fire beneath the earth, where the wicked are punished after death","[""He was afraid of going to hell.""]",,"[""go to hell, feel like hell""]"
hello,,intermediate,"[""Everyday Conversation""]",Used as a greeting or to begin a telephone conversation,"[""She said hello to everyone.""]",,"[""say hello, wave hello""]"
help,,intermediate,"[""Everyday Conversation""]",Make it easier for (someone) to do something by offering one's services or resources,"[""Can you help me with this task?""]",,"[""offer help, need help""]"
help out,,intermediate,"[""Everyday Conversation""]",Assist someone,"[""He decided to help out at the community center.""]",,"[""help out with, help out at""]"
helpful,,intermediate,"[""Everyday Conversation""]",Giving or ready to give help,"[""She was very helpful during the project.""]",,"[""helpful advice, very helpful""]"
hence,,intermediate,"[""Everyday Conversation""]",As a consequence; for this reason,"[""The project is delayed; hence, the meeting is postponed.""]",,"[""hence the delay, hence the reason""]"
her,,intermediate,"[""Everyday Conversation""]",Belonging to or associated with a female person or animal previously mentioned or easily identified,"[""She lost her keys.""]",,"[""her book, her house""]"
hero,,intermediate,"[""Everyday Conversation""]","A person who is admired for their courage, outstanding achievements, or noble qualities","[""The firefighter was a hero.""]",,"[""unsung hero, war hero""]"
hers,,intermediate,"[""Everyday Conversation""]",Belonging to or associated with a female person previously mentioned,"[""The book is hers.""]",,"[""hers alone, all hers""]"
herself,,intermediate,"[""Everyday Conversation""]","Used to refer to a female person or animal previously mentioned as the object of a verb or preposition, when she is also the subject of the clause","[""She made the dress herself.""]",,"[""by herself, to herself""]"
hesitate,,intermediate,"[""Everyday Conversation""]","Pause before saying or doing something, especially through uncertainty","[""Do not hesitate to ask if you need anything.""]",,"[""hesitate to ask, hesitate before""]"
hi,,intermediate,"[""Everyday Conversation""]",Used as an informal greeting,"[""Hi, how are you?""]",,"[""say hi, hi there""]"
hide,,intermediate,"[""Everyday Conversation""]",Put or keep out of sight,"[""He tried to hide behind the tree.""]",,"[""hide behind, hide from""]"
high,,intermediate,"[""Everyday Conversation""]",Of great vertical extent,"[""The mountain is very high.""]",,"[""high building, high mountain""]"
highlight,,intermediate,"[""Everyday Conversation""]",An outstanding part of an event or period of time,"[""The highlight of the trip was the sunset.""]",,"[""highlight the text, highlight of the""]"
highly,,intermediate,"[""Everyday Conversation""]",To a high degree or level,"[""She is highly skilled.""]",,"[""highly recommended, highly effective""]"
highway,,intermediate,"[""Everyday Conversation""]","A main road, especially one connecting major towns or cities","[""They drove along the highway.""]",,"[""busy highway, main highway""]"
hill,,intermediate,"[""Everyday Conversation""]","A naturally raised area of land, not as high or craggy as a mountain","[""We climbed a small hill.""]",,"[""steep hill, rolling hills""]"
him,,intermediate,"[""Everyday Conversation""]",Used to refer to a male person or animal previously mentioned or easily identified,"[""I saw him at the store.""]",,"[""see him, know him""]"
himself,,intermediate,"[""Everyday Conversation""]","Used to refer to a male person or animal previously mentioned as the object of a verb or preposition, when he is also the subject of the clause","[""He built the house himself.""]",,"[""by himself, for himself""]"
hip,,intermediate,"[""Everyday Conversation""]",The projection of the pelvis and upper thigh bone on each side of the body in human beings and quadrupeds,"[""She has pain in her hip.""]",,"[""hip pain, hip joint""]"
hire,,intermediate,"[""Everyday Conversation""]",Obtain the temporary use of (something) for an agreed payment,"[""They decided to hire a car.""]",,"[""hire a car, hire an employee""]"
his,,intermediate,"[""Everyday Conversation""]",Belonging to or associated with a male person or animal previously mentioned or easily identified,"[""He forgot his keys.""]",,"[""his book, his car""]"
history,,intermediate,"[""Everyday Conversation""]","The study of past events, particularly in human affairs","[""She is studying history at university.""]",,"[""world history, history lesson""]"
hit,,intermediate,"[""Everyday Conversation""]",Bring one's hand or a tool or weapon into contact with (someone or something) quickly and forcefully,"[""He hit the ball with a bat.""]",,"[""hit the target, hit hard""]"
hobby,,intermediate,"[""Everyday Conversation""]",An activity done regularly in one's leisure time for pleasure,"[""Her hobby is painting.""]",,"[""favorite hobby, pursue a hobby""]"
hold,,intermediate,"[""Everyday Conversation""]","Grasp, carry, or support with one's hands","[""She held the baby in her arms.""]",,"[""hold tightly, hold onto""]"
hole,,intermediate,"[""Everyday Conversation""]",A hollow place in a solid body or surface,"[""There is a hole in the ground.""]",,"[""small hole, dig a hole""]"
holiday,,intermediate,"[""Everyday Conversation""]","An extended period of leisure and recreation, especially one spent away from home or traveling","[""They went on a holiday to Greece.""]",,"[""summer holiday, go on holiday""]"
hollow,,intermediate,"[""Everyday Conversation""]",Having a hole or empty space inside,"[""The tree was hollow inside.""]",,"[""hollow log, hollow sound""]"
home,,intermediate,"[""Everyday Conversation""]","The place where one lives permanently, especially as a member of a family or household","[""They bought a new home.""]",,"[""home sweet home, at home""]"
honest,,intermediate,"[""Everyday Conversation""]",Free of deceit and untruthfulness; sincere,"[""She is an honest person.""]",,"[""honest opinion, honest answer""]"
honestly,,intermediate,"[""Everyday Conversation""]","In a truthful, fair, or honorable way","[""He answered the questions honestly.""]",,"[""speak honestly, answer honestly""]"
honor,,intermediate,"[""Everyday Conversation""]",High respect; esteem,"[""He was honored for his bravery.""]",,"[""place of honor, honor and respect""]"
hook,,intermediate,"[""Everyday Conversation""]","A curved or bent tool for catching, holding, or pulling","[""She hung her coat on the hook.""]",,"[""coat hook, hook up""]"
hope,,intermediate,"[""Everyday Conversation""]",A feeling of expectation and desire for a certain thing to happen,"[""I hope to see you soon.""]",,"[""hope for, hope to""]"
horizontal,,intermediate,"[""Everyday Conversation""]",Parallel to the plane of the horizon; at right angles to the vertical,"[""The shelves are mounted horizontally.""]",,"[""horizontal line, horizontal surface""]"
horn,,intermediate,"[""Everyday Conversation""]","A hard, pointed, often curved part that grows from the top of the head of some animals","[""The bull has sharp horns.""]",,"[""blow the horn, animal horn""]"
horror,,intermediate,"[""Everyday Conversation""]","An intense feeling of fear, shock, or disgust","[""She felt a sense of horror at the news.""]",,"[""feel horror, horror movie""]"
horse,,intermediate,"[""Everyday Conversation""]",A large plant-eating domesticated mammal with solid hoofs and a flowing mane and tail,"[""He rode a horse.""]",,"[""ride a horse, horse riding""]"
hospital,,intermediate,"[""Everyday Conversation""]",An institution providing medical and surgical treatment and nursing care for sick or injured people,"[""She was taken to the hospital.""]",,"[""admit to hospital, hospital stay""]"
host,,intermediate,"[""Everyday Conversation""]",A person who receives or entertains other people as guests,"[""The host welcomed us warmly.""]",,"[""host a party, generous host""]"
hot,,intermediate,"[""Everyday Conversation""]",Having a high degree of heat or a high temperature,"[""It was a hot summer day.""]",,"[""hot day, hot water""]"
hotel,,intermediate,"[""Everyday Conversation""]","An establishment providing accommodations, meals, and other services for travelers and tourists","[""They stayed at a luxurious hotel.""]",,"[""luxury hotel, stay at a hotel""]"
hour,,intermediate,"[""Everyday Conversation""]",A period of time equal to a twenty-fourth part of a day and night and divided into 60 minutes,"[""It takes an hour to get there.""]",,"[""one hour, two hours""]"
house,,intermediate,"[""Everyday Conversation""]","A building for human habitation, especially one that is lived in by a family or small group of people","[""They bought a new house.""]",,"[""buy a house, house and home""]"
household,,intermediate,"[""Everyday Conversation""]",A house and its occupants regarded as a unit,"[""The whole household was asleep.""]",,"[""household chores, entire household""]"
housing,,intermediate,"[""Everyday Conversation""]",Houses and apartments considered collectively,"[""There is a need for affordable housing.""]",,"[""public housing, housing market""]"
how,,intermediate,"[""Everyday Conversation""]",In what way or manner; by what means,"[""How do you solve this problem?""]",,"[""how to, how come""]"
however,,intermediate,"[""Everyday Conversation""]",Used to introduce a statement that contrasts with or seems to contradict something that has been said previously,"[""He is tired; however, he will continue working.""]",,"[""however difficult, however much""]"
huge,,intermediate,"[""Everyday Conversation""]",Extremely large,"[""The elephant is a huge animal.""]",,"[""huge amount, huge success""]"
human,,intermediate,"[""Everyday Conversation""]",Relating to or characteristic of people or human beings,"[""Human rights are important.""]",,"[""human nature, human rights""]"
humorous,,intermediate,"[""Everyday Conversation""]",Causing lighthearted laughter and amusement; comic,"[""He told a humorous story.""]",,"[""humorous remark, humorous story""]"
humour,,intermediate,"[""Everyday Conversation""]","The quality of being amusing or comic, especially as expressed in literature or speech","[""His humour made everyone laugh.""]",,"[""sense of humour, dry humour""]"
hundred,,intermediate,"[""Everyday Conversation""]",The number equivalent to the product of ten and ten; 100,"[""There were a hundred people at the event.""]",,"[""hundred years, hundred dollars""]"
hungry,,intermediate,"[""Everyday Conversation""]",Feeling or displaying the need for food,"[""She is feeling hungry.""]",,"[""very hungry, feel hungry""]"
hunt,,intermediate,"[""Everyday Conversation""]",Pursue and kill (a wild animal) for sport or food,"[""They went to hunt deer.""]",,"[""hunt for, go hunting""]"
hurry,,intermediate,"[""Everyday Conversation""]",Move or act with haste; rush,"[""Hurry, or we'll be late.""]",,"[""in a hurry, hurry up""]"
hurt,,intermediate,"[""Everyday Conversation""]",Cause physical pain or injury to,"[""He hurt his leg while playing football.""]",,"[""hurt badly, hurt feelings""]"
husband,,intermediate,"[""Everyday Conversation""]",A married man considered in relation to his spouse,"[""Her husband is very supportive.""]",,"[""loving husband, good husband""]"
i,,intermediate,"[""Everyday Conversation""]",Used by a speaker to refer to himself or herself,"[""I am going to the store.""]",,"[""I am, I have""]"
ice,,intermediate,"[""Everyday Conversation""]","Frozen water, a brittle, transparent crystalline solid","[""The lake was covered with ice.""]",,"[""ice cubes, ice cold""]"
ice cream,,intermediate,"[""Everyday Conversation""]",A soft frozen food made with sweetened and flavored milk fat,"[""She loves chocolate ice cream.""]",,"[""ice cream cone, ice cream shop""]"
idea,,intermediate,"[""Everyday Conversation""]",A thought or suggestion as to a possible course of action,"[""She had a great idea for the project.""]",,"[""good idea, great idea""]"
ideal,,intermediate,"[""Everyday Conversation""]",Satisfying one's conception of what is perfect; most suitable,"[""He is the ideal candidate for the job.""]",,"[""ideal solution, ideal candidate""]"
identify,,intermediate,"[""Everyday Conversation""]",Establish or indicate who or what (someone or something) is,"[""Can you identify the suspect?""]",,"[""identify with, identify as""]"
identity,,intermediate,"[""Everyday Conversation""]",The fact of being who or what a person or thing is,"[""She struggled with her identity.""]",,"[""national identity, sense of identity""]"
if,,intermediate,"[""Everyday Conversation""]",Introducing a conditional clause,"[""If it rains, we will stay indoors.""]",,"[""if only, if possible""]"
ignore,,intermediate,"[""Everyday Conversation""]",Refuse to take notice of or acknowledge; disregard intentionally,"[""He ignored the warning signs.""]",,"[""ignore the fact, cannot ignore""]"
ill,,intermediate,"[""Everyday Conversation""]",Not in full health; sick,"[""She is ill with the flu.""]",,"[""seriously ill, terminally ill""]"
illegal,,intermediate,"[""Everyday Conversation""]","Contrary to or forbidden by law, especially criminal law","[""It's illegal to park here.""]",,"[""illegal activity, illegal drugs""]"
illness,,intermediate,"[""Everyday Conversation""]",A disease or period of sickness affecting the body or mind,"[""The illness kept him bedridden for weeks.""]",,"[""serious illness, mental illness""]"
illustrate,,intermediate,"[""Everyday Conversation""]","Explain or make (something) clear by using examples, charts, pictures, etc.","[""The teacher illustrated the concept with a diagram.""]",,"[""illustrate with, clearly illustrate""]"
image,,intermediate,"[""Everyday Conversation""]",A representation of the external form of a person or thing in art,"[""The artist created a beautiful image.""]",,"[""mental image, positive image""]"
imagine,,intermediate,"[""Everyday Conversation""]",Form a mental image or concept of,"[""Can you imagine a world without war?""]",,"[""imagine that, can you imagine""]"
immediate,,intermediate,"[""Everyday Conversation""]",Occurring or done at once; instant,"[""They need an immediate response.""]",,"[""immediate action, immediate response""]"
immediately,,intermediate,"[""Everyday Conversation""]",At once; instantly,"[""The ambulance arrived immediately.""]",,"[""respond immediately, immediately after""]"
impact,,intermediate,"[""Everyday Conversation""]",The action of one object coming forcibly into contact with another,"[""The impact of the crash was severe.""]",,"[""positive impact, major impact""]"
implement,,intermediate,"[""Everyday Conversation""]","Put (a decision, plan, agreement, etc.) into effect","[""They implemented the new policy.""]",,"[""implement changes, implement a policy""]"
implication,,intermediate,"[""Everyday Conversation""]",The conclusion that can be drawn from something although it is not explicitly stated,"[""The implication of his statement is clear.""]",,"[""far-reaching implication, serious implication""]"
importance,,intermediate,"[""Everyday Conversation""]",The state or fact of being of great significance or value,"[""She understands the importance of education.""]",,"[""understand the importance, importance of""]"
important,,intermediate,"[""Everyday Conversation""]",Of great significance or value,"[""This is an important decision.""]",,"[""important to, important for""]"
importantly,,intermediate,"[""Everyday Conversation""]",Used to emphasize a significant point or matter,"[""Importantly, he also mentioned the risks.""]",,"[""more importantly, very importantly""]"
impossible,,intermediate,"[""Everyday Conversation""]","Not able to occur, exist, or be done","[""It is impossible to solve this problem.""]",,"[""impossible task, impossible to""]"
impress,,intermediate,"[""Everyday Conversation""]",Make (someone) feel admiration and respect,"[""She wants to impress her boss.""]",,"[""impress with, impress someone""]"
impressed,,intermediate,"[""Everyday Conversation""]",Feeling or showing admiration or respect for someone or something,"[""He was impressed by her performance.""]",,"[""deeply impressed, quite impressed""]"
impression,,intermediate,"[""Everyday Conversation""]","An idea, feeling, or opinion about something or someone, especially one formed without conscious thought or on the basis of little evidence","[""She made a good impression at the interview.""]",,"[""first impression, lasting impression""]"
impressive,,intermediate,"[""Everyday Conversation""]","Evoking admiration through size, quality, or skill: grand, imposing, or awesome","[""The view was impressive.""]",,"[""most impressive, impressive feat""]"
improve,,intermediate,"[""Everyday Conversation""]",Make or become better,"[""He wants to improve his skills.""]",,"[""improve performance, improve skills""]"
improvement,,intermediate,"[""Everyday Conversation""]",An example or instance of improving or being improved,"[""There has been a significant improvement in her work.""]",,"[""make an improvement, show improvement""]"
in,,intermediate,"[""Everyday Conversation""]",Expressing the situation of something that is or appears to be enclosed or surrounded by something else,"[""The keys are in the drawer.""]",,"[""in the room, in the box""]"
inability,,intermediate,"[""Everyday Conversation""]","The lack of ability, means, or power to do something","[""His inability to walk was due to an injury.""]",,"[""inability to, due to inability""]"
inch,,intermediate,"[""Everyday Conversation""]",A unit of linear measure equal to one twelfth of a foot (2.54 cm),"[""The screen measures 15 inches.""]",,"[""inch by inch, every inch""]"
incident,,intermediate,"[""Everyday Conversation""]",An event or occurrence,"[""The incident was reported to the police.""]",,"[""report an incident, incident report""]"
include,,intermediate,"[""Everyday Conversation""]",Comprise or contain as part of a whole,"[""The price includes tax.""]",,"[""include in, include all""]"
including,,intermediate,"[""Everyday Conversation""]",Containing (someone or something) as part of the whole being considered,"[""We are open every day including weekends.""]",,"[""including everything, including everyone""]"
income,,intermediate,"[""Everyday Conversation""]","Money received, especially on a regular basis, for work or through investments","[""She has a steady income.""]",,"[""monthly income, steady income""]"
increase,,intermediate,"[""Everyday Conversation""]","Become or make greater in size, amount, intensity, or degree","[""They plan to increase production.""]",,"[""increase by, increase in""]"
increasingly,,intermediate,"[""Everyday Conversation""]",To an increasing extent; more and more,"[""He is becoming increasingly worried.""]",,"[""increasingly common, increasingly aware""]"
indeed,,intermediate,"[""Everyday Conversation""]",Used to emphasize a statement or response confirming something already suggested,"[""Indeed, it was a remarkable achievement.""]",,"[""yes, indeed, indeed it is""]"
independence,,intermediate,"[""Everyday Conversation""]",The fact or state of being independent,"[""The country gained independence in 1960.""]",,"[""gain independence, national independence""]"
independent,,intermediate,"[""Everyday Conversation""]",Free from outside control; not depending on another's authority,"[""She is an independent woman.""]",,"[""independent from, independent of""]"
index,,intermediate,"[""Everyday Conversation""]","An alphabetical list of names, subjects, etc., with references to the places where they occur, typically found at the end of a book","[""Look up the term in the index.""]",,"[""alphabetical index, name index""]"
indicate,,intermediate,"[""Everyday Conversation""]",Point out; show,"[""Please indicate your preferences on the form.""]",,"[""indicate clearly, indicate a preference""]"
indication,,intermediate,"[""Everyday Conversation""]",A sign or piece of information that indicates something,"[""There is no indication of a break-in.""]",,"[""strong indication, indication of""]"
indirect,,intermediate,"[""Everyday Conversation""]",Not directly caused by or resulting from something,"[""They took an indirect route to avoid traffic.""]",,"[""indirect effect, indirect route""]"
indirectly,,intermediate,"[""Everyday Conversation""]",In a way that is not directly caused by or connected with something,"[""She was indirectly involved in the decision.""]",,"[""indirectly related, indirectly involved""]"
individual,,intermediate,"[""Everyday Conversation""]","A single human being as distinct from a group, class, or family","[""Every individual has rights.""]",,"[""individual rights, unique individual""]"
indoors,,intermediate,"[""Everyday Conversation""]",Inside a building,"[""We stayed indoors during the storm.""]",,"[""stay indoors, remain indoors""]"
industrial,,intermediate,"[""Everyday Conversation""]",Relating to or characterized by industry,"[""The city is known for its industrial heritage.""]",,"[""industrial area, industrial revolution""]"
industry,,intermediate,"[""Everyday Conversation""]",Economic activity concerned with the processing of raw materials and manufacture of goods in factories,"[""The steel industry is vital to the economy.""]",,"[""service industry, tourism industry""]"
inevitable,,intermediate,"[""Everyday Conversation""]",Certain to happen; unavoidable,"[""Death is inevitable.""]",,"[""inevitable consequence, inevitable result""]"
inevitably,,intermediate,"[""Everyday Conversation""]",As is certain to happen; unavoidably,"[""Inevitably, some mistakes were made.""]",,"[""inevitably lead to, inevitably happen""]"
infect,,intermediate,"[""Everyday Conversation""]","Affect (a person, organism, etc.) with a disease-causing organism","[""The virus can infect humans and animals.""]",,"[""infect with, can infect""]"
infection,,intermediate,"[""Everyday Conversation""]",The process of infecting or the state of being infected,"[""He has a throat infection.""]",,"[""bacterial infection, serious infection""]"
infectious,,intermediate,"[""Everyday Conversation""]",Likely to spread or influence others in a rapid manner,"[""Flu is highly infectious.""]",,"[""highly infectious, infectious disease""]"
influence,,intermediate,"[""Everyday Conversation""]","The capacity to have an effect on the character, development, or behavior of someone or something, or the effect itself","[""His influence made a big difference.""]",,"[""strong influence, influence on""]"
inform,,intermediate,"[""Everyday Conversation""]",Give (someone) facts or information; tell,"[""Please inform me of any changes.""]",,"[""inform the public, inform of""]"
informal,,intermediate,"[""Everyday Conversation""]","Having a relaxed, friendly, or unofficial style, manner, or nature","[""They had an informal meeting.""]",,"[""informal meeting, informal dress""]"
information,,intermediate,"[""Everyday Conversation""]",Facts provided or learned about something or someone,"[""We need more information about the event.""]",,"[""gather information, provide information""]"
ingredient,,intermediate,"[""Everyday Conversation""]",Any of the foods or substances that are combined to make a particular dish,"[""The main ingredient is flour.""]",,"[""key ingredient, main ingredient""]"
initial,,intermediate,"[""Everyday Conversation""]",Existing or occurring at the beginning,"[""His initial reaction was surprise.""]",,"[""initial impression, initial reaction""]"
initially,,intermediate,"[""Everyday Conversation""]",At first,"[""Initially, it was difficult to understand.""]",,"[""initially thought, initially planned""]"
initiate,,intermediate,"[""Everyday Conversation""]",Cause (a process or action) to begin,"[""They decided to initiate the project.""]",,"[""initiate a process, initiate contact""]"
initiative,,intermediate,"[""Everyday Conversation""]",The ability to assess and initiate things independently,"[""She took the initiative to start the meeting.""]",,"[""take the initiative, business initiative""]"
injure,,intermediate,"[""Everyday Conversation""]",Do physical harm or damage to (someone),"[""He injured his leg while playing soccer.""]",,"[""injure seriously, injure oneself""]"
injured,,intermediate,"[""Everyday Conversation""]","Harmed, damaged, or impaired","[""The injured person was taken to the hospital.""]",,"[""seriously injured, injured person""]"
injury,,intermediate,"[""Everyday Conversation""]",An instance of being injured,"[""He suffered a serious injury.""]",,"[""serious injury, minor injury""]"
ink,,intermediate,"[""Everyday Conversation""]","A colored fluid used for writing, drawing, printing, or duplicating","[""The pen ran out of ink.""]",,"[""black ink, ink pen""]"
inner,,intermediate,"[""Everyday Conversation""]",Situated inside or further in; internal,"[""She felt a sense of inner peace.""]",,"[""inner peace, inner thoughts""]"
innocent,,intermediate,"[""Everyday Conversation""]",Not guilty of a crime or offense,"[""He was found innocent of the charges.""]",,"[""innocent child, innocent of""]"
inquiry,,intermediate,"[""Everyday Conversation""]",An act of asking for information,"[""They launched an inquiry into the matter.""]",,"[""conduct an inquiry, police inquiry""]"
insect,,intermediate,"[""Everyday Conversation""]",A small arthropod animal that has six legs and generally one or two pairs of wings,"[""The insect buzzed around the room.""]",,"[""insect bite, flying insect""]"
inside,,intermediate,"[""Everyday Conversation""]",Situated or occurring within; interior,"[""The keys are inside the drawer.""]",,"[""inside the house, inside out""]"
insist,,intermediate,"[""Everyday Conversation""]","Demand something forcefully, not accepting refusal","[""He insisted on paying for the meal.""]",,"[""insist on, insist that""]"
insist on,,intermediate,"[""Everyday Conversation""]",To demand or persist in some course of action,"[""She insists on doing everything herself.""]",,"[""insist on doing, insist on something""]"
install,,intermediate,"[""Everyday Conversation""]",Place or fix (equipment or machinery) in position ready for use,"[""They will install the new software tomorrow.""]",,"[""install software, install equipment""]"
instance,,intermediate,"[""Everyday Conversation""]",An example or single occurrence of something,"[""For instance, she said she would be late.""]",,"[""for instance, such instances""]"
instead,,intermediate,"[""Everyday Conversation""]",As an alternative or substitute,"[""He didn't go to the party; instead, he stayed home.""]",,"[""instead of, instead choose""]"
instead of,,intermediate,"[""Everyday Conversation""]",In place of,"[""Use honey instead of sugar.""]",,"[""instead of, instead of going""]"
institute,,intermediate,"[""Everyday Conversation""]","A society or organization having a particular object or common factor, especially a scientific, educational, or social one","[""They work at a research institute.""]",,"[""research institute, financial institute""]"
institution,,intermediate,"[""Everyday Conversation""]","An organization founded for a religious, educational, professional, or social purpose","[""The institution provides care for the elderly.""]",,"[""educational institution, social institution""]"
instruct,,intermediate,"[""Everyday Conversation""]","Direct or command someone to do something, especially as an official order","[""The teacher instructed the students to line up.""]",,"[""instruct on, instruct how""]"
instruction,,intermediate,"[""Everyday Conversation""]",A direction or order,"[""Follow the instructions carefully.""]",,"[""follow the instructions, clear instructions""]"
instrument,,intermediate,"[""Everyday Conversation""]","A tool or implement, especially one for precision work","[""He played a musical instrument.""]",,"[""musical instrument, precision instrument""]"
insult,,intermediate,"[""Everyday Conversation""]",Speak to or treat with disrespect or scornful abuse,"[""He insulted her in front of everyone.""]",,"[""insult someone, feel insulted""]"
insulting,,intermediate,"[""Everyday Conversation""]",Disrespectful or scornfully abusive,"[""His comments were insulting.""]",,"[""insulting remarks, insulting behavior""]"
insurance,,intermediate,"[""Everyday Conversation""]","A practice or arrangement by which a company or government agency provides a guarantee of compensation for specified loss, damage, illness, or death in return for payment of a premium","[""She has health insurance.""]",,"[""health insurance, insurance policy""]"
intelligence,,intermediate,"[""Everyday Conversation""]",The ability to acquire and apply knowledge and skills,"[""She has a high level of intelligence.""]",,"[""high intelligence, emotional intelligence""]"
intelligent,,intermediate,"[""Everyday Conversation""]","Having or showing intelligence, especially of a high level","[""He is very intelligent.""]",,"[""intelligent person, intelligent answer""]"
intend,,intermediate,"[""Everyday Conversation""]",Have (a course of action) as one's purpose or objective; plan,"[""They intend to start a business.""]",,"[""intend to, intend for""]"
intended,,intermediate,"[""Everyday Conversation""]",Planned or meant,"[""The intended outcome was not achieved.""]",,"[""intended for, intended as""]"
intention,,intermediate,"[""Everyday Conversation""]",A thing intended; an aim or plan,"[""Her intention is to become a doctor.""]",,"[""good intention, clear intention""]"
interest,,intermediate,"[""Everyday Conversation""]",The feeling of wanting to know or learn about something or someone,"[""She has a keen interest in art.""]",,"[""show interest, have an interest""]"
interested,,intermediate,"[""Everyday Conversation""]",Showing curiosity or concern about something or someone; having a feeling of interest,"[""He is very interested in music.""]",,"[""interested in, very interested""]"
interesting,,intermediate,"[""Everyday Conversation""]",Arousing curiosity or interest; holding or catching the attention,"[""The book was very interesting.""]",,"[""find interesting, interesting topic""]"
interior,,intermediate,"[""Everyday Conversation""]",Situated within or inside; relating to the inside; inner,"[""The interior of the house is beautiful.""]",,"[""interior design, interior of""]"
internal,,intermediate,"[""Everyday Conversation""]",Of or situated on the inside,"[""She has an internal injury.""]",,"[""internal organs, internal use""]"
international,,intermediate,"[""Everyday Conversation""]","Existing, occurring, or carried on between two or more nations","[""They are attending an international conference.""]",,"[""international trade, international relations""]"
internet,,intermediate,"[""Everyday Conversation""]",A global computer network providing a variety of information and communication facilities,"[""I found the information on the Internet.""]",,"[""access the Internet, browse the Internet""]"
interpret,,intermediate,"[""Everyday Conversation""]","Explain the meaning of (information, words, or actions)","[""He will interpret the results for us.""]",,"[""interpret data, interpret correctly""]"
interpretation,,intermediate,"[""Everyday Conversation""]",The action of explaining the meaning of something,"[""Her interpretation of the text was unique.""]",,"[""accurate interpretation, unique interpretation""]"
interrupt,,intermediate,"[""Everyday Conversation""]",Stop the continuous progress of (an activity or process),"[""Please do not interrupt the speaker.""]",,"[""interrupt the flow, do not interrupt""]"
interview,,intermediate,"[""Everyday Conversation""]","A meeting of people face to face, especially for consultation","[""She had a job interview yesterday.""]",,"[""job interview, interview process""]"
into,,intermediate,"[""Everyday Conversation""]",Expressing movement or action with the result that someone or something becomes enclosed or surrounded by something else,"[""He went into the room.""]",,"[""into the box, into the room""]"
introduce,,intermediate,"[""Everyday Conversation""]","Bring (something, especially a product, measure, or concept) into use or operation for the first time","[""They will introduce a new product next month.""]",,"[""introduce a product, introduce oneself""]"
introduction,,intermediate,"[""Everyday Conversation""]",The action of introducing something,"[""The introduction of the new policy was well received.""]",,"[""brief introduction, detailed introduction""]"
invent,,intermediate,"[""Everyday Conversation""]",Create or design (something that has not existed before); be the originator of,"[""He invented a new type of engine.""]",,"[""invent something new, invent a device""]"
invention,,intermediate,"[""Everyday Conversation""]","The action of inventing something, typically a process or device","[""The invention of the telephone changed the world.""]",,"[""groundbreaking invention, recent invention""]"
invest,,intermediate,"[""Everyday Conversation""]","Expend money with the expectation of achieving a profit or material result by putting it into financial schemes, shares, or property, or by using it to develop a commercial venture","[""She decided to invest in real estate.""]",,"[""invest money, invest time""]"
investigate,,intermediate,"[""Everyday Conversation""]","Carry out a systematic or formal inquiry to discover and examine the facts of (an incident, allegation, etc.) so as to establish the truth","[""The police will investigate the case.""]",,"[""investigate thoroughly, investigate a case""]"
investment,,intermediate,"[""Everyday Conversation""]",The action or process of investing money for profit,"[""His investment in the company paid off.""]",,"[""financial investment, secure investment""]"
invite,,intermediate,"[""Everyday Conversation""]","Make a polite, formal, or friendly request to (someone) to go somewhere or to do something","[""They invited us to their wedding.""]",,"[""invite someone, invite to""]"
involve,,intermediate,"[""Everyday Conversation""]",Include (something) as a necessary part or result,"[""The project will involve several steps.""]",,"[""involve in, involve with""]"
involved,,intermediate,"[""Everyday Conversation""]",Difficult to comprehend; complicated,"[""He is involved in many activities.""]",,"[""deeply involved, directly involved""]"
involvement,,intermediate,"[""Everyday Conversation""]",The fact or condition of being involved with or participating in something,"[""Her involvement in the project was crucial.""]",,"[""active involvement, direct involvement""]"
iron,,intermediate,"[""Everyday Conversation""]","A strong, hard magnetic silvery-gray metal, the chemical element of atomic number 26","[""The gate is made of iron.""]",,"[""cast iron, iron gate""]"
irritate,,intermediate,"[""Everyday Conversation""]",Make (someone) annoyed or a little angry,"[""His comments irritated her.""]",,"[""irritate easily, irritate someone""]"
irritated,,intermediate,"[""Everyday Conversation""]",Showing or feeling slight anger; annoyed,"[""She was irritated by the noise.""]",,"[""visibly irritated, slightly irritated""]"
island,,intermediate,"[""Everyday Conversation""]",A piece of land surrounded by water,"[""They visited a tropical island.""]",,"[""tropical island, desert island""]"
issue,,intermediate,"[""Everyday Conversation""]",An important topic or problem for debate or discussion,"[""They discussed the issue at length.""]",,"[""address an issue, current issue""]"
it,,intermediate,"[""Everyday Conversation""]",Used to refer to a thing previously mentioned or easily identified,"[""It is raining outside.""]",,"[""it is, it has""]"
item,,intermediate,"[""Everyday Conversation""]","An individual article or unit, especially one that is part of a list, collection, or set","[""Each item on the list must be checked.""]",,"[""check an item, list item""]"
itself,,intermediate,"[""Everyday Conversation""]",Used to emphasize a particular thing or animal mentioned,"[""The cat cleans itself.""]",,"[""by itself, for itself""]"
jacket,,intermediate,"[""Everyday Conversation""]",A short coat,"[""He wore a leather jacket.""]",,"[""leather jacket, denim jacket""]"
jam,,intermediate,"[""Everyday Conversation""]",A sweet spread or preserve made from fruit and sugar boiled to a thick consistency,"[""She spread jam on her toast.""]",,"[""spread jam, fruit jam""]"
january,,intermediate,"[""Everyday Conversation""]","The first month of the year, in the northern hemisphere usually considered the second month of winter","[""January is a cold month.""]",,"[""January weather, January 1st""]"
jealous,,intermediate,"[""Everyday Conversation""]",Feeling or showing envy of someone or their achievements and advantages,"[""He felt jealous of his friend's success.""]",,"[""feel jealous, jealous of""]"
jeans,,intermediate,"[""Everyday Conversation""]",Hard-wearing trousers made of denim or other cotton fabric,"[""She bought a new pair of jeans.""]",,"[""pair of jeans, blue jeans""]"
jelly,,intermediate,"[""Everyday Conversation""]","A sweet, clear, semisolid spread or preserve made from fruit juice and sugar boiled to a thick consistency","[""She likes strawberry jelly.""]",,"[""strawberry jelly, fruit jelly""]"
jewel,,intermediate,"[""Everyday Conversation""]","A precious stone, typically a single crystal or a piece of a hard lustrous or translucent mineral cut into a regular shape","[""The crown was adorned with jewels.""]",,"[""precious jewel, crown jewel""]"
jewelry,,intermediate,"[""Everyday Conversation""]","Personal ornaments, such as necklaces, rings, or bracelets, that are typically made from or contain jewels and precious metal","[""She wore elegant jewelry.""]",,"[""gold jewelry, elegant jewelry""]"
job,,intermediate,"[""Everyday Conversation""]",A paid position of regular employment,"[""He has a new job at the company.""]",,"[""new job, part-time job""]"
join,,intermediate,"[""Everyday Conversation""]",Link or connect (something) together,"[""They decided to join the club.""]",,"[""join a club, join the team""]"
joint,,intermediate,"[""Everyday Conversation""]",A point at which parts of an artificial structure are joined,"[""He has pain in his knee joint.""]",,"[""knee joint, elbow joint""]"
jointly,,intermediate,"[""Everyday Conversation""]",With another person or people; together,"[""They worked jointly on the project.""]",,"[""jointly owned, jointly responsible""]"
joke,,intermediate,"[""Everyday Conversation""]","A thing that someone says to cause amusement or laughter, especially a story with a funny punchline","[""He told a funny joke.""]",,"[""tell a joke, play a joke""]"
journalist,,intermediate,"[""Everyday Conversation""]","A person who writes for newspapers, magazines, or news websites or prepares news to be broadcast","[""She is a well-known journalist.""]",,"[""investigative journalist, freelance journalist""]"
journey,,intermediate,"[""Everyday Conversation""]",An act of traveling from one place to another,"[""Their journey took several days.""]",,"[""long journey, enjoy the journey""]"
joy,,intermediate,"[""Everyday Conversation""]",A feeling of great pleasure and happiness,"[""She was filled with joy.""]",,"[""great joy, joy of""]"
judge,,intermediate,"[""Everyday Conversation""]",A public official appointed to decide cases in a court of law,"[""The judge will give his verdict.""]",,"[""court judge, supreme judge""]"
judgement,,intermediate,"[""Everyday Conversation""]",The ability to make considered decisions or come to sensible conclusions,"[""Use your judgement to make the decision.""]",,"[""good judgement, sound judgement""]"
juice,,intermediate,"[""Everyday Conversation""]",The liquid obtained from or present in fruit or vegetables,"[""She drank a glass of orange juice.""]",,"[""fruit juice, fresh juice""]"
july,,intermediate,"[""Everyday Conversation""]","The seventh month of the year, in the northern hemisphere usually considered the second month of summer","[""We have a holiday in July.""]",,"[""in July, July 4th""]"
jump,,intermediate,"[""Everyday Conversation""]",Push oneself off a surface and into the air by using the muscles in one's legs and feet,"[""The cat can jump high.""]",,"[""jump up, jump over""]"
june,,intermediate,"[""Everyday Conversation""]","The sixth month of the year, in the northern hemisphere usually considered the first month of summer","[""June is my favorite month.""]",,"[""in June, June 1st""]"
junior,,intermediate,"[""Everyday Conversation""]","Of, for, or denoting young or younger people","[""He is a junior member of the team.""]",,"[""junior team, junior member""]"
jury,,intermediate,"[""Everyday Conversation""]",A body of people (typically twelve in number) sworn to give a verdict in a legal case on the basis of evidence submitted to them in court,"[""The jury reached a unanimous verdict.""]",,"[""serve on a jury, jury duty""]"
just,,intermediate,"[""Everyday Conversation""]",Based on or behaving according to what is morally right and fair,"[""It was a just decision.""]",,"[""just decision, just cause""]"
justice,,intermediate,"[""Everyday Conversation""]",Just behavior or treatment,"[""They are fighting for justice.""]",,"[""seek justice, social justice""]"
justify,,intermediate,"[""Everyday Conversation""]",Show or prove to be right or reasonable,"[""She tried to justify her actions.""]",,"[""justify actions, justify the means""]"
keen,,intermediate,"[""Everyday Conversation""]",Having or showing eagerness or enthusiasm,"[""She is keen to learn new things.""]",,"[""keen interest, keen on""]"
keep,,intermediate,"[""Everyday Conversation""]",Have or retain possession of,"[""Please keep this document safe.""]",,"[""keep safe, keep in mind""]"
key,,intermediate,"[""Everyday Conversation""]",A small piece of shaped metal with incisions cut to fit the wards of a particular lock and operate it,"[""He lost his keys.""]",,"[""house key, key to""]"
keyboard,,intermediate,"[""Everyday Conversation""]",A panel of keys that operate a computer or typewriter,"[""She typed the letter on the keyboard.""]",,"[""keyboard keys, computer keyboard""]"
kick,,intermediate,"[""Everyday Conversation""]",Strike or propel forcibly with the foot,"[""He kicked the ball into the goal.""]",,"[""kick a ball, kick out""]"
kid,,intermediate,"[""Everyday Conversation""]",A child or young person,"[""The kids are playing outside.""]",,"[""young kid, kids are""]"
kill,,intermediate,"[""Everyday Conversation""]","Cause the death of (a person, animal, or other living thing)","[""He was killed in an accident.""]",,"[""kill time, kill the mood""]"
kind,,intermediate,"[""Everyday Conversation""]",A group of people or things having similar characteristics,"[""There are many kinds of flowers.""]",,"[""different kinds, same kind""]"
kindly,,intermediate,"[""Everyday Conversation""]",In a kind manner,"[""She kindly offered to help.""]",,"[""kindly offer, kindly ask""]"
kindness,,intermediate,"[""Everyday Conversation""]","The quality of being friendly, generous, and considerate","[""Her kindness is appreciated.""]",,"[""act of kindness, kindness to""]"
king,,intermediate,"[""Everyday Conversation""]","The male ruler of an independent state, especially one who inherits the position by right of birth","[""The king addressed his subjects.""]",,"[""king and queen, the king's""]"
kiss,,intermediate,"[""Everyday Conversation""]","Touch with the lips as a sign of love, sexual desire, reverence, or greeting","[""He kissed her on the cheek.""]",,"[""kiss on the cheek, kiss and tell""]"
kitchen,,intermediate,"[""Everyday Conversation""]",A room or area where food is prepared and cooked,"[""She cooked dinner in the kitchen.""]",,"[""kitchen table, kitchen sink""]"
knee,,intermediate,"[""Everyday Conversation""]",The joint between the thigh and the lower leg,"[""He injured his knee while playing soccer.""]",,"[""knee injury, knee joint""]"
knife,,intermediate,"[""Everyday Conversation""]","An instrument composed of a blade fixed into a handle, used for cutting or as a weapon","[""He cut the vegetables with a knife.""]",,"[""sharp knife, knife blade""]"
knit,,intermediate,"[""Everyday Conversation""]","Make (a garment, fabric, etc.) by interlocking loops of wool or other yarn with knitting needles or on a machine","[""She likes to knit scarves.""]",,"[""knit a sweater, knit together""]"
knock,,intermediate,"[""Everyday Conversation""]","Strike a surface noisily to attract attention, especially when waiting to be let in through a door","[""He knocked on the door.""]",,"[""knock on the door, knock down""]"
know,,intermediate,"[""Everyday Conversation""]","Be aware of through observation, inquiry, or information","[""I know the answer.""]",,"[""know the answer, know how""]"
knowledge,,intermediate,"[""Everyday Conversation""]","Facts, information, and skills acquired through experience or education; the theoretical or practical understanding of a subject","[""His knowledge of history is impressive.""]",,"[""vast knowledge, acquire knowledge""]"
label,,intermediate,"[""Everyday Conversation""]","A small piece of paper, fabric, plastic, or similar material attached to an object and giving information about it","[""She read the label on the bottle.""]",,"[""product label, label on""]"
laboratory,,intermediate,"[""Everyday Conversation""]","A room or building equipped for scientific experiments, research, or teaching, or for the manufacture of drugs or chemicals","[""The scientist works in a laboratory.""]",,"[""scientific laboratory, chemistry laboratory""]"
lack,,intermediate,"[""Everyday Conversation""]",The state of being without or not having enough of something,"[""There is a lack of evidence.""]",,"[""lack of, complete lack""]"
lady,,intermediate,"[""Everyday Conversation""]",A woman (used as a polite or old-fashioned form of reference),"[""She is a kind lady.""]",,"[""young lady, kind lady""]"
lake,,intermediate,"[""Everyday Conversation""]",A large body of water surrounded by land,"[""They swam in the lake.""]",,"[""swim in the lake, large lake""]"
lamp,,intermediate,"[""Everyday Conversation""]","A device for giving light, either one consisting of an electric bulb together with its holder and shade or cover","[""He turned on the lamp.""]",,"[""table lamp, lamp post""]"
land,,intermediate,"[""Everyday Conversation""]","The part of the earth's surface that is not covered by water, as opposed to the sea or the air","[""They bought a piece of land.""]",,"[""piece of land, own land""]"
landscape,,intermediate,"[""Everyday Conversation""]","All the visible features of an area of countryside or land, often considered in terms of their aesthetic appeal","[""The landscape is beautiful.""]",,"[""beautiful landscape, landscape painting""]"
language,,intermediate,"[""Everyday Conversation""]","The method of human communication, either spoken or written, consisting of the use of words in a structured and conventional way","[""He speaks three languages.""]",,"[""native language, foreign language""]"
large,,intermediate,"[""Everyday Conversation""]","Of considerable or relatively great size, extent, or capacity","[""They live in a large house.""]",,"[""large house, large amount""]"
largely,,intermediate,"[""Everyday Conversation""]",To a great extent; mostly,"[""The success is largely due to teamwork.""]",,"[""largely due to, largely responsible""]"
last,,intermediate,"[""Everyday Conversation""]",Coming after all others in time or order; final,"[""He was the last person to leave.""]",,"[""last person, last place""]"
late,,intermediate,"[""Everyday Conversation""]","Doing something or taking place after the expected, proper, or usual time","[""She arrived late to the meeting.""]",,"[""arrive late, late at night""]"
later,,intermediate,"[""Everyday Conversation""]",At a time subsequent to a reference time,"[""We will discuss this later.""]",,"[""later today, see you later""]"
latest,,intermediate,"[""Everyday Conversation""]",The most recent or current,"[""Here is the latest news.""]",,"[""latest news, latest technology""]"
laugh,,intermediate,"[""Everyday Conversation""]",Make the spontaneous sounds and movements of the face and body that are the instinctive expressions of lively amusement and sometimes also of contempt or derision,"[""The joke made everyone laugh.""]",,"[""laugh out loud, laugh at""]"
launch,,intermediate,"[""Everyday Conversation""]",Set (a boat) in motion by pushing it or allowing it to roll into the water,"[""They will launch the new product next month.""]",,"[""launch a campaign, product launch""]"
law,,intermediate,"[""Everyday Conversation""]",The system of rules which a particular country or community recognizes as regulating the actions of its members and which it may enforce by the imposition of penalties,"[""Everyone must obey the law.""]",,"[""break the law, law and order""]"
lawyer,,intermediate,"[""Everyday Conversation""]",A person who practices or studies law; an attorney or a counselor,"[""She is studying to become a lawyer.""]",,"[""criminal lawyer, corporate lawyer""]"
lay,,intermediate,"[""Everyday Conversation""]","Put down, especially gently or carefully","[""He lay down on the bed.""]",,"[""lay down, lay on""]"
layer,,intermediate,"[""Everyday Conversation""]","A sheet, quantity, or thickness of material, typically one of several, covering a surface or body","[""There is a layer of dust on the shelf.""]",,"[""thin layer, layer of dust""]"
lazy,,intermediate,"[""Everyday Conversation""]",Unwilling to work or use energy,"[""He is too lazy to clean his room.""]",,"[""lazy day, feel lazy""]"
lead,,intermediate,"[""Everyday Conversation""]","Cause (a person or animal) to go with one by holding them by the hand, a halter, a rope, etc. while moving forward","[""She will lead the team to victory.""]",,"[""lead the way, lead to""]"
leader,,intermediate,"[""Everyday Conversation""]","The person who leads or commands a group, organization, or country","[""He is a natural leader.""]",,"[""natural leader, team leader""]"
leading,,intermediate,"[""Everyday Conversation""]",Most important,"[""She is the leading expert in the field.""]",,"[""leading role, leading cause""]"
leaf,,intermediate,"[""Everyday Conversation""]","A flattened structure of a higher plant, typically green and bladelike, that is attached to a stem directly or via a stalk","[""The tree has lost all its leaves.""]",,"[""green leaf, leaf fall""]"
league,,intermediate,"[""Everyday Conversation""]","A collection of people, countries, or groups that combine for a particular purpose, typically mutual protection or cooperation","[""They formed a new league.""]",,"[""football league, join a league""]"
lean,,intermediate,"[""Everyday Conversation""]",Be in or move into a sloping position,"[""She leaned back in her chair.""]",,"[""lean against, lean back""]"
learn,,intermediate,"[""Everyday Conversation""]","Gain or acquire knowledge of or skill in (something) by study, experience, or being taught","[""He wants to learn French.""]",,"[""learn a language, learn from""]"
least,,intermediate,"[""Everyday Conversation""]","Smallest in amount, extent, or significance","[""He did the least work.""]",,"[""at least, the least""]"
leather,,intermediate,"[""Everyday Conversation""]",A material made from the skin of an animal by tanning or a similar process,"[""The jacket is made of leather.""]",,"[""leather jacket, leather shoes""]"
leave,,intermediate,"[""Everyday Conversation""]",Go away from,"[""She decided to leave the party early.""]",,"[""leave early, leave behind""]"
lecture,,intermediate,"[""Everyday Conversation""]","An educational talk to an audience, especially one of students in a university","[""The professor gave an interesting lecture.""]",,"[""give a lecture, attend a lecture""]"
left,,intermediate,"[""Everyday Conversation""]","On, towards, or relating to the side of a human body or of a thing that is to the west when the person or thing is facing north","[""Turn left at the next intersection.""]",,"[""turn left, left side""]"
leg,,intermediate,"[""Everyday Conversation""]",Each of the limbs on which a person or animal walks and stands,"[""He injured his leg during the game.""]",,"[""broken leg, leg injury""]"
legal,,intermediate,"[""Everyday Conversation""]","Of, based on, or concerned with the law","[""He needs legal advice.""]",,"[""legal advice, legal rights""]"
legally,,intermediate,"[""Everyday Conversation""]",In a way that conforms to or is permitted or required by the law,"[""The business is operating legally.""]",,"[""legally required, legally binding""]"
lemon,,intermediate,"[""Everyday Conversation""]","A yellow citrus fruit with a bitter, acidic juice","[""She added lemon to the tea.""]",,"[""slice of lemon, lemon juice""]"
lend,,intermediate,"[""Everyday Conversation""]",Grant to (someone) the use of (something) on the understanding that it will be returned,"[""Can you lend me your pen?""]",,"[""lend money, lend a hand""]"
length,,intermediate,"[""Everyday Conversation""]",The measurement or extent of something from end to end,"[""The length of the table is 2 meters.""]",,"[""full length, length of""]"
less,,intermediate,"[""Everyday Conversation""]",To a smaller extent; not as much,"[""She earns less money than he does.""]",,"[""less than, no less""]"
lesson,,intermediate,"[""Everyday Conversation""]",An amount of teaching given at one time; a period of learning or teaching,"[""The teacher gave a history lesson.""]",,"[""history lesson, life lesson""]"
let,,intermediate,"[""Everyday Conversation""]",Allow someone to have or do something,"[""She let him use her car.""]",,"[""let go, let out""]"
letter,,intermediate,"[""Everyday Conversation""]","A written, typed, or printed communication, especially one sent in an envelope by mail or messenger","[""She received a letter from her friend.""]",,"[""write a letter, send a letter""]"
level,,intermediate,"[""Everyday Conversation""]","A position on a real or imaginary scale of amount, quantity, extent, or quality","[""The water level is rising.""]",,"[""water level, level of""]"
library,,intermediate,"[""Everyday Conversation""]","A building or room containing collections of books, periodicals, and sometimes films and recorded music for people to read, borrow, or refer to","[""She borrowed the book from the library.""]",,"[""public library, library book""]"
license,,intermediate,"[""Everyday Conversation""]","A permit from an authority to own or use something, do a particular thing, or carry on a trade (especially in alcoholic drinks)","[""He has a driver's license.""]",,"[""driver's license, license to""]"
lie,,intermediate,"[""Everyday Conversation""]",Be in or assume a horizontal or resting position on a supporting surface,"[""He lies down to rest every afternoon.""]",,"[""lie down, lie in""]"
life,,intermediate,"[""Everyday Conversation""]",The existence of an individual human being or animal,"[""Life is beautiful.""]",,"[""life and death, life is""]"
lift,,intermediate,"[""Everyday Conversation""]",Raise to a higher position or level,"[""She can lift heavy weights.""]",,"[""lift weights, lift up""]"
light,,intermediate,"[""Everyday Conversation""]",The natural agent that stimulates sight and makes things visible,"[""The room is filled with light.""]",,"[""bright light, natural light""]"
lightly,,intermediate,"[""Everyday Conversation""]","With little weight, force, intensity, etc.","[""She touched the fabric lightly.""]",,"[""touch lightly, lightly brush""]"
like,,intermediate,"[""Everyday Conversation""]",Having the same characteristics or qualities as; similar to,"[""He likes to play soccer.""]",,"[""like doing, like to""]"
likely,,intermediate,"[""Everyday Conversation""]",Such as well might happen or be true; probable,"[""It is likely to rain tomorrow.""]",,"[""likely to happen, most likely""]"
limit,,intermediate,"[""Everyday Conversation""]",A point or level beyond which something does not or may not extend or pass,"[""There is a limit to how much you can carry.""]",,"[""upper limit, limit of""]"
limited,,intermediate,"[""Everyday Conversation""]","Restricted in size, amount, or extent; few, small, or short","[""The tickets are limited in number.""]",,"[""limited edition, limited access""]"
line,,intermediate,"[""Everyday Conversation""]","A long, narrow mark or band","[""Draw a straight line.""]",,"[""draw a line, straight line""]"
link,,intermediate,"[""Everyday Conversation""]","A relationship between two things or situations, especially where one thing affects the other","[""There is a direct link between smoking and lung cancer.""]",,"[""link between, establish a link""]"
lip,,intermediate,"[""Everyday Conversation""]",Either of the two fleshy parts that form the upper and lower edges of the opening of the mouth,"[""She applied lipstick to her lips.""]",,"[""upper lip, lower lip""]"
liquid,,intermediate,"[""Everyday Conversation""]","A substance that flows freely but is of constant volume, having a consistency like that of water or oil","[""Water is a liquid.""]",,"[""clear liquid, liquid form""]"
list,,intermediate,"[""Everyday Conversation""]","A number of connected items or names written or printed consecutively, typically one below the other","[""Make a list of items you need.""]",,"[""shopping list, to-do list""]"
listen,,intermediate,"[""Everyday Conversation""]",Give one's attention to a sound,"[""Listen to the teacher.""]",,"[""listen carefully, listen to""]"
literature,,intermediate,"[""Everyday Conversation""]","Written works, especially those considered of superior or lasting artistic merit","[""She studies English literature.""]",,"[""classic literature, modern literature""]"
litre,,intermediate,"[""Everyday Conversation""]","A metric unit of capacity, formerly defined as the volume of one kilogram of water under standard conditions, now equal to 1,000 cubic centimeters (approximately 1.75 pints)","[""A litre of water is required for the recipe.""]",,"[""litre of water, litre bottle""]"
little,,intermediate,"[""Everyday Conversation""]","Small in size, amount, or degree","[""There is a little cat in the garden.""]",,"[""little bit, little cat""]"
live,,intermediate,"[""Everyday Conversation""]",Remain alive,"[""Many animals live in the forest.""]",,"[""live in, live with""]"
living,,intermediate,"[""Everyday Conversation""]",An income sufficient to live on or the means of earning it,"[""He is earning a living as a teacher.""]",,"[""cost of living, standard of living""]"
load,,intermediate,"[""Everyday Conversation""]",A heavy or bulky thing that is being carried or is about to be carried,"[""He carried a heavy load.""]",,"[""heavy load, load up""]"
loan,,intermediate,"[""Everyday Conversation""]","A thing that is borrowed, especially a sum of money that is expected to be paid back with interest","[""She took out a loan to buy a car.""]",,"[""bank loan, student loan""]"
local,,intermediate,"[""Everyday Conversation""]",Relating or restricted to a particular area or one's neighborhood,"[""She shops at the local market.""]",,"[""local market, local community""]"
locate,,intermediate,"[""Everyday Conversation""]",Discover the exact place or position of,"[""They were able to locate the missing keys.""]",,"[""locate exactly, locate the missing""]"
location,,intermediate,"[""Everyday Conversation""]",A particular place or position,"[""The location of the building is ideal.""]",,"[""ideal location, prime location""]"
lock,,intermediate,"[""Everyday Conversation""]","A device for securing a door, gate, lid, or drawer in position when closed, typically operated by a key","[""He locked the door before leaving.""]",,"[""lock the door, key lock""]"
log,,intermediate,"[""Everyday Conversation""]",A part of the trunk or a large branch of a tree that has fallen or been cut off,"[""He threw another log on the fire.""]",,"[""throw a log, log cabin""]"
logic,,intermediate,"[""Everyday Conversation""]",Reasoning conducted or assessed according to strict principles of validity,"[""His argument lacks logic.""]",,"[""lack logic, use logic""]"
logical,,intermediate,"[""Everyday Conversation""]",Of or according to the rules of logic or formal argument,"[""She gave a logical explanation.""]",,"[""logical explanation, logical conclusion""]"
lonely,,intermediate,"[""Everyday Conversation""]",Sad because one has no friends or company,"[""She felt lonely after moving to a new city.""]",,"[""feel lonely, lonely place""]"
long,,intermediate,"[""Everyday Conversation""]",Measuring a great distance from end to end,"[""They took a long walk.""]",,"[""long walk, long time""]"
look,,intermediate,"[""Everyday Conversation""]",Direct one's gaze toward someone or something or in a specified direction,"[""Look at the sky.""]",,"[""look at, look for""]"
loose,,intermediate,"[""Everyday Conversation""]",Not firmly or tightly fixed in place; detached or able to be detached,"[""The handle is loose.""]",,"[""loose connection, loose fitting""]"
lord,,intermediate,"[""Everyday Conversation""]","Someone or something having power, authority, or influence; a master or ruler","[""The lord of the manor lived in a grand house.""]",,"[""lord and lady, lord of""]"
lose,,intermediate,"[""Everyday Conversation""]",Be deprived of or cease to have or retain (something),"[""He tends to lose his keys.""]",,"[""lose keys, lose weight""]"
loss,,intermediate,"[""Everyday Conversation""]",The fact or process of losing something or someone,"[""The company suffered a loss last year.""]",,"[""financial loss, loss of""]"
lost,,intermediate,"[""Everyday Conversation""]",Unable to find one's way; not knowing one's whereabouts,"[""He felt lost in the new city.""]",,"[""feel lost, get lost""]"
lot,,intermediate,"[""Everyday Conversation""]","A particular group, collection, or set of people or things","[""She bought a lot of books.""]",,"[""a lot of, lots of""]"
loud,,intermediate,"[""Everyday Conversation""]",Producing or capable of producing much noise,"[""The music was too loud.""]",,"[""loud noise, loud music""]"
loudly,,intermediate,"[""Everyday Conversation""]",In a way that produces much noise,"[""She spoke loudly.""]",,"[""speak loudly, laugh loudly""]"
love,,intermediate,"[""Everyday Conversation""]",An intense feeling of deep affection,"[""They are deeply in love.""]",,"[""fall in love, true love""]"
lovely,,intermediate,"[""Everyday Conversation""]",Exquisitely beautiful,"[""She has a lovely smile.""]",,"[""lovely day, lovely place""]"
lover,,intermediate,"[""Everyday Conversation""]",A partner in a romantic or sexual relationship,"[""He is her lover.""]",,"[""secret lover, lover of""]"
low,,intermediate,"[""Everyday Conversation""]",Of less than average height from top to bottom or to the top from the ground,"[""The table is too low.""]",,"[""low table, low level""]"
lower,,intermediate,"[""Everyday Conversation""]",Move (someone or something) in a downward direction,"[""Please lower your voice.""]",,"[""lower down, lower price""]"
luck,,intermediate,"[""Everyday Conversation""]",Success or failure apparently brought by chance rather than through one's own actions,"[""He wished her good luck.""]",,"[""good luck, best of luck""]"
lucky,,intermediate,"[""Everyday Conversation""]","Having, bringing, or resulting from good luck","[""He is a lucky person.""]",,"[""lucky day, lucky person""]"
luggage,,intermediate,"[""Everyday Conversation""]",Suitcases or other bags in which to pack personal belongings for traveling,"[""They carried their luggage to the car.""]",,"[""carry luggage, piece of luggage""]"
lump,,intermediate,"[""Everyday Conversation""]","A compact mass of a substance, especially one without a definite or regular shape","[""He found a lump in the soup.""]",,"[""lump in, small lump""]"
lunch,,intermediate,"[""Everyday Conversation""]","A meal eaten in the middle of the day, typically one that is lighter or less formal than an evening meal","[""We have lunch at noon.""]",,"[""have lunch, lunch break""]"
lung,,intermediate,"[""Everyday Conversation""]","Each of the pair of organs situated within the ribcage, responsible for breathing","[""Smoking is harmful to the lungs.""]",,"[""lung disease, lung cancer""]"
machine,,intermediate,"[""Everyday Conversation""]","An apparatus using or applying mechanical power and having several parts, each with a definite function and together performing a particular task","[""The washing machine is broken.""]",,"[""washing machine, machine part""]"
machinery,,intermediate,"[""Everyday Conversation""]",Machines collectively,"[""The factory uses advanced machinery.""]",,"[""heavy machinery, modern machinery""]"
mad,,intermediate,"[""Everyday Conversation""]",Very angry,"[""She was mad at him.""]",,"[""mad at, go mad""]"
magazine,,intermediate,"[""Everyday Conversation""]","A periodical publication containing articles and illustrations, typically covering a particular subject or area of interest","[""She read a fashion magazine.""]",,"[""read a magazine, fashion magazine""]"
magic,,intermediate,"[""Everyday Conversation""]",The power of apparently influencing events by using mysterious or supernatural forces,"[""He believes in magic.""]",,"[""believe in magic, magic trick""]"
mail,,intermediate,"[""Everyday Conversation""]",Letters and packages conveyed by the postal system,"[""She received mail from her friend.""]",,"[""receive mail, send mail""]"
main,,intermediate,"[""Everyday Conversation""]",Chief in size or importance,"[""The main road is closed.""]",,"[""main road, main idea""]"
mainly,,intermediate,"[""Everyday Conversation""]",For the most part; chiefly,"[""He is mainly interested in sports.""]",,"[""mainly due to, mainly because""]"
maintain,,intermediate,"[""Everyday Conversation""]",Cause or enable (a condition or situation) to continue,"[""They maintain their car well.""]",,"[""maintain a car, maintain health""]"
major,,intermediate,"[""Everyday Conversation""]","Important, serious, or significant","[""He played a major role in the project.""]",,"[""major role, major problem""]"
majority,,intermediate,"[""Everyday Conversation""]",The greater number,"[""The majority of people agree.""]",,"[""majority of, majority vote""]"
make,,intermediate,"[""Everyday Conversation""]",Form (something) by putting parts together or combining substances; construct; create,"[""She likes to make cakes.""]",,"[""make a cake, make sure""]"
male,,intermediate,"[""Everyday Conversation""]",Relating to men or boys,"[""There is a male lion in the zoo.""]",,"[""male and female, male student""]"
mall,,intermediate,"[""Everyday Conversation""]",A large enclosed shopping area from which traffic is excluded,"[""They went to the mall to shop.""]",,"[""go to the mall, shopping mall""]"
man,,intermediate,"[""Everyday Conversation""]",An adult human male,"[""He is a strong man.""]",,"[""strong man, young man""]"
manage,,intermediate,"[""Everyday Conversation""]","Be in charge of (a company, establishment, or undertaking); administer; run","[""She manages the store.""]",,"[""manage a team, manage the store""]"
management,,intermediate,"[""Everyday Conversation""]",The process of dealing with or controlling things or people,"[""Effective management is crucial.""]",,"[""effective management, management skills""]"
manager,,intermediate,"[""Everyday Conversation""]",A person responsible for controlling or administering an organization or group of staff,"[""He is the manager of the team.""]",,"[""team manager, project manager""]"
manner,,intermediate,"[""Everyday Conversation""]",A way in which a thing is done or happens,"[""She spoke in a friendly manner.""]",,"[""friendly manner, in a manner""]"
manufacture,,intermediate,"[""Everyday Conversation""]",Make (something) on a large scale using machinery,"[""The company manufactures cars.""]",,"[""manufacture cars, manufacture goods""]"
manufacturer,,intermediate,"[""Everyday Conversation""]",A person or company that makes goods for sale,"[""The manufacturer issued a recall.""]",,"[""car manufacturer, leading manufacturer""]"
many,,intermediate,"[""Everyday Conversation""]",A large number of,"[""There are many options.""]",,"[""many people, many options""]"
map,,intermediate,"[""Everyday Conversation""]","A diagrammatic representation of an area of land or sea showing physical features, cities, roads, etc.","[""She looked at the map.""]",,"[""look at the map, road map""]"
march,,intermediate,"[""Everyday Conversation""]","The third month of the year, in the northern hemisphere usually considered the first month of spring","[""March is a windy month.""]",,"[""March weather, March 1st""]"
mark,,intermediate,"[""Everyday Conversation""]",Make a visible impression or stain on,"[""He marked the spot on the map.""]",,"[""mark the spot, mark on""]"
market,,intermediate,"[""Everyday Conversation""]","A regular gathering of people for the purchase and sale of provisions, livestock, and other commodities","[""She went to the market to buy vegetables.""]",,"[""farmers market, market value""]"
marketing,,intermediate,"[""Everyday Conversation""]","The action or business of promoting and selling products or services, including market research and advertising","[""He works in marketing.""]",,"[""marketing strategy, marketing campaign""]"
marriage,,intermediate,"[""Everyday Conversation""]",The legally or formally recognized union of two people as partners in a personal relationship,"[""Their marriage ceremony was beautiful.""]",,"[""happy marriage, marriage ceremony""]"
married,,intermediate,"[""Everyday Conversation""]",Having a spouse,"[""They are happily married.""]",,"[""married couple, happily married""]"
marry,,intermediate,"[""Everyday Conversation""]",Join in marriage,"[""They plan to marry next year.""]",,"[""marry someone, marry in""]"
mass,,intermediate,"[""Everyday Conversation""]",A large body of matter with no definite shape,"[""The planet has a large mass.""]",,"[""large mass, mass of""]"
massive,,intermediate,"[""Everyday Conversation""]",Large and heavy or solid,"[""The building is massive.""]",,"[""massive building, massive impact""]"
master,,intermediate,"[""Everyday Conversation""]",Having or showing very great skill or proficiency,"[""She is a master at chess.""]",,"[""master of, master at""]"
match,,intermediate,"[""Everyday Conversation""]",A person or thing that is equal to another in quality or strength,"[""The curtains are a perfect match for the sofa.""]",,"[""perfect match, match for""]"
matching,,intermediate,"[""Everyday Conversation""]","Corresponding in pattern, color, or design; complementary","[""They are wearing matching outfits.""]",,"[""matching colors, matching outfits""]"
mate,,intermediate,"[""Everyday Conversation""]",Each of a pair of birds or other animals that breed together,"[""Birds find a mate during the breeding season.""]",,"[""find a mate, perfect mate""]"
material,,intermediate,"[""Everyday Conversation""]",The matter from which a thing is or can be made,"[""The dress is made of a soft material.""]",,"[""raw material, building material""]"
mathematics,,intermediate,"[""Everyday Conversation""]","The abstract science of number, quantity, and space","[""He is good at mathematics.""]",,"[""study mathematics, mathematics problem""]"
matter,,intermediate,"[""Everyday Conversation""]",The substance or substances of which any physical object consists or is composed,"[""Dark matter makes up most of the universe.""]",,"[""physical matter, no matter""]"
maximum,,intermediate,"[""Everyday Conversation""]","As great, high, or intense as possible or permitted","[""She reached the maximum score.""]",,"[""maximum capacity, maximum amount""]"
may,,intermediate,"[""Everyday Conversation""]",Expressing possibility,"[""May I come in?""]",,"[""may I, may not""]"
maybe,,intermediate,"[""Everyday Conversation""]",Perhaps; possibly,"[""Maybe we should try a different approach.""]",,"[""maybe yes, maybe no""]"
mayor,,intermediate,"[""Everyday Conversation""]","The elected head of a city, town, or other municipality","[""The mayor attended the event.""]",,"[""elected mayor, new mayor""]"
me,,intermediate,"[""Everyday Conversation""]",Used by a speaker to refer to himself or herself as the object of a verb or preposition,"[""She gave me a gift.""]",,"[""me and you, me too""]"
meal,,intermediate,"[""Everyday Conversation""]","An occasion when food is eaten, or the food that is eaten on such an occasion","[""We had a delicious meal.""]",,"[""have a meal, meal time""]"
mean,,intermediate,"[""Everyday Conversation""]","Intend to convey, indicate, or refer to (a particular thing or notion); signify","[""What do you mean?""]",,"[""mean to, what do you mean""]"
meaning,,intermediate,"[""Everyday Conversation""]","What is meant by a word, text, concept, or action","[""The meaning of the word is clear.""]",,"[""exact meaning, meaning of""]"
means,,intermediate,"[""Everyday Conversation""]",An action or system by which a result is achieved; a method,"[""He found a means to achieve his goal.""]",,"[""means to an end, means by""]"
meanwhile,,intermediate,"[""Everyday Conversation""]",In the intervening period of time,"[""Meanwhile, she continued to work.""]",,"[""meanwhile back, in the meanwhile""]"
measure,,intermediate,"[""Everyday Conversation""]","Ascertain the size, amount, or degree of (something) by using an instrument or device marked in standard units","[""Can you measure the length of this table?""]",,"[""measure up, measure out""]"
measurement,,intermediate,"[""Everyday Conversation""]",The action of measuring something,"[""The measurement was accurate.""]",,"[""accurate measurement, take a measurement""]"
meat,,intermediate,"[""Everyday Conversation""]",The flesh of an animal (especially a mammal) as food,"[""They eat meat every day.""]",,"[""raw meat, red meat""]"
mechanic,,intermediate,"[""Everyday Conversation""]",A person who repairs and maintains machinery,"[""The car mechanic fixed the engine.""]",,"[""auto mechanic, skilled mechanic""]"
mechanical,,intermediate,"[""Everyday Conversation""]",Relating to or operated by machinery,"[""The door is operated by a mechanical system.""]",,"[""mechanical engineering, mechanical failure""]"
media,,intermediate,"[""Everyday Conversation""]","The main means of mass communication (broadcasting, publishing, and the internet) regarded collectively","[""The news was reported by the media.""]",,"[""mass media, social media""]"
medical,,intermediate,"[""Everyday Conversation""]","Relating to the science of medicine, or to the treatment of illness and injuries","[""She is studying medical science.""]",,"[""medical science, medical treatment""]"
medicine,,intermediate,"[""Everyday Conversation""]","The science or practice of the diagnosis, treatment, and prevention of disease (in technical use often taken to exclude surgery)","[""He takes medicine for his allergies.""]",,"[""take medicine, medicine cabinet""]"
medium,,intermediate,"[""Everyday Conversation""]",An agency or means of doing something,"[""The internet is a medium for communication.""]",,"[""communication medium, medium of exchange""]"
meet,,intermediate,"[""Everyday Conversation""]",Come into the presence or company of (someone) by chance or arrangement,"[""Let's meet at the cafe.""]",,"[""meet someone, meet up""]"
meeting,,intermediate,"[""Everyday Conversation""]","An assembly of people for a particular purpose, especially for formal discussion","[""The meeting will start at 10 AM.""]",,"[""staff meeting, board meeting""]"
melt,,intermediate,"[""Everyday Conversation""]",Make or become liquefied by heat,"[""The ice will melt in the sun.""]",,"[""melt away, melt down""]"
member,,intermediate,"[""Everyday Conversation""]",An individual belonging to a group such as a society or team,"[""He is a member of the club.""]",,"[""club member, family member""]"
membership,,intermediate,"[""Everyday Conversation""]",The state of being a member of a particular group,"[""She applied for membership.""]",,"[""apply for membership, full membership""]"
memory,,intermediate,"[""Everyday Conversation""]",The faculty by which the mind stores and remembers information,"[""Her memory is excellent.""]",,"[""good memory, in memory of""]"
mental,,intermediate,"[""Everyday Conversation""]",Relating to the mind,"[""She has a strong mental capacity.""]",,"[""mental health, mental capacity""]"
mention,,intermediate,"[""Everyday Conversation""]",Refer to something briefly and without going into detail,"[""She didn't mention the meeting.""]",,"[""mention briefly, mention something""]"
menu,,intermediate,"[""Everyday Conversation""]",A list of dishes available in a restaurant,"[""The menu offers a variety of options.""]",,"[""restaurant menu, menu item""]"
mere,,intermediate,"[""Everyday Conversation""]",Used to emphasize how small or insignificant someone or something is,"[""It was a mere coincidence.""]",,"[""mere coincidence, mere fact""]"
merely,,intermediate,"[""Everyday Conversation""]",Just; only,"[""He was merely a child.""]",,"[""merely a child, merely an idea""]"
mess,,intermediate,"[""Everyday Conversation""]",A dirty or untidy state of things or of a place,"[""The room was in a mess.""]",,"[""in a mess, make a mess""]"
message,,intermediate,"[""Everyday Conversation""]","A verbal, written, or recorded communication sent to or left for a recipient who cannot be contacted directly","[""He left a message on her voicemail.""]",,"[""send a message, leave a message""]"
metal,,intermediate,"[""Everyday Conversation""]","A solid material that is typically hard, shiny, malleable, fusible, and ductile, with good electrical and thermal conductivity","[""The sculpture was made of metal.""]",,"[""made of metal, precious metal""]"
meter,,intermediate,"[""Everyday Conversation""]","The fundamental unit of length in the metric system, equal to 100 centimeters or approximately 39.37 inches","[""The room is five meters wide.""]",,"[""meter long, meter wide""]"
method,,intermediate,"[""Everyday Conversation""]","A particular form of procedure for accomplishing or approaching something, especially a systematic or established one","[""The scientific method is crucial.""]",,"[""scientific method, new method""]"
mid-,,intermediate,"[""Everyday Conversation""]",Prefix meaning middle,"[""He lives in a mid-sized apartment.""]",,"[""mid-sized, mid-July""]"
middle,,intermediate,"[""Everyday Conversation""]","The point or position at an equal distance from the sides, edges, or ends of something","[""She stood in the middle of the room.""]",,"[""middle of, in the middle""]"
midnight,,intermediate,"[""Everyday Conversation""]",Twelve o'clock at night,"[""The clock struck midnight.""]",,"[""at midnight, after midnight""]"
might,,intermediate,"[""Everyday Conversation""]",Past tense of may; used to express possibility or make a suggestion,"[""He might come to the party.""]",,"[""might be, might have""]"
mild,,intermediate,"[""Everyday Conversation""]","Not severe, serious, or harsh","[""The weather is mild today.""]",,"[""mild weather, mild taste""]"
mile,,intermediate,"[""Everyday Conversation""]","A unit of linear measure equal to 1,760 yards (approximately 1.609 kilometers)","[""They walked a mile to the store.""]",,"[""mile away, walk a mile""]"
military,,intermediate,"[""Everyday Conversation""]",Relating to or characteristic of soldiers or armed forces,"[""He is in the military.""]",,"[""military service, military base""]"
milk,,intermediate,"[""Everyday Conversation""]","An opaque white fluid rich in fat and protein, secreted by female mammals for the nourishment of their young","[""She drank a glass of milk.""]",,"[""glass of milk, fresh milk""]"
milligram,,intermediate,"[""Everyday Conversation""]",A unit of mass equal to one thousandth of a gram,"[""The dosage is 500 milligrams.""]",,"[""500 milligrams, per milligram""]"
millimetre,,intermediate,"[""Everyday Conversation""]",A unit of length equal to one thousandth of a meter,"[""The insect is only a few millimetres long.""]",,"[""one millimetre, several millimetres""]"
million,,intermediate,"[""Everyday Conversation""]","The number equivalent to the product of a thousand and a thousand; 1,000,000","[""The population is over a million.""]",,"[""one million, millions of""]"
mind,,intermediate,"[""Everyday Conversation""]","The element of a person that enables them to be aware of the world and their experiences, to think, and to feel; the faculty of consciousness and thought","[""She has a sharp mind.""]",,"[""sharp mind, change your mind""]"
mine,,intermediate,"[""Everyday Conversation""]",Belonging to or associated with the speaker,"[""This book is mine.""]",,"[""mine too, this is mine""]"
mineral,,intermediate,"[""Everyday Conversation""]","A solid, naturally occurring inorganic substance","[""The rock contains minerals.""]",,"[""rich in mineral, mineral water""]"
minimum,,intermediate,"[""Everyday Conversation""]","The least or smallest amount or quantity possible, attainable, or required","[""Keep costs to a minimum.""]",,"[""minimum wage, minimum requirement""]"
minister,,intermediate,"[""Everyday Conversation""]","A member of the clergy, especially in Protestant churches","[""He is the minister of education.""]",,"[""prime minister, foreign minister""]"
minor,,intermediate,"[""Everyday Conversation""]","Lesser in importance, seriousness, or significance","[""It's a minor issue.""]",,"[""minor issue, minor injury""]"
minute,,intermediate,"[""Everyday Conversation""]",A period of time equal to sixty seconds or a sixtieth of an hour,"[""Wait a minute.""]",,"[""wait a minute, sixty minutes""]"
mirror,,intermediate,"[""Everyday Conversation""]","A reflective surface, now typically of glass coated with a metal amalgam, that reflects a clear image","[""She looked at herself in the mirror.""]",,"[""look in the mirror, mirror image""]"
miss,,intermediate,"[""Everyday Conversation""]","Fail to hit, reach, or come into contact with (something aimed at)","[""She missed the target.""]",,"[""miss the target, miss out""]"
missing,,intermediate,"[""Everyday Conversation""]",Not able to be found; absent,"[""His name is on the missing list.""]",,"[""missing person, missing piece""]"
mission,,intermediate,"[""Everyday Conversation""]","An important assignment carried out for political, religious, or commercial purposes, typically involving travel","[""Their mission is to explore space.""]",,"[""important mission, mission accomplished""]"
mistake,,intermediate,"[""Everyday Conversation""]",An action or judgment that is misguided or wrong,"[""It was a simple mistake.""]",,"[""simple mistake, big mistake""]"
mix,,intermediate,"[""Everyday Conversation""]",Combine or put together to form one substance or mass,"[""Mix the flour and water together.""]",,"[""mix together, mix well""]"
mixed,,intermediate,"[""Everyday Conversation""]",Consisting of different qualities or elements,"[""She has mixed feelings about the move.""]",,"[""mixed feelings, mixed emotions""]"
mixture,,intermediate,"[""Everyday Conversation""]",A substance made by mixing other substances together,"[""The mixture should be smooth.""]",,"[""smooth mixture, mixture of""]"
mobile,,intermediate,"[""Everyday Conversation""]",Able to move or be moved freely or easily,"[""The device is fully mobile.""]",,"[""fully mobile, mobile unit""]"
mobile phone,,intermediate,"[""Everyday Conversation""]",A portable telephone that uses wireless technology to send and receive phone signals,"[""He called me on his mobile phone.""]",,"[""call on mobile phone, new mobile phone""]"
model,,intermediate,"[""Everyday Conversation""]","A three-dimensional representation of a person or thing or of a proposed structure, typically on a smaller scale than the original","[""He built a model of the Eiffel Tower.""]",,"[""build a model, model of""]"
modern,,intermediate,"[""Everyday Conversation""]",Relating to the present or recent times as opposed to the remote past,"[""Modern technology is amazing.""]",,"[""modern technology, modern life""]"
mom,,intermediate,"[""Everyday Conversation""]",Mother,"[""My mom is the best cook.""]",,"[""loving mom, best mom""]"
moment,,intermediate,"[""Everyday Conversation""]",A very brief period of time,"[""I'll be back in a moment.""]",,"[""brief moment, take a moment""]"
monday,,intermediate,"[""Everyday Conversation""]",The day of the week before Tuesday and following Sunday,"[""She will start her new job on Monday.""]",,"[""next Monday, last Monday""]"
money,,intermediate,"[""Everyday Conversation""]",A current medium of exchange in the form of coins and banknotes; coins and banknotes collectively,"[""He saved his money for a new bike.""]",,"[""save money, spend money""]"
monitor,,intermediate,"[""Everyday Conversation""]","An instrument or device used for observing, checking, or keeping a continuous record of a process or quantity","[""He watched the heart monitor closely.""]",,"[""heart monitor, monitor closely""]"
month,,intermediate,"[""Everyday Conversation""]",Each of the twelve named periods into which a year is divided,"[""They will visit next month.""]",,"[""next month, last month""]"
mood,,intermediate,"[""Everyday Conversation""]",A temporary state of mind or feeling,"[""She is in a good mood.""]",,"[""good mood, bad mood""]"
moon,,intermediate,"[""Everyday Conversation""]","The natural satellite of the earth, visible (chiefly at night) by reflected light from the sun","[""The moon is full tonight.""]",,"[""full moon, crescent moon""]"
moral,,intermediate,"[""Everyday Conversation""]",Concerned with the principles of right and wrong behavior,"[""He has a strong moral sense.""]",,"[""moral values, moral sense""]"
more,,intermediate,"[""Everyday Conversation""]",A greater or additional amount or degree,"[""She needs more time to finish.""]",,"[""more time, more information""]"
moreover,,intermediate,"[""Everyday Conversation""]",Besides; in addition to what has been said,"[""Moreover, he is always on time.""]",,"[""moreover, furthermore""]"
morning,,intermediate,"[""Everyday Conversation""]","The period of time between midnight and noon, especially from sunrise to noon","[""She drinks coffee every morning.""]",,"[""every morning, early morning""]"
most,,intermediate,"[""Everyday Conversation""]","Greatest in amount, quantity, or degree","[""He has the most experience.""]",,"[""the most, most of""]"
mostly,,intermediate,"[""Everyday Conversation""]",Mainly; for the most part,"[""She is mostly happy.""]",,"[""mostly sunny, mostly true""]"
mother,,intermediate,"[""Everyday Conversation""]",A woman in relation to her child or children,"[""My mother is a great cook.""]",,"[""loving mother, new mother""]"
motion,,intermediate,"[""Everyday Conversation""]",The action or process of moving or being moved,"[""The motion of the car made her sleepy.""]",,"[""in motion, motion of""]"
motor,,intermediate,"[""Everyday Conversation""]","A machine, especially one powered by electricity or internal combustion, that supplies motive power for a vehicle or for another device with moving parts","[""The car has a powerful motor.""]",,"[""electric motor, motor vehicle""]"
mount,,intermediate,"[""Everyday Conversation""]","Climb up (stairs, a hill, or other rising surface)","[""They decided to mount the stairs.""]",,"[""mount the stairs, mount a horse""]"
mountain,,intermediate,"[""Everyday Conversation""]",A large natural elevation of the earth's surface rising abruptly from the surrounding level; a large steep hill,"[""They hiked up the mountain.""]",,"[""high mountain, mountain range""]"
mouse,,intermediate,"[""Everyday Conversation""]","A small rodent that typically has a pointed snout, relatively large ears and eyes, and a long tail","[""The mouse ran across the floor.""]",,"[""field mouse, computer mouse""]"
mouth,,intermediate,"[""Everyday Conversation""]","The opening and cavity in the lower part of the human face, surrounded by the lips, through which food is taken in and vocal sounds are emitted","[""He opened his mouth to speak.""]",,"[""open mouth, full mouth""]"
move,,intermediate,"[""Everyday Conversation""]",Go in a specified direction or manner; change position,"[""They decided to move to a new city.""]",,"[""move to, move on""]"
movement,,intermediate,"[""Everyday Conversation""]",An act of changing physical location or position or of having this changed,"[""There was a sudden movement in the bushes.""]",,"[""sudden movement, freedom of movement""]"
movie,,intermediate,"[""Everyday Conversation""]",A story or event recorded by a camera as a set of moving images and shown in a theater or on television; a motion picture,"[""They watched a movie last night.""]",,"[""watch a movie, movie theater""]"
mrs,,intermediate,"[""Everyday Conversation""]",A title used before the surname or full name of a married woman,"[""Mrs. Smith is my teacher.""]",,"[""Mrs. Smith, dear Mrs.""]"
ms,,intermediate,"[""Everyday Conversation""]",A title used before the surname or full name of any woman regardless of her marital status,"[""Ms. Johnson will attend the meeting.""]",,"[""Ms. Johnson, dear Ms.""]"
much,,intermediate,"[""Everyday Conversation""]",A large amount,"[""There is much to learn.""]",,"[""much more, much of""]"
mud,,intermediate,"[""Everyday Conversation""]","Soft, sticky matter resulting from the mixing of earth and water","[""The shoes were covered in mud.""]",,"[""covered in mud, thick mud""]"
multiply,,intermediate,"[""Everyday Conversation""]",Obtain from (a number) another that contains the first number a specified number of times,"[""He learned to multiply numbers in school.""]",,"[""multiply by, multiply numbers""]"
mum,,intermediate,"[""Everyday Conversation""]",Mother,"[""Mum is cooking dinner.""]",,"[""loving mum, my mum""]"
murder,,intermediate,"[""Everyday Conversation""]",The unlawful premeditated killing of one human being by another,"[""He was arrested for murder.""]",,"[""commit murder, murder case""]"
muscle,,intermediate,"[""Everyday Conversation""]","A band or bundle of fibrous tissue in a human or animal body that has the ability to contract, producing movement in or maintaining the position of parts of the body","[""She has strong muscles.""]",,"[""strong muscle, build muscle""]"
museum,,intermediate,"[""Everyday Conversation""]","A building in which objects of historical, scientific, artistic, or cultural interest are stored and exhibited","[""We visited the art museum.""]",,"[""visit a museum, museum exhibit""]"
music,,intermediate,"[""Everyday Conversation""]","Vocal or instrumental sounds (or both) combined in such a way as to produce beauty of form, harmony, and expression of emotion","[""He enjoys listening to music.""]",,"[""classical music, listen to music""]"
musical,,intermediate,"[""Everyday Conversation""]",Relating to music; having the qualities of music,"[""She is in a musical mood.""]",,"[""musical talent, musical instrument""]"
musician,,intermediate,"[""Everyday Conversation""]","A person who plays a musical instrument, especially as a profession, or is musically talented","[""The musician played beautifully.""]",,"[""professional musician, talented musician""]"
must,,intermediate,"[""Everyday Conversation""]",Be obliged to; should (expressing necessity),"[""You must finish your homework.""]",,"[""must do, must be""]"
my,,intermediate,"[""Everyday Conversation""]",Belonging to or associated with the speaker,"[""That is my book.""]",,"[""my book, my friend""]"
myself,,intermediate,"[""Everyday Conversation""]",Used by a speaker to refer to himself or herself as the object of a verb or preposition,"[""I made it myself.""]",,"[""by myself, for myself""]"
mysterious,,intermediate,"[""Everyday Conversation""]","Difficult or impossible to understand, explain, or identify","[""The disappearance was mysterious.""]",,"[""mysterious disappearance, mysterious person""]"
mystery,,intermediate,"[""Everyday Conversation""]",Something that is difficult or impossible to understand or explain,"[""The case remains a mystery.""]",,"[""solve the mystery, mystery novel""]"
nail,,intermediate,"[""Everyday Conversation""]","A small metal spike with a broadened flat head, driven into wood to join things together or to serve as a hook","[""He hammered the nail into the wall.""]",,"[""hammer a nail, nail in""]"
naked,,intermediate,"[""Everyday Conversation""]",Without clothes,"[""She was embarrassed to be seen naked.""]",,"[""naked body, naked eye""]"
name,,intermediate,"[""Everyday Conversation""]","A word or set of words by which a person or thing is known, addressed, or referred to","[""What's your name?""]",,"[""full name, family name""]"
narrow,,intermediate,"[""Everyday Conversation""]",Of small width in relation to length,"[""The street is very narrow.""]",,"[""narrow street, narrow path""]"
nation,,intermediate,"[""Everyday Conversation""]","A large body of people united by common descent, history, culture, or language, inhabiting a particular state or territory","[""The nation celebrated its independence day.""]",,"[""independent nation, strong nation""]"
national,,intermediate,"[""Everyday Conversation""]",Relating to or characteristic of a nation; common to a whole nation,"[""He works for the national government.""]",,"[""national holiday, national news""]"
natural,,intermediate,"[""Everyday Conversation""]",Existing in or derived from nature; not made or caused by humankind,"[""She prefers natural light.""]",,"[""natural light, natural beauty""]"
naturally,,intermediate,"[""Everyday Conversation""]",In a natural manner; by nature,"[""Naturally, she was excited about the news.""]",,"[""naturally gifted, naturally occurring""]"
nature,,intermediate,"[""Everyday Conversation""]","The phenomena of the physical world collectively, including plants, animals, the landscape, and other features and products of the earth, as opposed to humans or human creations","[""She loves being in nature.""]",,"[""love nature, nature reserve""]"
navy,,intermediate,"[""Everyday Conversation""]",The branch of a nation's armed services that conducts military operations at sea,"[""He joined the navy.""]",,"[""join the navy, navy officer""]"
near,,intermediate,"[""Everyday Conversation""]",At or to a short distance away; close to,"[""She lives near the school.""]",,"[""live near, near the school""]"
nearby,,intermediate,"[""Everyday Conversation""]",Not far away; close by,"[""There is a park nearby.""]",,"[""park nearby, nearby restaurant""]"
nearly,,intermediate,"[""Everyday Conversation""]",Very close to; almost,"[""He nearly missed the bus.""]",,"[""nearly missed, nearly done""]"
neat,,intermediate,"[""Everyday Conversation""]","Arranged in an orderly, tidy way","[""His room is always neat.""]",,"[""neat and tidy, keep neat""]"
neatly,,intermediate,"[""Everyday Conversation""]",In a neat way,"[""She writes neatly.""]",,"[""write neatly, dress neatly""]"
necessary,,intermediate,"[""Everyday Conversation""]","Required to be done, achieved, or present; needed; essential","[""It's necessary to wear a helmet.""]",,"[""necessary for, absolutely necessary""]"
neck,,intermediate,"[""Everyday Conversation""]",The part of a person's or animal's body connecting the head to the rest of the body,"[""He has a stiff neck.""]",,"[""stiff neck, neck pain""]"
need,,intermediate,"[""Everyday Conversation""]",Require (something) because it is essential or very important,"[""I need some help.""]",,"[""need help, need to""]"
needle,,intermediate,"[""Everyday Conversation""]","A very fine, slender piece of metal with a point at one end and a hole (or eye) for thread at the other, used in sewing","[""She threaded the needle.""]",,"[""thread the needle, sewing needle""]"
negative,,intermediate,"[""Everyday Conversation""]",Consisting in or characterized by the absence rather than the presence of distinguishing features,"[""He had a negative attitude.""]",,"[""negative attitude, negative result""]"
negotiate,,intermediate,"[""Everyday Conversation""]",Obtain or bring about by discussion,"[""They are trying to negotiate a deal.""]",,"[""negotiate a deal, negotiate terms""]"
neighbor,,intermediate,"[""Everyday Conversation""]",A person living near or next door to the speaker or person referred to,"[""Her neighbor is very friendly.""]",,"[""friendly neighbor, next-door neighbor""]"
neither,,intermediate,"[""Everyday Conversation""]",Not the one nor the other of two people or things; not either,"[""Neither of them knew the answer.""]",,"[""neither of, neither one""]"
nerve,,intermediate,"[""Everyday Conversation""]","A whitish fiber or bundle of fibers in the body that transmits impulses of sensation to the brain or spinal cord, and impulses from these to the muscles and organs","[""He damaged a nerve in his hand.""]",,"[""nerve damage, nerve cell""]"
nervous,,intermediate,"[""Everyday Conversation""]",Easily agitated or alarmed,"[""She felt nervous before the exam.""]",,"[""feel nervous, nervous about""]"
nervously,,intermediate,"[""Everyday Conversation""]",In an anxious or apprehensive manner,"[""He waited nervously for the results.""]",,"[""wait nervously, laugh nervously""]"
nest,,intermediate,"[""Everyday Conversation""]",A structure or place made or chosen by a bird for laying eggs and sheltering its young,"[""The bird built a nest in the tree.""]",,"[""bird's nest, build a nest""]"
net,,intermediate,"[""Everyday Conversation""]","A piece of open-meshed material made of twine, cord, or something similar, used typically for catching fish or other animals","[""He used a net to catch fish.""]",,"[""fishing net, safety net""]"
network,,intermediate,"[""Everyday Conversation""]",A group or system of interconnected people or things,"[""The company has a large network of suppliers.""]",,"[""social network, computer network""]"
never,,intermediate,"[""Everyday Conversation""]",At no time in the past or future; not ever,"[""He never gives up.""]",,"[""never give up, never know""]"
new,,intermediate,"[""Everyday Conversation""]","Not existing before; made, introduced, or discovered recently or now for the first time","[""She bought a new car.""]",,"[""new car, new idea""]"
newly,,intermediate,"[""Everyday Conversation""]",Very recently,"[""The newlyweds are happy.""]",,"[""newly married, newly built""]"
news,,intermediate,"[""Everyday Conversation""]","Newly received or noteworthy information, especially about recent events","[""He reads the news every morning.""]",,"[""read the news, news report""]"
newspaper,,intermediate,"[""Everyday Conversation""]","A printed publication (usually issued daily or weekly) consisting of folded unstapled sheets and containing news, articles, advertisements, and correspondence","[""She works for a newspaper.""]",,"[""daily newspaper, read the newspaper""]"
next,,intermediate,"[""Everyday Conversation""]","Coming immediately after the present one in order, rank, or space","[""We'll talk next time.""]",,"[""next time, next week""]"
nice,,intermediate,"[""Everyday Conversation""]",Pleasant; agreeable; satisfactory,"[""She is a nice person.""]",,"[""nice person, nice place""]"
nicely,,intermediate,"[""Everyday Conversation""]",In a pleasant manner,"[""The job was done nicely.""]",,"[""done nicely, behave nicely""]"
night,,intermediate,"[""Everyday Conversation""]",The period of darkness in each twenty-four hours; the time from sunset to sunrise,"[""They go out at night.""]",,"[""at night, late at night""]"
nine,,intermediate,"[""Everyday Conversation""]","Equivalent to the product of three and three; one more than eight, or one less than ten; 9","[""She has nine books.""]",,"[""nine o'clock, nine years""]"
nineteen,,intermediate,"[""Everyday Conversation""]","Equivalent to the product of nine and ten; one more than eighteen, or one less than twenty; 19","[""He turned nineteen today.""]",,"[""nineteen years, nineteen years old""]"
ninety,,intermediate,"[""Everyday Conversation""]","The number equivalent to the product of nine and ten; one more than eighty-nine, or ten less than one hundred; 90","[""She counted to ninety.""]",,"[""ninety percent, ninety days""]"
ninth,,intermediate,"[""Everyday Conversation""]",Constituting number nine in a sequence; 9th,"[""She finished ninth in the race.""]",,"[""ninth place, ninth floor""]"
no,,intermediate,"[""Everyday Conversation""]",Not any,"[""No, I don't want any.""]",,"[""no way, no problem""]"
nobody,,intermediate,"[""Everyday Conversation""]",No person; no one,"[""Nobody was there.""]",,"[""nobody knew, nobody cares""]"
noise,,intermediate,"[""Everyday Conversation""]","A sound, especially one that is loud or unpleasant or that causes disturbance","[""The noise was unbearable.""]",,"[""loud noise, noise level""]"
noisy,,intermediate,"[""Everyday Conversation""]",Making or given to making a lot of noise,"[""The room was noisy.""]",,"[""noisy room, noisy crowd""]"
none,,intermediate,"[""Everyday Conversation""]",Not any,"[""None of the answers are correct.""]",,"[""none of, none left""]"
nonsense,,intermediate,"[""Everyday Conversation""]",Spoken or written words that have no meaning or make no sense,"[""His explanation was nonsense.""]",,"[""talk nonsense, utter nonsense""]"
nor,,intermediate,"[""Everyday Conversation""]",Used to introduce a further negative statement,"[""Neither the teacher nor the student knew the answer.""]",,"[""neither nor, nor do I""]"
normal,,intermediate,"[""Everyday Conversation""]","Conforming to a standard; usual, typical, or expected","[""Everything is back to normal.""]",,"[""normal life, normal day""]"
normally,,intermediate,"[""Everyday Conversation""]",Under normal or usual conditions,"[""She normally arrives at 8 AM.""]",,"[""normally do, normally work""]"
north,,intermediate,"[""Everyday Conversation""]","The direction in which a compass needle normally points, toward the horizon on the left-hand side of a person facing the rising sun","[""The birds fly north in the summer.""]",,"[""north of, head north""]"
northern,,intermediate,"[""Everyday Conversation""]","Situated in the north, or directed toward or facing the north","[""They live in the northern part of the city.""]",,"[""northern part, northern region""]"
nose,,intermediate,"[""Everyday Conversation""]","The part projecting above the mouth on the face of a person or animal, containing the nostrils and used for breathing and smelling","[""He has a big nose.""]",,"[""big nose, runny nose""]"
not,,intermediate,"[""Everyday Conversation""]",Used with an auxiliary verb or “be” to form the negative,"[""She is not coming to the party.""]",,"[""not going, not sure""]"
note,,intermediate,"[""Everyday Conversation""]","A brief record of facts, topics, or thoughts, written down as an aid to memory","[""He took note of the changes.""]",,"[""take note, note down""]"
nothing,,intermediate,"[""Everyday Conversation""]",Not anything; no single thing,"[""There is nothing to worry about.""]",,"[""nothing to do, nothing much""]"
notice,,intermediate,"[""Everyday Conversation""]",The fact of observing or paying attention to something,"[""Did you notice the difference?""]",,"[""did you notice, notice the difference""]"
noticeable,,intermediate,"[""Everyday Conversation""]",Easily seen or noticed; clear or apparent,"[""The change was noticeable.""]",,"[""noticeable change, noticeable improvement""]"
novel,,intermediate,"[""Everyday Conversation""]","A fictitious prose narrative of book length, typically representing character and action with some degree of realism","[""She wrote a new novel.""]",,"[""write a novel, new novel""]"
november,,intermediate,"[""Everyday Conversation""]","The eleventh month of the year, in the northern hemisphere usually considered the last month of autumn","[""The weather gets colder in November.""]",,"[""in November, November 1st""]"
now,,intermediate,"[""Everyday Conversation""]",At the present moment,"[""She is leaving now.""]",,"[""right now, now is the time""]"
nowhere,,intermediate,"[""Everyday Conversation""]",Not in or to any place; not anywhere,"[""The keys are nowhere to be found.""]",,"[""found nowhere, go nowhere""]"
nuclear,,intermediate,"[""Everyday Conversation""]",Relating to the nucleus of an atom,"[""They are discussing nuclear energy.""]",,"[""nuclear power, nuclear energy""]"
number,,intermediate,"[""Everyday Conversation""]","An arithmetical value, expressed by a word, symbol, or figure, representing a particular quantity and used in counting and making calculations","[""What's your phone number?""]",,"[""phone number, large number""]"
numerous,,intermediate,"[""Everyday Conversation""]",Great in number; many,"[""He has numerous friends.""]",,"[""numerous occasions, numerous times""]"
nurse,,intermediate,"[""Everyday Conversation""]","A person trained to care for the sick or infirm, especially in a hospital","[""The nurse took my temperature.""]",,"[""registered nurse, nurse practitioner""]"
nut,,intermediate,"[""Everyday Conversation""]",A hard-shelled fruit of some plants,"[""She cracked a nut open.""]",,"[""crack a nut, eat a nut""]"
o'clock,,intermediate,"[""Everyday Conversation""]",Used to specify the hour in telling time,"[""The meeting is at three o'clock.""]",,"[""three o'clock, one o'clock""]"
obey,,intermediate,"[""Everyday Conversation""]","Comply with the command, direction, or request of (a person or a law); submit to the authority of","[""Children should obey their parents.""]",,"[""obey the law, obey rules""]"
object,,intermediate,"[""Everyday Conversation""]",A material thing that can be seen and touched,"[""He pointed to the object on the table.""]",,"[""unknown object, strange object""]"
objective,,intermediate,"[""Everyday Conversation""]",A thing aimed at or sought; a goal,"[""Her main objective is to improve her skills.""]",,"[""main objective, primary objective""]"
observation,,intermediate,"[""Everyday Conversation""]",The action or process of observing something or someone carefully or in order to gain information,"[""The observation was noted in the report.""]",,"[""close observation, careful observation""]"
observe,,intermediate,"[""Everyday Conversation""]",Notice or perceive (something) and register it as being significant,"[""He observed the changes carefully.""]",,"[""observe carefully, observe the changes""]"
obtain,,intermediate,"[""Everyday Conversation""]","Get, acquire, or secure (something)","[""She managed to obtain a loan.""]",,"[""obtain a loan, obtain information""]"
obvious,,intermediate,"[""Everyday Conversation""]","Easily perceived or understood; clear, self-evident, or apparent","[""It was obvious that he was lying.""]",,"[""obvious reason, obvious answer""]"
obviously,,intermediate,"[""Everyday Conversation""]",In a way that is easily perceived or understood; clearly,"[""He is obviously not interested.""]",,"[""obviously true, obviously false""]"
occasion,,intermediate,"[""Everyday Conversation""]",A particular time or instance of an event,"[""They met on the occasion of her birthday.""]",,"[""special occasion, on the occasion""]"
occasional,,intermediate,"[""Everyday Conversation""]","Occurring, appearing, or done infrequently and irregularly","[""She makes occasional visits to the library.""]",,"[""occasional visit, occasional rain""]"
occasionally,,intermediate,"[""Everyday Conversation""]",At infrequent or irregular intervals; now and then,"[""They occasionally go hiking.""]",,"[""occasionally visit, occasionally go""]"
occupation,,intermediate,"[""Everyday Conversation""]",A job or profession,"[""He listed his occupation as a teacher.""]",,"[""current occupation, list your occupation""]"
occupy,,intermediate,"[""Everyday Conversation""]",Reside or have one's place of business in (a building),"[""They occupy the apartment on the top floor.""]",,"[""occupy a place, occupy the space""]"
occur,,intermediate,"[""Everyday Conversation""]",Happen; take place,"[""The event will occur tomorrow.""]",,"[""occur frequently, occur naturally""]"
ocean,,intermediate,"[""Everyday Conversation""]","A very large expanse of sea, in particular each of the main areas into which the sea is divided geographically","[""They sailed across the ocean.""]",,"[""Atlantic Ocean, vast ocean""]"
october,,intermediate,"[""Everyday Conversation""]","The tenth month of the year, in the northern hemisphere usually considered the second month of autumn","[""The leaves fall in October.""]",,"[""October weather, in October""]"
odd,,intermediate,"[""Everyday Conversation""]",Different from what is usual or expected; strange,"[""He has some odd habits.""]",,"[""odd behavior, odd number""]"
oddly,,intermediate,"[""Everyday Conversation""]",In a way that is different from what is usual or expected; strangely,"[""She was oddly quiet.""]",,"[""oddly enough, oddly quiet""]"
of,,intermediate,"[""Everyday Conversation""]",Expressing the relationship between a part and a whole,"[""He is a man of great wisdom.""]",,"[""man of, part of""]"
off,,intermediate,"[""Everyday Conversation""]",Away from the place in question; to or at a distance,"[""The light is off.""]",,"[""turn off, take off""]"
offence,,intermediate,"[""Everyday Conversation""]",A breach of a law or rule; an illegal act,"[""He was charged with a serious offence.""]",,"[""commit an offence, serious offence""]"
offend,,intermediate,"[""Everyday Conversation""]","Cause to feel upset, annoyed, or resentful","[""He didn't mean to offend you.""]",,"[""offend someone, deeply offend""]"
offense,,intermediate,"[""Everyday Conversation""]",A breach of a law or rule; an illegal act,"[""He was arrested for a minor offense.""]",,"[""commit an offense, minor offense""]"
offensive,,intermediate,"[""Everyday Conversation""]","Causing someone to feel deeply hurt, upset, or angry","[""The comment was highly offensive.""]",,"[""offensive remark, highly offensive""]"
offer,,intermediate,"[""Everyday Conversation""]",Present or proffer (something) for (someone) to accept or reject as so desired,"[""She offered him a drink.""]",,"[""offer help, offer a deal""]"
office,,intermediate,"[""Everyday Conversation""]","A room, set of rooms, or building used as a place for commercial, professional, or bureaucratic work","[""She works in an office downtown.""]",,"[""work in an office, office job""]"
officer,,intermediate,"[""Everyday Conversation""]","A person holding a position of command or authority in the armed services, in the police, or in a public office","[""The officer gave the order.""]",,"[""police officer, army officer""]"
official,,intermediate,"[""Everyday Conversation""]","Relating to an authority or public body and its duties, actions, and responsibilities","[""She holds an official position.""]",,"[""official statement, official report""]"
officially,,intermediate,"[""Everyday Conversation""]",In a formal and public way,"[""The policy was officially approved.""]",,"[""officially announced, officially declared""]"
often,,intermediate,"[""Everyday Conversation""]",Frequently; many times,"[""She visits us often.""]",,"[""visit often, often see""]"
oh,,intermediate,"[""Everyday Conversation""]","Used to express a range of emotions including surprise, excitement, and sadness","[""Oh, I didn't see you there!""]",,"[""oh no, oh well""]"
oil,,intermediate,"[""Everyday Conversation""]","A viscous liquid derived from petroleum, especially for use as a fuel or lubricant","[""The engine needs oil.""]",,"[""oil spill, cooking oil""]"
old,,intermediate,"[""Everyday Conversation""]",Having lived for a long time; no longer young,"[""He is an old man.""]",,"[""old age, old friend""]"
on,,intermediate,"[""Everyday Conversation""]",Physically in contact with and supported by (a surface),"[""The book is on the table.""]",,"[""on the table, on top""]"
once,,intermediate,"[""Everyday Conversation""]",On one occasion or for one time only,"[""She called me once.""]",,"[""once a day, once again""]"
one,,intermediate,"[""Everyday Conversation""]",The lowest cardinal number; half of two; 1,"[""One apple is left.""]",,"[""one person, one more""]"
onion,,intermediate,"[""Everyday Conversation""]","A swollen edible bulb used as a vegetable, having a pungent taste and smell and composed of several concentric layers","[""Chop the onion finely.""]",,"[""chop an onion, onion rings""]"
online,,intermediate,"[""Everyday Conversation""]",Controlled by or connected to a computer,"[""She is always online.""]",,"[""online shopping, online class""]"
only,,intermediate,"[""Everyday Conversation""]",And no one or nothing more besides; solely,"[""It's only a matter of time.""]",,"[""only child, only one""]"
onto,,intermediate,"[""Everyday Conversation""]",To a position on the surface of,"[""She climbed onto the roof.""]",,"[""climb onto, onto the roof""]"
open,,intermediate,"[""Everyday Conversation""]","Allowing access, passage, or a view through an empty space; not closed or blocked","[""The door is open.""]",,"[""open door, open window""]"
operate,,intermediate,"[""Everyday Conversation""]","(of a machine, process, or system) function in a specified manner","[""The machine operates smoothly.""]",,"[""operate machinery, operate efficiently""]"
operation,,intermediate,"[""Everyday Conversation""]",The fact or condition of functioning or being active,"[""The operation was successful.""]",,"[""successful operation, surgical operation""]"
opinion,,intermediate,"[""Everyday Conversation""]","A view or judgment formed about something, not necessarily based on fact or knowledge","[""In my opinion, it's too expensive.""]",,"[""in my opinion, public opinion""]"
opportunity,,intermediate,"[""Everyday Conversation""]",A set of circumstances that makes it possible to do something,"[""She seized the opportunity.""]",,"[""great opportunity, seize the opportunity""]"
oppose,,intermediate,"[""Everyday Conversation""]","Disagree with and attempt to prevent, especially by argument","[""They oppose the new policy.""]",,"[""oppose the plan, strongly oppose""]"
opposite,,intermediate,"[""Everyday Conversation""]","Having a position on the other or further side of something; facing something, especially something of the same type","[""She sat opposite him.""]",,"[""opposite direction, opposite side""]"
opposition,,intermediate,"[""Everyday Conversation""]","Resistance or dissent, expressed in action or argument","[""There is strong opposition to the plan.""]",,"[""strong opposition, face opposition""]"
option,,intermediate,"[""Everyday Conversation""]",A thing that is or may be chosen,"[""You have two options.""]",,"[""have an option, choose an option""]"
or,,intermediate,"[""Everyday Conversation""]",Used to link alternatives,"[""Do you want tea or coffee?""]",,"[""tea or coffee, black or white""]"
orange,,intermediate,"[""Everyday Conversation""]",A round juicy citrus fruit with a tough bright reddish-yellow rind,"[""She peeled the orange.""]",,"[""peel an orange, orange juice""]"
order,,intermediate,"[""Everyday Conversation""]",Give an authoritative direction or instruction to do something,"[""She ordered a coffee.""]",,"[""give an order, order food""]"
ordinary,,intermediate,"[""Everyday Conversation""]",With no special or distinctive features; normal,"[""He led an ordinary life.""]",,"[""ordinary day, ordinary people""]"
organization,,intermediate,"[""Everyday Conversation""]","An organized body of people with a particular purpose, especially a business, society, association, etc.","[""She works for a non-profit organization.""]",,"[""non-profit organization, large organization""]"
organize,,intermediate,"[""Everyday Conversation""]",Arrange into a structured whole; order,"[""They organized a meeting.""]",,"[""organize a meeting, organize an event""]"
organized,,intermediate,"[""Everyday Conversation""]",Arranged or structured in a systematic way,"[""The files were well organized.""]",,"[""well organized, organized person""]"
origin,,intermediate,"[""Everyday Conversation""]","The point or place where something begins, arises, or is derived","[""The origin of the word is Latin.""]",,"[""place of origin, country of origin""]"
original,,intermediate,"[""Everyday Conversation""]",Present or existing from the beginning; first or earliest,"[""This is an original painting.""]",,"[""original idea, original painting""]"
originally,,intermediate,"[""Everyday Conversation""]",From or in the beginning; at first,"[""The building was originally a factory.""]",,"[""originally built, originally intended""]"
other,,intermediate,"[""Everyday Conversation""]",Used to refer to a person or thing that is different or distinct from one already mentioned or known,"[""She has other plans.""]",,"[""other plans, other people""]"
otherwise,,intermediate,"[""Everyday Conversation""]",In circumstances different from those present or considered; or else,"[""We must hurry; otherwise, we'll be late.""]",,"[""hurry up, otherwise""]"
ought to,,intermediate,"[""Everyday Conversation""]","Used to indicate duty or correctness, typically when criticizing someone's actions","[""You ought to apologize.""]",,"[""ought to be, ought to do""]"
our,,intermediate,"[""Everyday Conversation""]",Belonging to or associated with the speaker and one or more other people previously mentioned or easily identified,"[""This is our house.""]",,"[""our house, our car""]"
ours,,intermediate,"[""Everyday Conversation""]",Belonging to or associated with the speaker and one or more other people,"[""The decision is ours.""]",,"[""decision is ours, it's ours""]"
ourselves,,intermediate,"[""Everyday Conversation""]",Used by a speaker to refer to himself or herself and one or more other people as the object of a verb or preposition when they are also the subject of the clause,"[""We did it ourselves.""]",,"[""by ourselves, for ourselves""]"
out,,intermediate,"[""Everyday Conversation""]","Moving or appearing to move away from a particular place, especially one that is enclosed or hidden","[""She went out to get some fresh air.""]",,"[""go out, out of""]"
outdoor,,intermediate,"[""Everyday Conversation""]","Situated, occurring, or done outside, rather than in a building","[""They enjoy outdoor activities.""]",,"[""outdoor activities, outdoor games""]"
outdoors,,intermediate,"[""Everyday Conversation""]","In, into, or toward the open air","[""We decided to eat outdoors.""]",,"[""go outdoors, eat outdoors""]"
outer,,intermediate,"[""Everyday Conversation""]",Situated on or toward the outside,"[""The outer layer is damaged.""]",,"[""outer layer, outer space""]"
outline,,intermediate,"[""Everyday Conversation""]",A general description or plan giving the essential features of something but not the detail,"[""He provided an outline of the plan.""]",,"[""provide an outline, general outline""]"
outside,,intermediate,"[""Everyday Conversation""]",The external side or surface of something,"[""They waited outside.""]",,"[""wait outside, outside the house""]"
over,,intermediate,"[""Everyday Conversation""]",Extending directly upward from,"[""The bird flew over the house.""]",,"[""over the hill, over time""]"
overall,,intermediate,"[""Everyday Conversation""]",Taking everything into account,"[""Overall, the project was a success.""]",,"[""overall effect, overall performance""]"
overcome,,intermediate,"[""Everyday Conversation""]",Succeed in dealing with (a problem or difficulty),"[""He managed to overcome his fear.""]",,"[""overcome obstacles, overcome fear""]"
owe,,intermediate,"[""Everyday Conversation""]","Have an obligation to pay or repay (something, especially money) in return for something received","[""She owes me money.""]",,"[""owe money, owe a debt""]"
own,,intermediate,"[""Everyday Conversation""]",Belonging to oneself or itself,"[""He has his own car.""]",,"[""own property, own up""]"
owner,,intermediate,"[""Everyday Conversation""]",A person who owns something,"[""She is the owner of the shop.""]",,"[""shop owner, property owner""]"
oxygen,,intermediate,"[""Everyday Conversation""]","A colorless, odorless reactive gas, the chemical element of atomic number 8 and the life-supporting component of the air","[""Plants produce oxygen.""]",,"[""oxygen supply, oxygen level""]"
pack,,intermediate,"[""Everyday Conversation""]","Fill (a suitcase or bag), especially with clothes and other items needed when away from home","[""She needs to pack her suitcase.""]",,"[""pack a bag, pack luggage""]"
package,,intermediate,"[""Everyday Conversation""]",An object or group of objects wrapped in paper or packed in a box,"[""The package arrived on time.""]",,"[""mail a package, receive a package""]"
page,,intermediate,"[""Everyday Conversation""]","One or both sides of a sheet of paper in a book, magazine, newspaper, or other collection of bound sheets","[""Please turn to page 20.""]",,"[""page number, turn the page""]"
pain,,intermediate,"[""Everyday Conversation""]",Physical suffering or discomfort caused by illness or injury,"[""He felt a sharp pain in his leg.""]",,"[""sharp pain, feel pain""]"
painful,,intermediate,"[""Everyday Conversation""]",Causing physical pain,"[""The injury was very painful.""]",,"[""very painful, painful experience""]"
paint,,intermediate,"[""Everyday Conversation""]",A colored substance that is spread over a surface and dries to leave a thin decorative or protective coating,"[""She chose a bright color to paint her room.""]",,"[""paint a wall, paint a picture""]"
painter,,intermediate,"[""Everyday Conversation""]","A person who paints, especially as a job or hobby","[""The painter worked on the mural for days.""]",,"[""famous painter, house painter""]"
painting,,intermediate,"[""Everyday Conversation""]","The process or art of using paint, in a picture, as a protective coating, or as decoration","[""She admired the painting.""]",,"[""admire a painting, create a painting""]"
pair,,intermediate,"[""Everyday Conversation""]",A set of two things used together or regarded as a unit,"[""I bought a new pair of shoes.""]",,"[""pair of shoes, pair of socks""]"
pale,,intermediate,"[""Everyday Conversation""]",Light in color or having little color,"[""Her face turned pale.""]",,"[""pale face, pale skin""]"
pan,,intermediate,"[""Everyday Conversation""]",A metal container used for cooking food in,"[""She cooked the pasta in a large pan.""]",,"[""frying pan, large pan""]"
pants,,intermediate,"[""Everyday Conversation""]",Trousers,"[""He wore his favorite pants.""]",,"[""wear pants, new pants""]"
paper,,intermediate,"[""Everyday Conversation""]","Material manufactured in thin sheets from the pulp of wood or other fibrous substances, used for writing, drawing, or printing on, or as wrapping material","[""He wrote his notes on paper.""]",,"[""write on paper, sheet of paper""]"
parent,,intermediate,"[""Everyday Conversation""]",A father or mother,"[""Her parents are very supportive.""]",,"[""supportive parent, single parent""]"
park,,intermediate,"[""Everyday Conversation""]","A large public green area in a town, used for recreation","[""They went for a walk in the park.""]",,"[""walk in the park, national park""]"
parking,,intermediate,"[""Everyday Conversation""]",The action or practice of temporarily leaving a vehicle in a particular place,"[""Parking is difficult in this area.""]",,"[""parking space, parking lot""]"
part,,intermediate,"[""Everyday Conversation""]",A piece or segment of something,"[""She took part of the cake.""]",,"[""take part, part of""]"
participant,,intermediate,"[""Everyday Conversation""]",A person who takes part in something,"[""Each participant must register.""]",,"[""active participant, registered participant""]"
participate,,intermediate,"[""Everyday Conversation""]",Take part in an action or endeavor,"[""He decided to participate in the race.""]",,"[""participate in an event, participate fully""]"
particular,,intermediate,"[""Everyday Conversation""]",Used to single out an individual member of a specified group or class,"[""He paid attention to the particular details.""]",,"[""particular interest, particular reason""]"
particularly,,intermediate,"[""Everyday Conversation""]",To a higher degree than is usual or average,"[""She particularly enjoyed the movie.""]",,"[""particularly enjoyed, particularly liked""]"
partly,,intermediate,"[""Everyday Conversation""]",To some extent; not completely,"[""The plan is partly finished.""]",,"[""partly cloudy, partly true""]"
partner,,intermediate,"[""Everyday Conversation""]",Either of a pair of people engaged together in the same activity,"[""She is his business partner.""]",,"[""business partner, life partner""]"
party,,intermediate,"[""Everyday Conversation""]","A social gathering of invited guests, typically involving eating, drinking, and entertainment","[""They hosted a birthday party.""]",,"[""birthday party, surprise party""]"
pass,,intermediate,"[""Everyday Conversation""]",Move or cause to move in a specified direction,"[""She passed the test.""]",,"[""pass a test, pass by""]"
passage,,intermediate,"[""Everyday Conversation""]","The act or process of moving through, under, over, or past something on the way from one place to another","[""The passage was narrow.""]",,"[""narrow passage, safe passage""]"
passenger,,intermediate,"[""Everyday Conversation""]","A traveler on a public or private conveyance other than the driver, pilot, or crew","[""The passenger boarded the bus.""]",,"[""bus passenger, train passenger""]"
passing,,intermediate,"[""Everyday Conversation""]",Going past,"[""He nodded in passing.""]",,"[""in passing, passing by""]"
passion,,intermediate,"[""Everyday Conversation""]",Strong and barely controllable emotion,"[""She has a passion for music.""]",,"[""passion for, full of passion""]"
past,,intermediate,"[""Everyday Conversation""]",Gone by in time and no longer existing,"[""They talked about the past.""]",,"[""in the past, past tense""]"
path,,intermediate,"[""Everyday Conversation""]",A way or track laid down for walking or made by continual treading,"[""They walked along the path.""]",,"[""walk along the path, follow the path""]"
patient,,intermediate,"[""Everyday Conversation""]","Able to accept or tolerate delays, problems, or suffering without becoming annoyed or anxious","[""She was very patient with the children.""]",,"[""very patient, patient with""]"
pattern,,intermediate,"[""Everyday Conversation""]",A repeated decorative design,"[""The dress has a floral pattern.""]",,"[""floral pattern, design pattern""]"
pause,,intermediate,"[""Everyday Conversation""]",A temporary stop in action or speech,"[""She took a pause before continuing.""]",,"[""take a pause, pause button""]"
pay,,intermediate,"[""Everyday Conversation""]","Give (someone) money that is due for work done, goods received, or a debt incurred","[""He pays his bills on time.""]",,"[""pay a bill, pay for""]"
payment,,intermediate,"[""Everyday Conversation""]","The action or process of paying someone or something, or of being paid","[""The payment was made in cash.""]",,"[""make a payment, receive payment""]"
peace,,intermediate,"[""Everyday Conversation""]",Freedom from disturbance; tranquility,"[""They lived in peace.""]",,"[""live in peace, world peace""]"
peaceful,,intermediate,"[""Everyday Conversation""]",Free from disturbance; tranquil,"[""The village is very peaceful.""]",,"[""peaceful village, peaceful life""]"
peak,,intermediate,"[""Everyday Conversation""]",The pointed top of a mountain,"[""They reached the peak of the mountain.""]",,"[""mountain peak, peak season""]"
pen,,intermediate,"[""Everyday Conversation""]",An instrument for writing or drawing with ink,"[""She signed the document with a pen.""]",,"[""ink pen, ballpoint pen""]"
pencil,,intermediate,"[""Everyday Conversation""]","An instrument for writing or drawing, typically consisting of a thin stick of graphite or a similar substance enclosed in a long thin piece of wood or fixed in a metal or plastic case","[""He drew a picture with a pencil.""]",,"[""sharpen a pencil, draw with a pencil""]"
people,,intermediate,"[""Everyday Conversation""]",Human beings in general or considered collectively,"[""Many people attended the concert.""]",,"[""many people, young people""]"
pepper,,intermediate,"[""Everyday Conversation""]","A pungent hot-tasting powder prepared from dried and ground peppercorns, used as a spice or condiment to flavor food","[""She added pepper to the soup.""]",,"[""black pepper, add pepper""]"
per,,intermediate,"[""Everyday Conversation""]",For each (used with units to express a rate),"[""He earns $50 per hour.""]",,"[""per hour, per person""]"
percent,,intermediate,"[""Everyday Conversation""]",One part in every hundred,"[""She scored 90 percent on the test.""]",,"[""ten percent, percent of""]"
perfect,,intermediate,"[""Everyday Conversation""]","Having all the required or desirable elements, qualities, or characteristics; as good as it is possible to be","[""The painting is perfect.""]",,"[""perfect day, perfect score""]"
perfectly,,intermediate,"[""Everyday Conversation""]",In a perfect manner,"[""She sang perfectly.""]",,"[""perfectly well, perfectly clear""]"
perform,,intermediate,"[""Everyday Conversation""]","Carry out, accomplish, or fulfill (an action, task, or function)","[""They performed the play last night.""]",,"[""perform a task, perform a play""]"
performance,,intermediate,"[""Everyday Conversation""]","An act of staging or presenting a play, concert, or other form of entertainment","[""The performance was outstanding.""]",,"[""excellent performance, live performance""]"
performer,,intermediate,"[""Everyday Conversation""]",A person who entertains an audience,"[""The performer received a standing ovation.""]",,"[""talented performer, street performer""]"
perhaps,,intermediate,"[""Everyday Conversation""]",Used to express uncertainty or possibility,"[""Perhaps we can go tomorrow.""]",,"[""perhaps we can, perhaps not""]"
period,,intermediate,"[""Everyday Conversation""]",A length or portion of time,"[""It was a difficult period in his life.""]",,"[""time period, menstrual period""]"
permanent,,intermediate,"[""Everyday Conversation""]",Lasting or intended to last or remain unchanged indefinitely,"[""They have a permanent residence.""]",,"[""permanent residence, permanent job""]"
permission,,intermediate,"[""Everyday Conversation""]",Consent; authorization,"[""She gave her permission to leave early.""]",,"[""give permission, seek permission""]"
permit,,intermediate,"[""Everyday Conversation""]",Officially allow (someone) to do something,"[""They were permitted to enter the building.""]",,"[""permit entry, permit access""]"
person,,intermediate,"[""Everyday Conversation""]",A human being regarded as an individual,"[""He is a kind person.""]",,"[""kind person, person of interest""]"
personal,,intermediate,"[""Everyday Conversation""]",Belonging to or affecting a particular person rather than anyone else,"[""She shared her personal thoughts.""]",,"[""personal opinion, personal space""]"
personality,,intermediate,"[""Everyday Conversation""]",The combination of characteristics or qualities that form an individual's distinctive character,"[""She has a cheerful personality.""]",,"[""charming personality, split personality""]"
personally,,intermediate,"[""Everyday Conversation""]",With the personal presence or action of the individual specified,"[""I will do it personally.""]",,"[""personally involved, personally responsible""]"
persuade,,intermediate,"[""Everyday Conversation""]",Cause (someone) to do something through reasoning or argument,"[""He persuaded me to join.""]",,"[""persuade someone, try to persuade""]"
phase,,intermediate,"[""Everyday Conversation""]",A distinct period or stage in a process of change or forming part of something's development,"[""The project is in its final phase.""]",,"[""final phase, initial phase""]"
phenomenon,,intermediate,"[""Everyday Conversation""]","A fact or situation that is observed to exist or happen, especially one whose cause or explanation is in question","[""Lightning is a natural phenomenon.""]",,"[""natural phenomenon, strange phenomenon""]"
philosophy,,intermediate,"[""Everyday Conversation""]","The study of the fundamental nature of knowledge, reality, and existence, especially when considered as an academic discipline","[""She studied philosophy in college.""]",,"[""study philosophy, moral philosophy""]"
phone,,intermediate,"[""Everyday Conversation""]",A telephone,"[""She answered the phone.""]",,"[""answer the phone, phone call""]"
photo,,intermediate,"[""Everyday Conversation""]",A photograph,"[""He took a photo of the sunset.""]",,"[""take a photo, photo album""]"
photocopy,,intermediate,"[""Everyday Conversation""]",A paper copy of a document or picture that is made with a photocopier,"[""She made a photocopy of the document.""]",,"[""make a photocopy, photocopy machine""]"
photograph,,intermediate,"[""Everyday Conversation""]",A picture made using a camera,"[""He hung the photograph on the wall.""]",,"[""hang a photograph, digital photograph""]"
photographer,,intermediate,"[""Everyday Conversation""]","A person who takes photographs, especially as a job","[""The photographer captured the moment.""]",,"[""professional photographer, wedding photographer""]"
photography,,intermediate,"[""Everyday Conversation""]",The art or practice of taking and processing photographs,"[""She is studying photography.""]",,"[""study photography, photography class""]"
phrase,,intermediate,"[""Everyday Conversation""]","A small group of words standing together as a conceptual unit, typically forming a component of a clause","[""He used a common phrase.""]",,"[""common phrase, phrase book""]"
physical,,intermediate,"[""Everyday Conversation""]",Relating to the body as opposed to the mind,"[""She suffered physical pain.""]",,"[""physical pain, physical health""]"
physically,,intermediate,"[""Everyday Conversation""]",In a manner relating to the body as opposed to the mind,"[""He is physically fit.""]",,"[""physically fit, physically active""]"
physics,,intermediate,"[""Everyday Conversation""]",The branch of science concerned with the nature and properties of matter and energy,"[""She has a degree in physics.""]",,"[""study physics, physics lab""]"
piano,,intermediate,"[""Everyday Conversation""]","A large keyboard musical instrument with a wooden case enclosing a soundboard and metal strings, which are struck by hammers when the keys are pressed","[""She played the piano beautifully.""]",,"[""play the piano, piano music""]"
pick,,intermediate,"[""Everyday Conversation""]",Choose (someone or something) from a number of alternatives,"[""He picked the blue shirt.""]",,"[""pick a color, pick up""]"
picture,,intermediate,"[""Everyday Conversation""]",A painting or drawing,"[""She hung the picture on the wall.""]",,"[""draw a picture, picture frame""]"
piece,,intermediate,"[""Everyday Conversation""]","A portion of an object or of material, produced by cutting, tearing, or breaking the whole","[""He ate a piece of cake.""]",,"[""piece of cake, piece of paper""]"
pig,,intermediate,"[""Everyday Conversation""]",A domesticated hoofed mammal with sparse bristly hair and a flat snout for rooting in the soil,"[""The pig rolled in the mud.""]",,"[""farm pig, wild pig""]"
pile,,intermediate,"[""Everyday Conversation""]",A heap of things laid or lying one on top of another,"[""There is a pile of books on the table.""]",,"[""pile of clothes, pile up""]"
pill,,intermediate,"[""Everyday Conversation""]",A small round mass of solid medicine for swallowing whole,"[""She took a pill for her headache.""]",,"[""take a pill, birth control pill""]"
pilot,,intermediate,"[""Everyday Conversation""]",A person who operates the flying controls of an aircraft,"[""The pilot landed the plane safely.""]",,"[""experienced pilot, airline pilot""]"
pin,,intermediate,"[""Everyday Conversation""]","A small, slender, pointed piece of metal, wood, etc., used to fasten, support, or attach things","[""She pinned the note to the board.""]",,"[""safety pin, pin down""]"
pink,,intermediate,"[""Everyday Conversation""]",A color intermediate between red and white,"[""She wore a pink dress.""]",,"[""pink dress, pink flowers""]"
pint,,intermediate,"[""Everyday Conversation""]",A unit of liquid or dry capacity equal to one half of a quart,"[""He ordered a pint of beer.""]",,"[""pint of milk, pint of beer""]"
pipe,,intermediate,"[""Everyday Conversation""]",A tube through which liquids and gases can flow,"[""The plumber fixed the broken pipe.""]",,"[""water pipe, gas pipe""]"
pitch,,intermediate,"[""Everyday Conversation""]",The quality of a sound governed by the rate of vibrations producing it; the degree of highness or lowness of a tone,"[""She has perfect pitch.""]",,"[""perfect pitch, high pitch""]"
pity,,intermediate,"[""Everyday Conversation""]",The feeling of sorrow and compassion caused by the suffering and misfortunes of others,"[""He felt pity for the homeless man.""]",,"[""feel pity, out of pity""]"
place,,intermediate,"[""Everyday Conversation""]",A particular position or point in space,"[""This is a nice place to live.""]",,"[""nice place, place to stay""]"
plain,,intermediate,"[""Everyday Conversation""]",Not decorated or elaborate; simple or basic in character,"[""She wore a plain dress.""]",,"[""plain clothes, plain text""]"
plan,,intermediate,"[""Everyday Conversation""]",A detailed proposal for doing or achieving something,"[""They made a plan to meet next week.""]",,"[""make a plan, plan ahead""]"
plane,,intermediate,"[""Everyday Conversation""]",A flat surface on which a straight line joining any two points on it would wholly lie,"[""The plane landed safely.""]",,"[""airplane, plane ticket""]"
planet,,intermediate,"[""Everyday Conversation""]",A celestial body moving in an elliptical orbit around a star,"[""Earth is the third planet from the sun.""]",,"[""the planet Mars, planets in the solar system""]"
planning,,intermediate,"[""Everyday Conversation""]",The process of making plans for something,"[""They are planning a trip to Europe.""]",,"[""planning a trip, planning ahead""]"
plant,,intermediate,"[""Everyday Conversation""]","A living organism of the kind exemplified by trees, shrubs, herbs, grasses, ferns, and mosses, typically growing in a permanent site, absorbing water and inorganic substances through its roots, and synthesizing nutrients in its leaves by photosynthesis","[""She watered the plant.""]",,"[""water a plant, plant a tree""]"
plastic,,intermediate,"[""Everyday Conversation""]",A synthetic material made from a wide range of organic polymers that can be molded into shape while soft and then set into a rigid or slightly elastic form,"[""The toy is made of plastic.""]",,"[""plastic bottle, plastic bag""]"
plate,,intermediate,"[""Everyday Conversation""]","A flat, typically round dish from which food is eaten or served","[""He ate from a large plate.""]",,"[""dinner plate, large plate""]"
platform,,intermediate,"[""Everyday Conversation""]",A raised level surface on which people or things can stand,"[""They stood on the platform waiting for the train.""]",,"[""train platform, raised platform""]"
play,,intermediate,"[""Everyday Conversation""]",Engage in activity for enjoyment and recreation rather than a serious or practical purpose,"[""Children love to play outside.""]",,"[""play games, play outside""]"
player,,intermediate,"[""Everyday Conversation""]",A person who takes part in a game or sport,"[""The player scored a goal.""]",,"[""soccer player, basketball player""]"
pleasant,,intermediate,"[""Everyday Conversation""]",Giving a sense of happy satisfaction or enjoyment,"[""They had a pleasant conversation.""]",,"[""pleasant weather, pleasant surprise""]"
please,,intermediate,"[""Everyday Conversation""]",Cause to feel happy and satisfied,"[""Her smile pleased him.""]",,"[""please someone, please yourself""]"
pleasure,,intermediate,"[""Everyday Conversation""]",A feeling of happy satisfaction and enjoyment,"[""It was a pleasure to meet you.""]",,"[""great pleasure, take pleasure in""]"
plenty,,intermediate,"[""Everyday Conversation""]",A large or sufficient amount or quantity; more than enough,"[""There is plenty of food for everyone.""]",,"[""plenty of time, plenty to eat""]"
plot,,intermediate,"[""Everyday Conversation""]",A plan made in secret by a group of people to do something illegal or harmful,"[""They uncovered a plot to overthrow the government.""]",,"[""plot against, secret plot""]"
plug,,intermediate,"[""Everyday Conversation""]",A piece of solid material fitting tightly into a hole and blocking it up,"[""He put the plug back in the sink.""]",,"[""plug in, electrical plug""]"
plus,,intermediate,"[""Everyday Conversation""]",With the addition of,"[""Two plus two equals four.""]",,"[""plus sign, two plus two""]"
pocket,,intermediate,"[""Everyday Conversation""]","A small bag sewn into or on clothing so as to form part of it, used for carrying small articles","[""He put the keys in his pocket.""]",,"[""put in pocket, deep pocket""]"
poem,,intermediate,"[""Everyday Conversation""]","A piece of writing that partakes of the nature of both speech and song that is nearly always rhythmical, usually metaphorical, and often exhibits such formal elements as meter, rhyme, and stanzaic structure","[""She recited a beautiful poem.""]",,"[""write a poem, recite a poem""]"
poetry,,intermediate,"[""Everyday Conversation""]",Literary work in which special intensity is given to the expression of feelings and ideas by the use of distinctive style and rhythm,"[""He is studying poetry in college.""]",,"[""modern poetry, study poetry""]"
point,,intermediate,"[""Everyday Conversation""]","The tapered, sharp end of a tool, weapon, or other object","[""The knife has a sharp point.""]",,"[""sharp point, point of view""]"
pointed,,intermediate,"[""Everyday Conversation""]",Having a sharpened or tapered tip or end,"[""The pencil has a pointed tip.""]",,"[""pointed end, pointed remark""]"
poison,,intermediate,"[""Everyday Conversation""]",A substance that is capable of causing the illness or death of a living organism when introduced or absorbed,"[""They found poison in the food.""]",,"[""deadly poison, use poison""]"
poisonous,,intermediate,"[""Everyday Conversation""]",Capable of causing death or illness if taken into the body,"[""The snake is poisonous.""]",,"[""poisonous snake, poisonous gas""]"
pole,,intermediate,"[""Everyday Conversation""]","A long, slender, rounded piece of wood or metal, typically used with one end placed in the ground as a support for something","[""He used a pole to support the tent.""]",,"[""flag pole, fishing pole""]"
police,,intermediate,"[""Everyday Conversation""]","The civil force of a national or local government, responsible for the prevention and detection of crime and the maintenance of public order","[""The police arrested the suspect.""]",,"[""police officer, police station""]"
policy,,intermediate,"[""Everyday Conversation""]",A course or principle of action adopted or proposed by an organization or individual,"[""The company's new policy encourages remote work.""]",,"[""new policy, company policy""]"
polish,,intermediate,"[""Everyday Conversation""]",A substance used to give something a smooth and shiny surface when rubbed in,"[""She used polish to shine her shoes.""]",,"[""apply polish, nail polish""]"
polite,,intermediate,"[""Everyday Conversation""]",Having or showing behavior that is respectful and considerate of other people,"[""He is always polite to strangers.""]",,"[""polite behavior, polite smile""]"
politely,,intermediate,"[""Everyday Conversation""]",In a respectful and considerate manner,"[""She politely declined the offer.""]",,"[""speak politely, politely refuse""]"
political,,intermediate,"[""Everyday Conversation""]",Relating to the government or the public affairs of a country,"[""They discussed political issues.""]",,"[""political debate, political party""]"
politician,,intermediate,"[""Everyday Conversation""]","A person who is professionally involved in politics, especially as a holder of an elected office","[""The politician gave a speech.""]",,"[""local politician, career politician""]"
politics,,intermediate,"[""Everyday Conversation""]","The activities associated with the governance of a country or other area, especially the debate between parties having power","[""She is interested in politics.""]",,"[""study politics, political science""]"
pollution,,intermediate,"[""Everyday Conversation""]",The presence in or introduction into the environment of a substance or thing that has harmful or poisonous effects,"[""Pollution is a major problem in the city.""]",,"[""air pollution, reduce pollution""]"
pool,,intermediate,"[""Everyday Conversation""]","A small body of still water, typically one formed naturally","[""They swam in the pool.""]",,"[""swimming pool, pool of water""]"
poor,,intermediate,"[""Everyday Conversation""]",Lacking sufficient money to live at a standard considered comfortable or normal in a society,"[""The poor man had no home.""]",,"[""poor condition, poor health""]"
pop,,intermediate,"[""Everyday Conversation""]",Make a light explosive sound,"[""The balloon popped.""]",,"[""pop music, pop culture""]"
popular,,intermediate,"[""Everyday Conversation""]",Liked or admired by many people or by a particular person or group,"[""She is a popular singer.""]",,"[""popular among, popular with""]"
population,,intermediate,"[""Everyday Conversation""]","All the inhabitants of a particular town, area, or country","[""The population of the city is growing.""]",,"[""population growth, population density""]"
port,,intermediate,"[""Everyday Conversation""]","A town or city with a harbor where ships load or unload, especially one where customs officers are stationed","[""The ship docked at the port.""]",,"[""port city, fishing port""]"
position,,intermediate,"[""Everyday Conversation""]",A place where someone or something is located or has been put,"[""He found a good position in the company.""]",,"[""job position, hold a position""]"
positive,,intermediate,"[""Everyday Conversation""]",Consisting in or characterized by the presence or possession of features or qualities rather than their absence,"[""She has a positive attitude.""]",,"[""positive result, positive thinking""]"
possess,,intermediate,"[""Everyday Conversation""]",Have as belonging to one; own,"[""They possess a large estate.""]",,"[""possess a skill, possess wealth""]"
possession,,intermediate,"[""Everyday Conversation""]","The state of having, owning, or controlling something","[""He lost possession of the house.""]",,"[""in possession, lose possession""]"
possibility,,intermediate,"[""Everyday Conversation""]",A thing that may happen or be the case,"[""There is a possibility of rain tomorrow.""]",,"[""strong possibility, possibility of""]"
possible,,intermediate,"[""Everyday Conversation""]",Able to be done or achieved,"[""It is possible to finish the project on time.""]",,"[""possible solution, possible outcome""]"
possibly,,intermediate,"[""Everyday Conversation""]",Perhaps; maybe,"[""They could possibly arrive today.""]",,"[""possibly due to, could possibly""]"
post,,intermediate,"[""Everyday Conversation""]","A long, sturdy piece of timber or metal set upright in the ground and used as a support or marker","[""He tied the rope to a post.""]",,"[""wooden post, fence post""]"
postpone,,intermediate,"[""Everyday Conversation""]",Cause or arrange for (something) to take place at a time later than that first scheduled,"[""The meeting was postponed until next week.""]",,"[""postpone a meeting, postpone the event""]"
pot,,intermediate,"[""Everyday Conversation""]","A container, typically rounded or cylindrical and of ceramic ware or metal, used for storage or cooking","[""She cooked the soup in a large pot.""]",,"[""cooking pot, flower pot""]"
potato,,intermediate,"[""Everyday Conversation""]","A starchy plant tuber that is one of the most important food crops, cooked and eaten as a vegetable","[""He peeled the potato.""]",,"[""baked potato, mashed potato""]"
potential,,intermediate,"[""Everyday Conversation""]",Having or showing the capacity to develop into something in the future,"[""She has a lot of potential.""]",,"[""potential risk, potential benefit""]"
potentially,,intermediate,"[""Everyday Conversation""]",With a possibility of becoming actual; possibly,"[""Potentially, this could be a huge success.""]",,"[""potentially dangerous, potentially harmful""]"
pound,,intermediate,"[""Everyday Conversation""]",A unit of weight in general use equal to 16 oz. avoirdupois (0.4536 kg),"[""He weighs about 150 pounds.""]",,"[""pound of weight, pound sterling""]"
pour,,intermediate,"[""Everyday Conversation""]",Flow rapidly in a steady stream,"[""She poured the juice into a glass.""]",,"[""pour a drink, pour out""]"
powder,,intermediate,"[""Everyday Conversation""]","Fine, dry particles produced by the grinding, crushing, or disintegration of a solid substance","[""He sprinkled powder on the cake.""]",,"[""face powder, baking powder""]"
power,,intermediate,"[""Everyday Conversation""]",The ability or capacity to do something or act in a particular way,"[""The generator provides power to the building.""]",,"[""power supply, power source""]"
powerful,,intermediate,"[""Everyday Conversation""]",Having great power or strength,"[""The storm was very powerful.""]",,"[""powerful engine, powerful leader""]"
practical,,intermediate,"[""Everyday Conversation""]",Of or concerned with the actual doing or use of something rather than with theory and ideas,"[""She has a practical approach to problem-solving.""]",,"[""practical solution, practical experience""]"
practice,,intermediate,"[""Everyday Conversation""]","The actual application or use of an idea, belief, or method, as opposed to theories relating to it","[""Practice makes perfect.""]",,"[""practice regularly, practice session""]"
precious,,intermediate,"[""Everyday Conversation""]",Of great value; not to be wasted or treated carelessly,"[""The ring is very precious to her.""]",,"[""precious metals, precious moment""]"
precise,,intermediate,"[""Everyday Conversation""]",Marked by exactness and accuracy of expression or detail,"[""She gave precise instructions.""]",,"[""precise measurements, precise timing""]"
prefer,,intermediate,"[""Everyday Conversation""]",Like (one thing or person) better than another or others; tend to choose,"[""I prefer coffee over tea.""]",,"[""prefer tea, prefer to do""]"
preference,,intermediate,"[""Everyday Conversation""]",A greater liking for one alternative over another or others,"[""He has a preference for classical music.""]",,"[""personal preference, show a preference""]"
pregnant,,intermediate,"[""Everyday Conversation""]",Having a child or young developing in the uterus,"[""She is six months pregnant.""]",,"[""pregnant woman, pregnant with""]"
preparation,,intermediate,"[""Everyday Conversation""]",The action or process of making ready or being made ready for use or consideration,"[""The preparation for the event took weeks.""]",,"[""preparation for, in preparation""]"
prepare,,intermediate,"[""Everyday Conversation""]",Make (something) ready for use or consideration,"[""He prepared the meal.""]",,"[""prepare food, prepare for""]"
prescription,,intermediate,"[""Everyday Conversation""]",An instruction written by a medical practitioner that authorizes a patient to be issued with a medicine or treatment,"[""The doctor gave him a prescription.""]",,"[""doctor's prescription, write a prescription""]"
presence,,intermediate,"[""Everyday Conversation""]","The state or fact of existing, occurring, or being present in a place or thing","[""Your presence is requested at the meeting.""]",,"[""in the presence of, your presence""]"
present,,intermediate,"[""Everyday Conversation""]",Existing or occurring now,"[""She is present at the meeting.""]",,"[""present moment, present time""]"
presentation,,intermediate,"[""Everyday Conversation""]","The proffering or giving of something to someone, especially as part of a formal ceremony","[""The presentation was informative.""]",,"[""give a presentation, presentation skills""]"
preserve,,intermediate,"[""Everyday Conversation""]",Maintain (something) in its original or existing state,"[""They work to preserve the environment.""]",,"[""preserve nature, preserve food""]"
president,,intermediate,"[""Everyday Conversation""]",The elected head of a republican state,"[""The president gave a speech.""]",,"[""elected president, vice president""]"
press,,intermediate,"[""Everyday Conversation""]",Move or cause to move into a position of contact with something by exerting continuous physical force,"[""He pressed the button.""]",,"[""press a button, press down""]"
pressure,,intermediate,"[""Everyday Conversation""]",The continuous physical force exerted on or against an object by something in contact with it,"[""The pressure of the water was too strong.""]",,"[""high pressure, pressure on""]"
presumably,,intermediate,"[""Everyday Conversation""]",Used to convey that what is asserted is very likely though not known for certain,"[""Presumably, he will come to the party.""]",,"[""presumably true, presumably not""]"
pretend,,intermediate,"[""Everyday Conversation""]",Speak and act so as to make it appear that something is the case when in fact it is not,"[""She pretended to be asleep.""]",,"[""pretend to sleep, pretend to be""]"
pretty,,intermediate,"[""Everyday Conversation""]",Attractive in a delicate way without being truly beautiful or handsome,"[""She has a pretty smile.""]",,"[""pretty girl, pretty flower""]"
prevent,,intermediate,"[""Everyday Conversation""]",Keep (something) from happening or arising,"[""They worked to prevent accidents.""]",,"[""prevent from, prevent accidents""]"
previous,,intermediate,"[""Everyday Conversation""]",Existing or occurring before in time or order,"[""She returned to her previous job.""]",,"[""previous job, previous experience""]"
previously,,intermediate,"[""Everyday Conversation""]",At a previous or earlier time; before,"[""He was previously married.""]",,"[""previously mentioned, previously known""]"
price,,intermediate,"[""Everyday Conversation""]","The amount of money expected, required, or given in payment for something","[""The price of the book is $20.""]",,"[""high price, price tag""]"
pride,,intermediate,"[""Everyday Conversation""]",A feeling or deep pleasure or satisfaction derived from one's own achievements,"[""She felt a great sense of pride.""]",,"[""sense of pride, pride in""]"
primary,,intermediate,"[""Everyday Conversation""]",Of chief importance; principal,"[""Their primary concern is safety.""]",,"[""primary concern, primary goal""]"
principal,,intermediate,"[""Everyday Conversation""]",First in order of importance; main,"[""The principal reason for the change is cost.""]",,"[""principal reason, principal office""]"
principle,,intermediate,"[""Everyday Conversation""]",A fundamental truth or proposition that serves as the foundation for a system of belief or behavior or for a chain of reasoning,"[""He is a man of principle.""]",,"[""moral principle, basic principle""]"
print,,intermediate,"[""Everyday Conversation""]","Produce (books, newspapers, magazines, etc.), especially in large quantities, by a mechanical process involving the transfer of text, images, or designs to paper","[""They print the newspaper every morning.""]",,"[""print a book, print out""]"
printer,,intermediate,"[""Everyday Conversation""]","A machine for printing text or pictures onto paper, especially one linked to a computer","[""The printer is out of ink.""]",,"[""laser printer, inkjet printer""]"
prior,,intermediate,"[""Everyday Conversation""]","Existing or coming before in time, order, or importance","[""She had no prior knowledge of the event.""]",,"[""prior knowledge, prior to""]"
priority,,intermediate,"[""Everyday Conversation""]",The fact or condition of being regarded or treated as more important than others,"[""Safety is our priority.""]",,"[""high priority, priority list""]"
prison,,intermediate,"[""Everyday Conversation""]",A building in which people are legally held as a punishment for a crime they have committed or while awaiting trial,"[""He was sent to prison for theft.""]",,"[""sent to prison, in prison""]"
prisoner,,intermediate,"[""Everyday Conversation""]",A person legally held in prison as a punishment for crimes they have committed or while awaiting trial,"[""The prisoner escaped from jail.""]",,"[""escaped prisoner, political prisoner""]"
private,,intermediate,"[""Everyday Conversation""]",Belonging to or for the use of one particular person or group of people only,"[""This is a private conversation.""]",,"[""private property, private life""]"
probably,,intermediate,"[""Everyday Conversation""]",Almost certainly; as far as one knows or can tell,"[""He will probably arrive late.""]",,"[""probably true, probably not""]"
problem,,intermediate,"[""Everyday Conversation""]",A matter or situation regarded as unwelcome or harmful and needing to be dealt with and overcome,"[""She has a problem with her car.""]",,"[""solve a problem, big problem""]"
procedure,,intermediate,"[""Everyday Conversation""]",An established or official way of doing something,"[""The procedure is simple and straightforward.""]",,"[""surgical procedure, legal procedure""]"
proceed,,intermediate,"[""Everyday Conversation""]",Begin or continue a course of action,"[""He decided to proceed with his plans.""]",,"[""proceed with, proceed to""]"
process,,intermediate,"[""Everyday Conversation""]",A series of actions or steps taken to achieve an end,"[""The process will take several weeks.""]",,"[""in process, step-by-step process""]"
produce,,intermediate,"[""Everyday Conversation""]",Make or manufacture from components or raw materials,"[""The factory produces thousands of cars each year.""]",,"[""produce goods, produce results""]"
producer,,intermediate,"[""Everyday Conversation""]","A person, company, or country that makes, grows, or supplies goods or commodities for sale","[""She is a film producer.""]",,"[""film producer, food producer""]"
product,,intermediate,"[""Everyday Conversation""]",An article or substance that is manufactured or refined for sale,"[""This is a new product on the market.""]",,"[""new product, final product""]"
production,,intermediate,"[""Everyday Conversation""]",The action of making or manufacturing from components or raw materials,"[""The production of the film took two years.""]",,"[""film production, production process""]"
profession,,intermediate,"[""Everyday Conversation""]","A paid occupation, especially one that involves prolonged training and a formal qualification","[""He is in the medical profession.""]",,"[""medical profession, teaching profession""]"
professional,,intermediate,"[""Everyday Conversation""]",Relating to or connected with a profession,"[""She is a professional athlete.""]",,"[""professional development, professional career""]"
professor,,intermediate,"[""Everyday Conversation""]",A teacher of the highest rank in a college or university,"[""She is a respected professor at the university.""]",,"[""university professor, assistant professor""]"
profit,,intermediate,"[""Everyday Conversation""]","A financial gain, especially the difference between the amount earned and the amount spent in buying, operating, or producing something","[""The company made a profit this year.""]",,"[""net profit, profit margin""]"
program,,intermediate,"[""Everyday Conversation""]","A planned series of future events, items, or performances","[""They launched a new fitness program.""]",,"[""computer program, television program""]"
progress,,intermediate,"[""Everyday Conversation""]",Forward or onward movement toward a destination,"[""She is making good progress in her studies.""]",,"[""make progress, slow progress""]"
project,,intermediate,"[""Everyday Conversation""]",An individual or collaborative enterprise that is carefully planned and designed to achieve a particular aim,"[""The project is due next week.""]",,"[""research project, school project""]"
promise,,intermediate,"[""Everyday Conversation""]",A declaration or assurance that one will do a particular thing or that a particular thing will happen,"[""He made a promise to help her.""]",,"[""keep a promise, make a promise""]"
promote,,intermediate,"[""Everyday Conversation""]","Further the progress of (something, especially a cause, venture, or aim); support or actively encourage","[""They aim to promote education for all.""]",,"[""promote health, promote to""]"
promotion,,intermediate,"[""Everyday Conversation""]","Activity that supports or provides active encouragement for the furtherance of a cause, venture, or aim","[""She received a promotion at work.""]",,"[""job promotion, sales promotion""]"
proof,,intermediate,"[""Everyday Conversation""]",Evidence or argument establishing a fact or the truth of a statement,"[""We need proof of your identity.""]",,"[""provide proof, proof of identity""]"
proper,,intermediate,"[""Everyday Conversation""]",Truly what something is said or regarded to be; genuine,"[""He wore proper attire for the event.""]",,"[""proper behavior, proper care""]"
property,,intermediate,"[""Everyday Conversation""]",A thing or things belonging to someone; possessions collectively,"[""They bought a new property.""]",,"[""buy property, property value""]"
proportion,,intermediate,"[""Everyday Conversation""]","A part, share, or number considered in comparative relation to a whole","[""The proportion of women in the workforce has increased.""]",,"[""large proportion, high proportion""]"
proposal,,intermediate,"[""Everyday Conversation""]","A plan or suggestion, especially a formal or written one, put forward for consideration or discussion by others","[""They accepted the proposal for the new project.""]",,"[""business proposal, marriage proposal""]"
propose,,intermediate,"[""Everyday Conversation""]",Put forward (a plan or suggestion) for consideration by others,"[""He proposed a new plan.""]",,"[""propose a solution, propose an idea""]"
prospect,,intermediate,"[""Everyday Conversation""]",The possibility or likelihood of some future event occurring,"[""There is a good prospect for growth.""]",,"[""job prospect, future prospect""]"
protect,,intermediate,"[""Everyday Conversation""]",Keep safe from harm or injury,"[""They protect their children from harm.""]",,"[""protect the environment, protect from""]"
protection,,intermediate,"[""Everyday Conversation""]","The action of protecting someone or something, or the state of being protected","[""He has good protection against theft.""]",,"[""police protection, offer protection""]"
protest,,intermediate,"[""Everyday Conversation""]",A statement or action expressing disapproval of or objection to something,"[""They protested against the new law.""]",,"[""peaceful protest, protest against""]"
proud,,intermediate,"[""Everyday Conversation""]","Feeling deep pleasure or satisfaction as a result of one's own achievements, qualities, or possessions or those of someone with whom one is closely associated","[""She is proud of her achievements.""]",,"[""proud of, proud moment""]"
prove,,intermediate,"[""Everyday Conversation""]",Demonstrate the truth or existence of (something) by evidence or argument,"[""She proved her point with solid evidence.""]",,"[""prove a point, prove wrong""]"
provide,,intermediate,"[""Everyday Conversation""]",Make available for use; supply,"[""They provide free meals to the homeless.""]",,"[""provide services, provide information""]"
provided,,intermediate,"[""Everyday Conversation""]",On the condition or understanding that,"[""He will come provided you invite him.""]",,"[""provided that, provided with""]"
providing,,intermediate,"[""Everyday Conversation""]",On the condition or understanding that,"[""Providing that the weather is good, we will go hiking.""]",,"[""providing that, providing for""]"
public,,intermediate,"[""Everyday Conversation""]",Of or concerning the people as a whole,"[""The library is open to the public.""]",,"[""public interest, public space""]"
publication,,intermediate,"[""Everyday Conversation""]","The preparation and issuing of a book, journal, or piece of music for public sale","[""The publication of his new book is scheduled for next month.""]",,"[""book publication, scientific publication""]"
publicity,,intermediate,"[""Everyday Conversation""]",Notice or attention given to someone or something by the media,"[""The event received a lot of publicity.""]",,"[""media publicity, gain publicity""]"
publish,,intermediate,"[""Everyday Conversation""]","Prepare and issue (a book, journal, or piece of music) for public sale","[""They decided to publish their findings.""]",,"[""publish a book, publish findings""]"
pull,,intermediate,"[""Everyday Conversation""]",Exert force on (someone or something) so as to cause movement toward oneself,"[""She pulled the door open.""]",,"[""pull hard, pull on""]"
punish,,intermediate,"[""Everyday Conversation""]","Inflict a penalty or sanction on (someone) as retribution for an offense, especially a transgression of a legal or moral code","[""The teacher punished the student for cheating.""]",,"[""punish severely, punish for""]"
punishment,,intermediate,"[""Everyday Conversation""]",The infliction or imposition of a penalty as retribution for an offense,"[""He received a severe punishment for his crimes.""]",,"[""severe punishment, deserved punishment""]"
purchase,,intermediate,"[""Everyday Conversation""]",Acquire (something) by paying for it; buy,"[""She purchased a new car.""]",,"[""purchase a car, purchase online""]"
pure,,intermediate,"[""Everyday Conversation""]",Not mixed or adulterated with any other substance or material,"[""The water is pure and clean.""]",,"[""pure water, pure gold""]"
purpose,,intermediate,"[""Everyday Conversation""]",The reason for which something is done or created or for which something exists,"[""The purpose of the meeting is to discuss the project.""]",,"[""main purpose, serve a purpose""]"
pursue,,intermediate,"[""Everyday Conversation""]",Follow or chase (someone or something),"[""He decided to pursue a career in medicine.""]",,"[""pursue a career, pursue a goal""]"
push,,intermediate,"[""Everyday Conversation""]",Exert force on (someone or something) in order to move them away from oneself,"[""She pushed the door open.""]",,"[""push hard, push forward""]"
put,,intermediate,"[""Everyday Conversation""]",Move to or place in a particular position,"[""He put the book on the table.""]",,"[""put down, put on""]"
qualification,,intermediate,"[""Everyday Conversation""]","A pass of an examination or an official completion of a course, especially one conferring status as a recognized practitioner of a profession or activity","[""She obtained her teaching qualification last year.""]",,"[""teaching qualification, qualification test""]"
qualified,,intermediate,"[""Everyday Conversation""]",Officially recognized as being trained to perform a particular job; certified,"[""He is a qualified electrician.""]",,"[""fully qualified, highly qualified""]"
qualify,,intermediate,"[""Everyday Conversation""]",Be entitled to a particular benefit or privilege by fulfilling a necessary condition,"[""He qualifies for the scholarship.""]",,"[""qualify for, qualify as""]"
quality,,intermediate,"[""Everyday Conversation""]",The standard of something as measured against other things of a similar kind; the degree of excellence of something,"[""The quality of the product is excellent.""]",,"[""high quality, quality control""]"
quantity,,intermediate,"[""Everyday Conversation""]",The amount or number of a material or immaterial thing not usually estimated by spatial measurement,"[""The quantity of water in the tank is low.""]",,"[""large quantity, small quantity""]"
quarter,,intermediate,"[""Everyday Conversation""]",Each of four equal or corresponding parts into which something is or can be divided,"[""She gave him a quarter of the apple.""]",,"[""quarter of, quarterly""]"
queen,,intermediate,"[""Everyday Conversation""]","The female ruler of an independent state, especially one who inherits the position by right of birth","[""The queen addressed the nation.""]",,"[""queen of, queen's speech""]"
question,,intermediate,"[""Everyday Conversation""]",A sentence worded or expressed so as to elicit information,"[""He asked a difficult question.""]",,"[""ask a question, question time""]"
quick,,intermediate,"[""Everyday Conversation""]",Moving fast or doing something in a short time,"[""She made a quick decision.""]",,"[""quick response, quick decision""]"
quickly,,intermediate,"[""Everyday Conversation""]",At a fast speed; rapidly,"[""They quickly ran to the store.""]",,"[""move quickly, answer quickly""]"
quiet,,intermediate,"[""Everyday Conversation""]",Making little or no noise,"[""The library is a quiet place.""]",,"[""quiet place, quiet room""]"
quietly,,intermediate,"[""Everyday Conversation""]",In a quiet manner,"[""She spoke quietly.""]",,"[""speak quietly, walk quietly""]"
quit,,intermediate,"[""Everyday Conversation""]","Leave (a place), usually permanently","[""He decided to quit his job.""]",,"[""quit smoking, quit job""]"
quite,,intermediate,"[""Everyday Conversation""]",To the utmost or most absolute extent or degree; absolutely; completely,"[""The task is quite challenging.""]",,"[""quite difficult, quite interesting""]"
quote,,intermediate,"[""Everyday Conversation""]","Repeat or copy out (a group of words from a text or speech), typically with an indication that one is not the original author or speaker","[""She quoted a famous author in her essay.""]",,"[""quote a source, famous quote""]"
race,,intermediate,"[""Everyday Conversation""]","A competition between runners, horses, vehicles, boats, etc., to see which is the fastest in covering a set course","[""He won the race.""]",,"[""win a race, race car""]"
radio,,intermediate,"[""Everyday Conversation""]","The transmission and reception of electromagnetic waves of radio frequency, especially those carrying sound messages","[""She listens to the radio every morning.""]",,"[""listen to the radio, radio station""]"
rail,,intermediate,"[""Everyday Conversation""]","A bar or series of bars, typically fixed on upright supports, serving as part of a fence or barrier or used to hang things on","[""He hung his coat on the rail.""]",,"[""hand rail, rail fence""]"
railroad,,intermediate,"[""Everyday Conversation""]",A track or set of tracks made of steel rails along which passenger and freight trains run,"[""The railroad stretches across the country.""]",,"[""railroad track, railroad station""]"
railway,,intermediate,"[""Everyday Conversation""]",A track made of steel rails along which trains run; a railway,"[""They are building a new railway.""]",,"[""new railway, railway station""]"
rain,,intermediate,"[""Everyday Conversation""]",Moisture condensed from the atmosphere that falls visibly in separate drops,"[""It started to rain.""]",,"[""heavy rain, rain shower""]"
raise,,intermediate,"[""Everyday Conversation""]",Lift or move to a higher position or level,"[""They raised the flag.""]",,"[""raise a question, raise funds""]"
range,,intermediate,"[""Everyday Conversation""]",The area of variation between upper and lower limits on a particular scale,"[""The price range is between $10 and $50.""]",,"[""price range, wide range""]"
rank,,intermediate,"[""Everyday Conversation""]",A position in the hierarchy of the armed forces,"[""He holds the rank of captain.""]",,"[""military rank, rank higher""]"
rapid,,intermediate,"[""Everyday Conversation""]",Happening in a short time or at a great rate,"[""She made rapid progress.""]",,"[""rapid growth, rapid change""]"
rapidly,,intermediate,"[""Everyday Conversation""]",Very quickly; at a great rate,"[""The situation changed rapidly.""]",,"[""rapidly growing, rapidly changing""]"
rare,,intermediate,"[""Everyday Conversation""]",Not occurring very often,"[""It is rare to see such talent.""]",,"[""rare occurrence, rare species""]"
rarely,,intermediate,"[""Everyday Conversation""]",Not often; seldom,"[""She rarely goes out.""]",,"[""rarely seen, rarely happens""]"
rate,,intermediate,"[""Everyday Conversation""]","A measure, quantity, or frequency, typically one measured against some other quantity or measure","[""The birth rate is increasing.""]",,"[""high rate, exchange rate""]"
rather,,intermediate,"[""Everyday Conversation""]",Used to indicate one's preference in a particular matter,"[""I would rather stay home.""]",,"[""rather than, rather prefer""]"
raw,,intermediate,"[""Everyday Conversation""]",Uncooked; in its natural state; not processed,"[""He ate raw vegetables.""]",,"[""raw meat, raw data""]"
reach,,intermediate,"[""Everyday Conversation""]",Arrive at; get as far as,"[""He reached the top of the mountain.""]",,"[""reach a goal, reach out""]"
react,,intermediate,"[""Everyday Conversation""]",Respond or behave in a particular way in response to something,"[""He reacted angrily.""]",,"[""react quickly, react negatively""]"
reaction,,intermediate,"[""Everyday Conversation""]",An action performed or a feeling experienced in response to a situation or event,"[""Her reaction was surprising.""]",,"[""strong reaction, immediate reaction""]"
read,,intermediate,"[""Everyday Conversation""]",Look at and comprehend the meaning of (written or printed matter) by mentally interpreting the characters or symbols of which it is composed,"[""She likes to read books.""]",,"[""read a book, read aloud""]"
reader,,intermediate,"[""Everyday Conversation""]",A person who reads or who is fond of reading,"[""He is an avid reader.""]",,"[""avid reader, reader's choice""]"
reading,,intermediate,"[""Everyday Conversation""]",The action or skill of reading written or printed matter silently or aloud,"[""Reading is a good habit.""]",,"[""enjoy reading, reading habit""]"
ready,,intermediate,"[""Everyday Conversation""]","In a suitable state for an activity, action, or situation; fully prepared","[""She is ready to go.""]",,"[""ready to go, get ready""]"
real,,intermediate,"[""Everyday Conversation""]",Actually existing as a thing or occurring in fact; not imagined or supposed,"[""The danger is very real.""]",,"[""real problem, real danger""]"
realistic,,intermediate,"[""Everyday Conversation""]",Having or showing a sensible and practical idea of what can be achieved or expected,"[""He has a realistic view of the situation.""]",,"[""realistic expectations, realistic approach""]"
reality,,intermediate,"[""Everyday Conversation""]","The state of things as they actually exist, as opposed to an idealistic or notional idea of them","[""He needs to face reality.""]",,"[""face reality, harsh reality""]"
realize,,intermediate,"[""Everyday Conversation""]",Become fully aware of (something) as a fact; understand clearly,"[""She realized her mistake.""]",,"[""realize the truth, realize a dream""]"
really,,intermediate,"[""Everyday Conversation""]","In actual fact, as opposed to what is said or imagined to be true or possible","[""I really enjoyed the movie.""]",,"[""really good, really happy""]"
reason,,intermediate,"[""Everyday Conversation""]","A cause, explanation, or justification for an action or event","[""There is a good reason for his actions.""]",,"[""good reason, main reason""]"
reasonable,,intermediate,"[""Everyday Conversation""]",Having sound judgment; fair and sensible,"[""She made a reasonable decision.""]",,"[""reasonable price, reasonable doubt""]"
reasonably,,intermediate,"[""Everyday Conversation""]",In a fair and sensible way,"[""He acted reasonably in the situation.""]",,"[""act reasonably, reasonably well""]"
recall,,intermediate,"[""Everyday Conversation""]","Bring (a fact, event, or situation) back into one's mind; remember","[""He recalls the event clearly.""]",,"[""recall an event, recall information""]"
receive,,intermediate,"[""Everyday Conversation""]","Be given, presented with, or paid (something)","[""She received a gift.""]",,"[""receive a gift, receive news""]"
recent,,intermediate,"[""Everyday Conversation""]","Having happened, begun, or been done not long ago; belonging to a past period comparatively close to the present","[""The recent news is shocking.""]",,"[""recent events, recent developments""]"
recently,,intermediate,"[""Everyday Conversation""]",At a recent time; not long ago,"[""I recently visited my friend.""]",,"[""recently arrived, recently discovered""]"
recipe,,intermediate,"[""Everyday Conversation""]","A set of instructions for preparing a particular dish, including a list of the ingredients required","[""She followed the recipe carefully.""]",,"[""cooking recipe, follow a recipe""]"
recognition,,intermediate,"[""Everyday Conversation""]","The action or process of recognizing or being recognized, in particular","[""He earned recognition for his work.""]",,"[""gain recognition, public recognition""]"
recognize,,intermediate,"[""Everyday Conversation""]",Identify (someone or something) from having encountered them before; know again,"[""I recognize her from school.""]",,"[""recognize a face, recognize a name""]"
recommend,,intermediate,"[""Everyday Conversation""]",Put forward (someone or something) with approval as being suitable for a particular purpose or role,"[""She recommends this book.""]",,"[""highly recommend, recommend a book""]"
record,,intermediate,"[""Everyday Conversation""]","A thing constituting a piece of evidence about the past, especially an account kept in writing or some other permanent form","[""He set a new world record.""]",,"[""world record, record holder""]"
recording,,intermediate,"[""Everyday Conversation""]",The action or process of recording sound or a performance for subsequent reproduction or broadcast,"[""She listened to the recording.""]",,"[""audio recording, recording studio""]"
recover,,intermediate,"[""Everyday Conversation""]","Return to a normal state of health, mind, or strength","[""He is expected to recover soon.""]",,"[""recover from, recover quickly""]"
recovery,,intermediate,"[""Everyday Conversation""]","A return to a normal state of health, mind, or strength","[""Her recovery was quick.""]",,"[""speedy recovery, recovery time""]"
recruit,,intermediate,"[""Everyday Conversation""]",Enlist (someone) in the armed forces,"[""The army recruits new soldiers every year.""]",,"[""recruit new members, military recruit""]"
reduce,,intermediate,"[""Everyday Conversation""]","Make smaller or less in amount, degree, or size","[""They aim to reduce costs.""]",,"[""reduce waste, reduce cost""]"
reduction,,intermediate,"[""Everyday Conversation""]","The action or fact of making something smaller or less in amount, degree, or size","[""There was a reduction in crime rates.""]",,"[""tax reduction, reduction in""]"
refer,,intermediate,"[""Everyday Conversation""]",Mention or allude to,"[""He referred to the manual for instructions.""]",,"[""refer to, refer back""]"
reference,,intermediate,"[""Everyday Conversation""]",The use of a source of information in order to ascertain something,"[""She provided a reference for her friend.""]",,"[""reference book, reference point""]"
reflect,,intermediate,"[""Everyday Conversation""]","Throw back (heat, light, or sound) without absorbing it","[""The mirror reflects light.""]",,"[""reflect light, reflect on""]"
reform,,intermediate,"[""Everyday Conversation""]","Make changes in (something, typically a social, political, or economic institution or practice) in order to improve it","[""They plan to reform the education system.""]",,"[""reform policy, reform effort""]"
refrigerator,,intermediate,"[""Everyday Conversation""]",An appliance or compartment that is artificially kept cool and used to store food and drink,"[""She put the milk in the refrigerator.""]",,"[""put in refrigerator, take out of refrigerator""]"
refuse,,intermediate,"[""Everyday Conversation""]",Indicate or show that one is not willing to do something,"[""He refused to help.""]",,"[""refuse help, refuse to do""]"
regard,,intermediate,"[""Everyday Conversation""]",Consider or think of (someone or something) in a specified way,"[""She is highly regarded by her peers.""]",,"[""regard highly, with regard to""]"
regarding,,intermediate,"[""Everyday Conversation""]",With respect to; concerning,"[""Regarding your request, we will get back to you.""]",,"[""regarding your inquiry, regarding this matter""]"
region,,intermediate,"[""Everyday Conversation""]","An area, especially part of a country or the world having definable characteristics but not always fixed boundaries","[""This region is known for its wine.""]",,"[""wine region, coastal region""]"
regional,,intermediate,"[""Everyday Conversation""]",Relating to or characteristic of a region,"[""Regional differences can be significant.""]",,"[""regional differences, regional manager""]"
register,,intermediate,"[""Everyday Conversation""]",Enter or record on an official list or directory,"[""She registered for the course.""]",,"[""register online, register for""]"
regret,,intermediate,"[""Everyday Conversation""]","Feel sad, repentant, or disappointed over (something that one has done or failed to do)","[""He regretted his decision.""]",,"[""express regret, deep regret""]"
regular,,intermediate,"[""Everyday Conversation""]","Arranged in or constituting a constant or definite pattern, especially with the same space between individual instances","[""She has a regular schedule.""]",,"[""regular schedule, regular basis""]"
regularly,,intermediate,"[""Everyday Conversation""]","With a constant or definite pattern, especially with the same space between individual instances","[""She exercises regularly.""]",,"[""exercise regularly, check regularly""]"
regulation,,intermediate,"[""Everyday Conversation""]",A rule or directive made and maintained by an authority,"[""There are strict regulations on this matter.""]",,"[""strict regulation, government regulation""]"
reject,,intermediate,"[""Everyday Conversation""]","Dismiss as inadequate, inappropriate, or not to one's taste","[""She rejected the offer.""]",,"[""reject an offer, reject a proposal""]"
relate,,intermediate,"[""Everyday Conversation""]",Make or show a connection between,"[""Can you relate to this situation?""]",,"[""relate to, relate with""]"
related,,intermediate,"[""Everyday Conversation""]","Belonging to the same group, connected","[""They are related by blood.""]",,"[""closely related, directly related""]"
relation,,intermediate,"[""Everyday Conversation""]",The way in which two or more people or things are connected,"[""The relation between the two events is unclear.""]",,"[""relation between, in relation to""]"
relationship,,intermediate,"[""Everyday Conversation""]","The way in which two or more people or things are connected, or the state of being connected","[""They have a good relationship.""]",,"[""strong relationship, close relationship""]"
relative,,intermediate,"[""Everyday Conversation""]",Considered in relation or in proportion to something else,"[""He is a relative of mine.""]",,"[""close relative, distant relative""]"
relatively,,intermediate,"[""Everyday Conversation""]","In relation, comparison, or proportion to something else","[""The task was relatively easy.""]",,"[""relatively speaking, relatively easy""]"
relax,,intermediate,"[""Everyday Conversation""]",Make or become less tense or anxious,"[""She likes to relax after a long day.""]",,"[""relax and enjoy, relax after""]"
relaxed,,intermediate,"[""Everyday Conversation""]",Free from tension and anxiety; at ease,"[""She felt relaxed after the massage.""]",,"[""feel relaxed, relaxed atmosphere""]"
relaxing,,intermediate,"[""Everyday Conversation""]",Serving to relax or ease tension,"[""The music was very relaxing.""]",,"[""relaxing music, relaxing bath""]"
release,,intermediate,"[""Everyday Conversation""]",Allow or enable to escape from confinement; set free,"[""The prisoner was released after serving ten years.""]",,"[""release a prisoner, release information""]"
relevant,,intermediate,"[""Everyday Conversation""]",Closely connected or appropriate to what is being done or considered,"[""The information was not relevant to the case.""]",,"[""relevant information, highly relevant""]"
relief,,intermediate,"[""Everyday Conversation""]",A feeling of reassurance and relaxation following release from anxiety or distress,"[""He felt a sense of relief after hearing the good news.""]",,"[""sense of relief, huge relief""]"
religion,,intermediate,"[""Everyday Conversation""]","The belief in and worship of a superhuman controlling power, especially a personal God or gods","[""Religion plays an important role in many people's lives.""]",,"[""organized religion, freedom of religion""]"
religious,,intermediate,"[""Everyday Conversation""]",Relating to or believing in a religion,"[""He is very religious and attends church every Sunday.""]",,"[""religious belief, religious practice""]"
rely,,intermediate,"[""Everyday Conversation""]",Depend on with full trust or confidence,"[""You can rely on me for help.""]",,"[""rely on someone, rely heavily""]"
rely on,,intermediate,"[""Everyday Conversation""]",To depend on or trust someone or something,"[""She relies on her friends for support.""]",,"[""rely on support, rely on help""]"
remain,,intermediate,"[""Everyday Conversation""]","Continue to exist, especially after other similar or related people or things have ceased to exist","[""He remained calm during the crisis.""]",,"[""remain calm, remain silent""]"
remaining,,intermediate,"[""Everyday Conversation""]","Still existing, present, or in use; surviving","[""She spent her remaining money.""]",,"[""remaining funds, remaining time""]"
remains,,intermediate,"[""Everyday Conversation""]","The parts left over after other parts have been removed, used, or destroyed","[""The remains of the ancient city were discovered.""]",,"[""human remains, animal remains""]"
remark,,intermediate,"[""Everyday Conversation""]",Say something as a comment; mention,"[""He remarked on the beautiful weather.""]",,"[""make a remark, casual remark""]"
remarkable,,intermediate,"[""Everyday Conversation""]",Worthy of attention; striking,"[""The performance was remarkable.""]",,"[""remarkable achievement, remarkable person""]"
remember,,intermediate,"[""Everyday Conversation""]",Have in or be able to bring to one's mind an awareness of (someone or something from the past),"[""I remember meeting her at the party.""]",,"[""remember well, remember meeting""]"
remind,,intermediate,"[""Everyday Conversation""]",Cause (someone) to remember someone or something,"[""She reminded him to take his medication.""]",,"[""remind of, remind about""]"
remind of,,intermediate,"[""Everyday Conversation""]",Make someone think about someone or something,"[""The song reminds me of summer.""]",,"[""remind someone, remind often""]"
remote,,intermediate,"[""Everyday Conversation""]",Situated far from the main centers of population; distant,"[""They live in a remote village.""]",,"[""remote control, remote location""]"
removal,,intermediate,"[""Everyday Conversation""]",The action of taking away or abolishing something unwanted,"[""The removal of the old building made space for a park.""]",,"[""removal service, removal of""]"
remove,,intermediate,"[""Everyday Conversation""]",Take (something) away or off from the position occupied,"[""Please remove your shoes before entering.""]",,"[""remove shoes, remove stains""]"
rent,,intermediate,"[""Everyday Conversation""]","Pay someone for the use of (something, typically property, land, or a car)","[""They decided to rent an apartment.""]",,"[""rent an apartment, rent a car""]"
rented,,intermediate,"[""Everyday Conversation""]",Having been leased or let out for a period of time,"[""The rented car was comfortable.""]",,"[""rented house, rented equipment""]"
repair,,intermediate,"[""Everyday Conversation""]",Fix or mend (a thing suffering from damage or a fault),"[""He repaired the broken chair.""]",,"[""repair a car, repair the damage""]"
repeat,,intermediate,"[""Everyday Conversation""]",Say again something one has already said,"[""Please repeat what you just said.""]",,"[""repeat a question, repeat after me""]"
repeated,,intermediate,"[""Everyday Conversation""]",Done or occurring again several times in the same way,"[""He made repeated attempts to contact her.""]",,"[""repeated attempts, repeated failures""]"
repeatedly,,intermediate,"[""Everyday Conversation""]",Over and over again; constantly,"[""She called repeatedly but got no answer.""]",,"[""call repeatedly, try repeatedly""]"
replace,,intermediate,"[""Everyday Conversation""]",Take the place of,"[""She replaced the old battery with a new one.""]",,"[""replace the battery, replace old with new""]"
reply,,intermediate,"[""Everyday Conversation""]",Say something in response to something someone has said,"[""He did not reply to her question.""]",,"[""quick reply, reply to a question""]"
report,,intermediate,"[""Everyday Conversation""]","Give a spoken or written account of something that one has observed, heard, done, or investigated","[""She reported the incident to the police.""]",,"[""report a crime, report findings""]"
reporter,,intermediate,"[""Everyday Conversation""]","A person who reports, especially one employed to report news or conduct interviews for newspapers or broadcasts","[""The reporter interviewed the mayor.""]",,"[""news reporter, field reporter""]"
represent,,intermediate,"[""Everyday Conversation""]","Be entitled or appointed to act or speak for (someone), especially in an official capacity","[""He was chosen to represent his country.""]",,"[""represent the country, represent an idea""]"
representation,,intermediate,"[""Everyday Conversation""]",The action of speaking or acting on behalf of someone or the state of being so represented,"[""The painting is a representation of the artist's feelings.""]",,"[""accurate representation, visual representation""]"
representative,,intermediate,"[""Everyday Conversation""]",A person chosen or appointed to act or speak for another or others,"[""The representative spoke on behalf of the company.""]",,"[""sales representative, company representative""]"
reproduce,,intermediate,"[""Everyday Conversation""]",Produce again; copy,"[""Scientists can reproduce the results of the experiment.""]",,"[""reproduce the image, reproduce successfully""]"
reputation,,intermediate,"[""Everyday Conversation""]",The beliefs or opinions that are generally held about someone or something,"[""She has a reputation for being very intelligent.""]",,"[""good reputation, build a reputation""]"
request,,intermediate,"[""Everyday Conversation""]",An act of asking politely or formally for something,"[""She made a request for more information.""]",,"[""formal request, request for""]"
require,,intermediate,"[""Everyday Conversation""]",Need for a particular purpose,"[""This task requires a lot of effort.""]",,"[""require assistance, require effort""]"
requirement,,intermediate,"[""Everyday Conversation""]",A thing that is needed or wanted,"[""Meeting the requirements is essential for the job.""]",,"[""meet the requirement, job requirement""]"
rescue,,intermediate,"[""Everyday Conversation""]",Save (someone) from a dangerous or distressing situation,"[""The lifeguard rescued the swimmer.""]",,"[""rescue mission, rescue the hostages""]"
research,,intermediate,"[""Everyday Conversation""]",The systematic investigation into and study of materials and sources in order to establish facts and reach new conclusions,"[""She conducted research on climate change.""]",,"[""conduct research, research findings""]"
researcher,,intermediate,"[""Everyday Conversation""]",A person who carries out academic or scientific research,"[""The researcher published her findings.""]",,"[""medical researcher, scientific researcher""]"
resemble,,intermediate,"[""Everyday Conversation""]","Have qualities or features, especially those of appearance, in common with (someone or something); look or seem like","[""She resembles her mother.""]",,"[""closely resemble, resemble each other""]"
reservation,,intermediate,"[""Everyday Conversation""]",The action of reserving something,"[""I made a reservation at the restaurant.""]",,"[""make a reservation, reservation confirmed""]"
resident,,intermediate,"[""Everyday Conversation""]",A person who lives somewhere permanently or on a long-term basis,"[""He is a resident of New York.""]",,"[""permanent resident, local resident""]"
resist,,intermediate,"[""Everyday Conversation""]",Withstand the action or effect of,"[""They resisted the temptation to eat junk food.""]",,"[""resist change, resist temptation""]"
resistance,,intermediate,"[""Everyday Conversation""]",The refusal to accept or comply with something,"[""There was strong resistance to the new law.""]",,"[""strong resistance, resistance movement""]"
resolve,,intermediate,"[""Everyday Conversation""]","Settle or find a solution to (a problem, dispute, or contentious matter)","[""They resolved their differences.""]",,"[""resolve a conflict, resolve an issue""]"
resort,,intermediate,"[""Everyday Conversation""]","A place that is a popular destination for vacations or recreation, or which is frequented for a particular purpose","[""They stayed at a beach resort.""]",,"[""luxury resort, ski resort""]"
resource,,intermediate,"[""Everyday Conversation""]",A stock or supply of materials or assets that can be drawn on in order to function effectively,"[""Natural resources are essential for the economy.""]",,"[""energy resource, valuable resource""]"
respect,,intermediate,"[""Everyday Conversation""]","A feeling of deep admiration for someone or something elicited by their abilities, qualities, or achievements","[""He earned the respect of his peers.""]",,"[""gain respect, mutual respect""]"
respond,,intermediate,"[""Everyday Conversation""]",Say something in reply,"[""He responded to her question.""]",,"[""respond quickly, respond to""]"
response,,intermediate,"[""Everyday Conversation""]",A verbal or written answer,"[""Her response was quick.""]",,"[""quick response, response to""]"
responsibility,,intermediate,"[""Everyday Conversation""]",The state or fact of having a duty to deal with something or of having control over someone,"[""He has a lot of responsibility at work.""]",,"[""great responsibility, assume responsibility""]"
responsible,,intermediate,"[""Everyday Conversation""]","Having an obligation to do something, or having control over or care for someone, as part of one's job or role","[""She is responsible for the project.""]",,"[""responsible for, hold responsible""]"
rest,,intermediate,"[""Everyday Conversation""]","Cease work or movement in order to relax, refresh oneself, or recover strength","[""He needs to rest after the long journey.""]",,"[""take a rest, need rest""]"
restaurant,,intermediate,"[""Everyday Conversation""]",A place where people pay to sit and eat meals that are cooked and served on the premises,"[""They went to a fancy restaurant.""]",,"[""fancy restaurant, restaurant meal""]"
result,,intermediate,"[""Everyday Conversation""]","A consequence, effect, or outcome of something","[""The result of the test was positive.""]",,"[""end result, result of""]"
retain,,intermediate,"[""Everyday Conversation""]",Continue to have (something); keep possession of,"[""She retained her composure.""]",,"[""retain control, retain information""]"
retire,,intermediate,"[""Everyday Conversation""]","Leave one's job and cease to work, typically upon reaching the normal age for leaving employment","[""He plans to retire next year.""]",,"[""retire early, retire from""]"
return,,intermediate,"[""Everyday Conversation""]",Come or go back to a place or person,"[""She returned the book to the library.""]",,"[""return home, return to""]"
reveal,,intermediate,"[""Everyday Conversation""]",Make (previously unknown or secret information) known to others,"[""She revealed the truth about the incident.""]",,"[""reveal a secret, reveal information""]"
revenue,,intermediate,"[""Everyday Conversation""]","Income, especially when of a company or organization and of a substantial nature","[""The company's revenue has increased.""]",,"[""increase revenue, revenue growth""]"
review,,intermediate,"[""Everyday Conversation""]",A formal assessment or examination of something with the possibility or intention of instituting change if necessary,"[""The film received mixed reviews.""]",,"[""positive review, review process""]"
revolution,,intermediate,"[""Everyday Conversation""]",A forcible overthrow of a government or social order in favor of a new system,"[""The revolution changed the country's history.""]",,"[""industrial revolution, social revolution""]"
reward,,intermediate,"[""Everyday Conversation""]","A thing given in recognition of one's service, effort, or achievement","[""He received a reward for his hard work.""]",,"[""receive a reward, reward hard work""]"
rhythm,,intermediate,"[""Everyday Conversation""]","A strong, regular, repeated pattern of movement or sound","[""The song has a catchy rhythm.""]",,"[""steady rhythm, rhythmic pattern""]"
rice,,intermediate,"[""Everyday Conversation""]","A swamp grass that is widely cultivated as a source of food, especially in Asia","[""Rice is a staple food in many cultures.""]",,"[""cooked rice, rice field""]"
rich,,intermediate,"[""Everyday Conversation""]",Having a great deal of money or assets; wealthy,"[""He is a rich businessman.""]",,"[""rich and famous, rich in resources""]"
ride,,intermediate,"[""Everyday Conversation""]","Sit on and control the movement of (an animal, typically a horse), especially as a recreation or sport","[""She loves to ride horses.""]",,"[""ride a bike, ride a horse""]"
right,,intermediate,"[""Everyday Conversation""]","Morally good, justified, or acceptable","[""He made the right decision.""]",,"[""right choice, human rights""]"
ring,,intermediate,"[""Everyday Conversation""]","A small circular band, typically of precious metal worn on a finger","[""She wore a gold ring on her finger.""]",,"[""gold ring, engagement ring""]"
rise,,intermediate,"[""Everyday Conversation""]",Move from a lower position to a higher one; come or go up,"[""The sun rises in the east.""]",,"[""rise in price, rise early""]"
risk,,intermediate,"[""Everyday Conversation""]",A situation involving exposure to danger,"[""There is a high risk of injury.""]",,"[""high risk, risk management""]"
river,,intermediate,"[""Everyday Conversation""]","A large natural stream of water flowing in a channel to the sea, a lake, or another river","[""The river flows into the sea.""]",,"[""cross the river, river bank""]"
road,,intermediate,"[""Everyday Conversation""]","A wide way leading from one place to another, especially one with a specially prepared surface which vehicles can use","[""They drove down the road.""]",,"[""main road, road trip""]"
rock,,intermediate,"[""Everyday Conversation""]","The solid mineral material forming part of the surface of the earth and other similar planets, exposed on the surface or underlying the soil or oceans","[""He climbed the rock.""]",,"[""big rock, rock climbing""]"
role,,intermediate,"[""Everyday Conversation""]",The function assumed or part played by a person or thing in a particular situation,"[""She plays a leading role in the play.""]",,"[""play a role, important role""]"
roll,,intermediate,"[""Everyday Conversation""]",Move or cause to move in a particular direction by turning over and over on an axis,"[""He rolled the ball across the field.""]",,"[""roll the dice, roll up""]"
romantic,,intermediate,"[""Everyday Conversation""]",Conducive to or characterized by the expression of love,"[""They went on a romantic date.""]",,"[""romantic evening, romantic gesture""]"
roof,,intermediate,"[""Everyday Conversation""]",The structure forming the upper covering of a building or vehicle,"[""The roof needs repairing.""]",,"[""flat roof, roof top""]"
room,,intermediate,"[""Everyday Conversation""]","A part or division of a building enclosed by walls, floor, and ceiling","[""The room was spacious and bright.""]",,"[""living room, hotel room""]"
root,,intermediate,"[""Everyday Conversation""]","The part of a plant which attaches it to the ground or to a support, typically underground, conveying water and nourishment to the rest of the plant via numerous branches and fibers","[""The tree's roots are deep.""]",,"[""deep root, plant root""]"
rope,,intermediate,"[""Everyday Conversation""]",A length of strong cord made by twisting together strands of natural fibers such as hemp or artificial fibers such as polypropylene,"[""He tied the package with rope.""]",,"[""tie with rope, climbing rope""]"
rough,,intermediate,"[""Everyday Conversation""]",Having an uneven or irregular surface; not smooth or level,"[""The table had a rough surface.""]",,"[""rough surface, rough estimate""]"
roughly,,intermediate,"[""Everyday Conversation""]",In a manner lacking gentleness; harshly or violently,"[""He estimated the cost roughly.""]",,"[""roughly speaking, roughly calculate""]"
round,,intermediate,"[""Everyday Conversation""]",Shaped like or approximately like a circle or cylinder,"[""The table was round.""]",,"[""round table, round shape""]"
route,,intermediate,"[""Everyday Conversation""]",A way or course taken in getting from a starting point to a destination,"[""They took a different route to avoid traffic.""]",,"[""bus route, escape route""]"
routine,,intermediate,"[""Everyday Conversation""]",A sequence of actions regularly followed; a fixed program,"[""She followed her daily routine.""]",,"[""daily routine, workout routine""]"
row,,intermediate,"[""Everyday Conversation""]",A number of people or things in a more or less straight line,"[""They sat in the front row.""]",,"[""front row, in a row""]"
royal,,intermediate,"[""Everyday Conversation""]",Having the status of a king or queen or a member of their family,"[""They visited the royal palace.""]",,"[""royal family, royal palace""]"
rub,,intermediate,"[""Everyday Conversation""]",Move one's hand or a cloth repeatedly back and forth on the surface of (something) with firm pressure,"[""She rubbed her hands together to warm them up.""]",,"[""rub gently, rub together""]"
rubbish,,intermediate,"[""Everyday Conversation""]",Waste material; refuse or litter,"[""He threw the rubbish in the bin.""]",,"[""throw away rubbish, collect rubbish""]"
rude,,intermediate,"[""Everyday Conversation""]",Offensively impolite or ill-mannered,"[""His rude comments upset everyone.""]",,"[""rude behavior, rude remark""]"
ruin,,intermediate,"[""Everyday Conversation""]","Reduce (a building or place) to a state of decay, collapse, or disintegration","[""The ancient city was ruined by the earthquake.""]",,"[""ancient ruins, ruins of the castle""]"
rule,,intermediate,"[""Everyday Conversation""]",One of a set of explicit or understood regulations or principles governing conduct within a particular activity or sphere,"[""You must follow the school rules.""]",,"[""follow the rules, rule book""]"
ruler,,intermediate,"[""Everyday Conversation""]",A person exercising government or dominion,"[""The ruler of the kingdom was wise and just.""]",,"[""wise ruler, ruler of the kingdom""]"
rumor,,intermediate,"[""Everyday Conversation""]",A currently circulating story or report of uncertain or doubtful truth,"[""There is a rumor going around about the new manager.""]",,"[""spread a rumor, rumor has it""]"
run,,intermediate,"[""Everyday Conversation""]","Move at a speed faster than a walk, never having both or all the feet on the ground at the same time","[""She runs every morning to stay fit.""]",,"[""run fast, run a race""]"
runner,,intermediate,"[""Everyday Conversation""]","A person who runs, especially in a specified way","[""The runner crossed the finish line.""]",,"[""marathon runner, professional runner""]"
running,,intermediate,"[""Everyday Conversation""]",The action or movement of a runner,"[""Running is a great way to stay in shape.""]",,"[""running shoes, running track""]"
rural,,intermediate,"[""Everyday Conversation""]","In, relating to, or characteristic of the countryside rather than the town","[""They live in a rural area.""]",,"[""rural area, rural life""]"
rush,,intermediate,"[""Everyday Conversation""]",Move with urgent haste,"[""She rushed to catch the bus.""]",,"[""rush hour, rush to""]"
sack,,intermediate,"[""Everyday Conversation""]","A large bag made of a strong material such as hessian, thick paper, or plastic, used for storing and carrying goods","[""He carried the potatoes in a sack.""]",,"[""potato sack, sack race""]"
sad,,intermediate,"[""Everyday Conversation""]",Feeling or showing sorrow; unhappy,"[""She felt sad after hearing the news.""]",,"[""feel sad, sad news""]"
sadly,,intermediate,"[""Everyday Conversation""]",In a sad manner,"[""He looked at her sadly.""]",,"[""look sadly, sadly missed""]"
sadness,,intermediate,"[""Everyday Conversation""]",The condition or quality of being sad,"[""Her sadness was obvious.""]",,"[""deep sadness, overwhelming sadness""]"
safe,,intermediate,"[""Everyday Conversation""]",Protected from or not exposed to danger or risk; not likely to be harmed or lost,"[""The children are safe at home.""]",,"[""safe and sound, safe from""]"
safety,,intermediate,"[""Everyday Conversation""]","The condition of being protected from or unlikely to cause danger, risk, or injury","[""They ensured the safety of the passengers.""]",,"[""health and safety, ensure safety""]"
sail,,intermediate,"[""Everyday Conversation""]","Travel in a boat with sails, especially as a sport or recreation","[""They decided to sail around the world.""]",,"[""sail away, sail around""]"
sailing,,intermediate,"[""Everyday Conversation""]",The action of sailing in a boat,"[""Sailing is his favorite hobby.""]",,"[""sailing club, sailing trip""]"
salary,,intermediate,"[""Everyday Conversation""]","A fixed regular payment, typically paid on a monthly or biweekly basis but often expressed as an annual sum, made by an employer to an employee, especially a professional or white-collar worker","[""She received her salary at the end of the month.""]",,"[""monthly salary, annual salary""]"
sale,,intermediate,"[""Everyday Conversation""]",The exchange of a commodity for money; the action of selling something,"[""The sale of the house was completed.""]",,"[""for sale, on sale""]"
salt,,intermediate,"[""Everyday Conversation""]",A white crystalline substance which gives seawater its characteristic taste and is used for seasoning or preserving food,"[""He added salt to his food.""]",,"[""pinch of salt, salt shaker""]"
salty,,intermediate,"[""Everyday Conversation""]","Tasting of, containing, or preserved with salt","[""The soup was too salty.""]",,"[""salty taste, too salty""]"
same,,intermediate,"[""Everyday Conversation""]",Identical; not different,"[""They wore the same dress.""]",,"[""same as, same time""]"
sample,,intermediate,"[""Everyday Conversation""]",A small part or quantity intended to show what the whole is like,"[""He took a sample of the soil.""]",,"[""blood sample, sample size""]"
sand,,intermediate,"[""Everyday Conversation""]","A loose granular substance, typically pale yellowish brown, resulting from the erosion of siliceous and other rocks and forming a major constituent of beaches, riverbeds, the seabed, and deserts","[""The children played in the sand.""]",,"[""sand dune, beach sand""]"
satisfaction,,intermediate,"[""Everyday Conversation""]","Fulfillment of one's wishes, expectations, or needs, or the pleasure derived from this","[""He felt a sense of satisfaction after finishing the job.""]",,"[""job satisfaction, complete satisfaction""]"
satisfied,,intermediate,"[""Everyday Conversation""]",Contented; pleased,"[""She was satisfied with the service.""]",,"[""fully satisfied, satisfied with""]"
satisfy,,intermediate,"[""Everyday Conversation""]","Meet the expectations, needs, or desires of (someone)","[""The food satisfied their hunger.""]",,"[""satisfy hunger, satisfy needs""]"
sauce,,intermediate,"[""Everyday Conversation""]",A liquid or semi-liquid substance served with food to add moistness and flavor,"[""She added sauce to the pasta.""]",,"[""tomato sauce, add sauce""]"
save,,intermediate,"[""Everyday Conversation""]",Keep safe or rescue (someone or something) from harm or danger,"[""They worked hard to save the environment.""]",,"[""save money, save time""]"
saving,,intermediate,"[""Everyday Conversation""]","An economy of or reduction in money, time, or another resource","[""They made a saving by buying in bulk.""]",,"[""cost saving, saving account""]"
say,,intermediate,"[""Everyday Conversation""]","Utter words so as to convey information, an opinion, a feeling or intention, or an instruction","[""She didn't know what to say.""]",,"[""say something, say hello""]"
scale,,intermediate,"[""Everyday Conversation""]",An instrument or device used for weighing,"[""He stepped on the scale to weigh himself.""]",,"[""weighing scale, scale of the problem""]"
scare,,intermediate,"[""Everyday Conversation""]",Cause great fear or nervousness in; frighten,"[""The loud noise scared the children.""]",,"[""scare someone, scare off""]"
scared,,intermediate,"[""Everyday Conversation""]",Fearful; frightened,"[""She was scared of the dark.""]",,"[""scared of the dark, scared to death""]"
scary,,intermediate,"[""Everyday Conversation""]",Causing fear,"[""The movie was really scary.""]",,"[""scary movie, scary experience""]"
scene,,intermediate,"[""Everyday Conversation""]",The place where an incident in real life or fiction occurs or occurred,"[""The crime scene was cordoned off by the police.""]",,"[""crime scene, movie scene""]"
schedule,,intermediate,"[""Everyday Conversation""]","A plan for carrying out a process or procedure, giving lists of intended events and times","[""He followed his daily schedule strictly.""]",,"[""daily schedule, work schedule""]"
scheme,,intermediate,"[""Everyday Conversation""]",A large-scale systematic plan or arrangement for attaining some particular object or putting a particular idea into effect,"[""They devised a scheme to improve sales.""]",,"[""implement a scheme, design a scheme""]"
science,,intermediate,"[""Everyday Conversation""]",The intellectual and practical activity encompassing the systematic study of the structure and behavior of the physical and natural world through observation and experiment,"[""She is studying environmental science.""]",,"[""natural science, social science""]"
scientific,,intermediate,"[""Everyday Conversation""]",Based on or characterized by the methods and principles of science,"[""The research follows scientific methods.""]",,"[""scientific method, scientific research""]"
scientist,,intermediate,"[""Everyday Conversation""]",A person who is studying or has expert knowledge of one or more of the natural or physical sciences,"[""The scientist made an important discovery.""]",,"[""famous scientist, research scientist""]"
scissors,,intermediate,"[""Everyday Conversation""]","An instrument used for cutting cloth, paper, and other thin material, consisting of two pivoted blades","[""She cut the paper with scissors.""]",,"[""pair of scissors, cut with scissors""]"
score,,intermediate,"[""Everyday Conversation""]","The number of points, goals, runs, etc., achieved in a game or by a team or an individual","[""The final score was 3-2.""]",,"[""high score, final score""]"
scratch,,intermediate,"[""Everyday Conversation""]","Make a long, narrow superficial wound in the skin or a surface","[""He scratched his arm on the branch.""]",,"[""scratch the surface, scratch mark""]"
scream,,intermediate,"[""Everyday Conversation""]","Give a long, loud, piercing cry or cries expressing excitement, great emotion, or pain","[""She screamed when she saw the spider.""]",,"[""loud scream, scream for help""]"
screen,,intermediate,"[""Everyday Conversation""]","A flat panel or area on an electronic device such as a television, computer, or smartphone, on which images and data are displayed","[""He watched the movie on a big screen.""]",,"[""computer screen, big screen""]"
screw,,intermediate,"[""Everyday Conversation""]","A metal pin with a spiral thread running around it and a slotted head, used to join things together by being rotated so that it pierces wood, metal, or other material and is held tightly in place","[""He used a screw to fix the chair.""]",,"[""tighten a screw, loose screw""]"
sea,,intermediate,"[""Everyday Conversation""]",The expanse of salt water that covers most of the earth's surface and surrounds its landmasses,"[""They sailed across the sea.""]",,"[""deep sea, sea level""]"
search,,intermediate,"[""Everyday Conversation""]",Try to find something by looking or otherwise seeking carefully and thoroughly,"[""She searched for her keys.""]",,"[""search engine, search for""]"
season,,intermediate,"[""Everyday Conversation""]","Each of the four divisions of the year (spring, summer, autumn, and winter) marked by particular weather patterns and daylight hours, resulting from the earth's changing position with regard to the sun","[""Spring is her favorite season.""]",,"[""summer season, peak season""]"
seat,,intermediate,"[""Everyday Conversation""]","A thing made or used for sitting on, such as a chair or stool","[""He took a seat in the front row.""]",,"[""take a seat, window seat""]"
second,,intermediate,"[""Everyday Conversation""]",Constituting number two in a sequence; coming after the first in time or order; 2nd,"[""She finished in second place.""]",,"[""second time, second place""]"
secondary,,intermediate,"[""Everyday Conversation""]","Coming after, less important than, or resulting from someone or something else that is primary","[""He attended a secondary school.""]",,"[""secondary education, secondary role""]"
secret,,intermediate,"[""Everyday Conversation""]",Something that is kept or meant to be kept unknown or unseen by others,"[""She revealed her secret.""]",,"[""dark secret, family secret""]"
secretary,,intermediate,"[""Everyday Conversation""]","A person employed by an individual or in an office to assist with correspondence, keep records, make appointments, and carry out similar tasks","[""The secretary arranged the meeting.""]",,"[""executive secretary, secretary general""]"
section,,intermediate,"[""Everyday Conversation""]",Any of the more or less distinct parts into which something is or may be divided or from which it is made up,"[""The book has an interesting section on history.""]",,"[""cross section, section of""]"
sector,,intermediate,"[""Everyday Conversation""]",An area or portion that is distinct from others,"[""The technology sector is growing rapidly.""]",,"[""private sector, public sector""]"
secure,,intermediate,"[""Everyday Conversation""]","Fixed or fastened so as not to give way, become loose, or be lost","[""The door was securely locked.""]",,"[""secure a job, secure a place""]"
security,,intermediate,"[""Everyday Conversation""]",The state of being free from danger or threat,"[""They increased security at the event.""]",,"[""security guard, national security""]"
see,,intermediate,"[""Everyday Conversation""]",Perceive with the eyes; discern visually,"[""She can see clearly now.""]",,"[""see clearly, see through""]"
seed,,intermediate,"[""Everyday Conversation""]","A flowering plant's unit of reproduction, capable of developing into another such plant","[""He planted a seed in the garden.""]",,"[""plant a seed, seed packet""]"
seek,,intermediate,"[""Everyday Conversation""]",Attempt to find (something),"[""He sought advice from a lawyer.""]",,"[""seek help, seek advice""]"
seem,,intermediate,"[""Everyday Conversation""]",Give the impression or sensation of being something or having a particular quality,"[""He seems happy today.""]",,"[""seem happy, seem like""]"
select,,intermediate,"[""Everyday Conversation""]",Carefully choose as being the best or most suitable,"[""She was selected for the team.""]",,"[""select carefully, select from""]"
selection,,intermediate,"[""Everyday Conversation""]",The action or fact of carefully choosing someone or something as being the best or most suitable,"[""The selection process was rigorous.""]",,"[""wide selection, selection process""]"
self,,intermediate,"[""Everyday Conversation""]","A person's essential being that distinguishes them from others, especially considered as the object of introspection or reflexive action","[""She has a strong sense of self.""]",,"[""sense of self, self-esteem""]"
sell,,intermediate,"[""Everyday Conversation""]",Give or hand over (something) in exchange for money,"[""They decided to sell their car.""]",,"[""sell a car, sell online""]"
semester,,intermediate,"[""Everyday Conversation""]","A half-year term in a school or university, especially in North America, typically lasting for 15 to 18 weeks","[""The fall semester starts in September.""]",,"[""fall semester, spring semester""]"
send,,intermediate,"[""Everyday Conversation""]","Cause to go or be taken to a particular destination; arrange for the delivery of, especially by mail","[""She sent a letter to her friend.""]",,"[""send a letter, send an email""]"
senior,,intermediate,"[""Everyday Conversation""]",Of or for older or more experienced people,"[""The senior members of the team took charge.""]",,"[""senior citizen, senior member""]"
sense,,intermediate,"[""Everyday Conversation""]","A faculty by which the body perceives an external stimulus; one of the faculties of sight, smell, hearing, taste, and touch","[""He has a good sense of humor.""]",,"[""sense of humor, sense of direction""]"
sensible,,intermediate,"[""Everyday Conversation""]",Done or chosen in accordance with wisdom or prudence; likely to be of benefit,"[""It was a sensible decision.""]",,"[""sensible decision, sensible choice""]"
sensitive,,intermediate,"[""Everyday Conversation""]","Quick to detect or respond to slight changes, signals, or influences","[""She is very sensitive to criticism.""]",,"[""highly sensitive, sensitive to""]"
sentence,,intermediate,"[""Everyday Conversation""]","A set of words that is complete in itself, typically containing a subject and predicate, conveying a statement, question, exclamation, or command, and consisting of a main clause and sometimes one or more subordinate clauses","[""He wrote a complex sentence.""]",,"[""complete sentence, complex sentence""]"
separate,,intermediate,"[""Everyday Conversation""]",Forming or viewed as a unit apart or by itself,"[""They agreed to go their separate ways.""]",,"[""separate ways, separate rooms""]"
separately,,intermediate,"[""Everyday Conversation""]",As a separate entity or entities; not together,"[""They arrived separately.""]",,"[""arrive separately, live separately""]"
september,,intermediate,"[""Everyday Conversation""]","The ninth month of the year, in the northern hemisphere usually considered the first month of autumn","[""School starts in September.""]",,"[""early September, in September""]"
serious,,intermediate,"[""Everyday Conversation""]",Demanding careful consideration or application,"[""He is a serious student.""]",,"[""serious issue, serious problem""]"
seriously,,intermediate,"[""Everyday Conversation""]",In a solemn or considered manner,"[""She looked at him seriously.""]",,"[""taken seriously, speak seriously""]"
serve,,intermediate,"[""Everyday Conversation""]",Perform duties or services for (another person or an organization),"[""He served in the military.""]",,"[""serve food, serve in the army""]"
service,,intermediate,"[""Everyday Conversation""]",The action of helping or doing work for someone,"[""The restaurant has excellent service.""]",,"[""customer service, service industry""]"
session,,intermediate,"[""Everyday Conversation""]",A meeting or series of meetings of a body for the transaction of business,"[""The committee held a special session.""]",,"[""court session, special session""]"
set,,intermediate,"[""Everyday Conversation""]","Put, lay, or stand (something) in a specified place or position","[""He set the book on the table.""]",,"[""set the table, set a goal""]"
settle,,intermediate,"[""Everyday Conversation""]",Resolve or reach an agreement about (an argument or problem),"[""They settled their differences.""]",,"[""settle a dispute, settle down""]"
several,,intermediate,"[""Everyday Conversation""]",More than two but not many,"[""He has several friends in the city.""]",,"[""several times, several people""]"
severe,,intermediate,"[""Everyday Conversation""]",Strict or harsh,"[""The storm caused severe damage.""]",,"[""severe weather, severe punishment""]"
severely,,intermediate,"[""Everyday Conversation""]",To an intense degree,"[""She was severely injured in the accident.""]",,"[""severely damaged, severely criticized""]"
sew,,intermediate,"[""Everyday Conversation""]","Join, fasten, or repair (something) by making stitches with a needle and thread or a sewing machine","[""She learned to sew from her grandmother.""]",,"[""sew clothes, sew a button""]"
sewing,,intermediate,"[""Everyday Conversation""]",The activity or skill of making or repairing clothes,"[""Sewing is a useful skill.""]",,"[""sewing machine, sewing kit""]"
sex,,intermediate,"[""Everyday Conversation""]",Either of the two main categories (male and female) into which humans and most other living things are divided on the basis of their reproductive functions,"[""They discussed the differences between sex and gender.""]",,"[""sex differences, opposite sex""]"
sexual,,intermediate,"[""Everyday Conversation""]","Relating to the instincts, physiological processes, and activities connected with physical attraction or intimate physical contact between individuals","[""The film explores sexual relationships.""]",,"[""sexual behavior, sexual health""]"
shade,,intermediate,"[""Everyday Conversation""]",Comparative darkness and coolness caused by shelter from direct sunlight,"[""We sat in the shade of a large tree.""]",,"[""in the shade, shade of the tree""]"
shadow,,intermediate,"[""Everyday Conversation""]",A dark area or shape produced by a body coming between rays of light and a surface,"[""His shadow followed him closely.""]",,"[""cast a shadow, shadow of doubt""]"
shake,,intermediate,"[""Everyday Conversation""]","Tremble or vibrate, typically as a result of anxiety, excitement, or frailty","[""He shook with fear.""]",,"[""shake hands, shake with fear""]"
shall,,intermediate,"[""Everyday Conversation""]",Used to express what is inevitable or seems likely to happen in the future,"[""I shall return by evening.""]",,"[""shall we, we shall see""]"
shallow,,intermediate,"[""Everyday Conversation""]",Of little depth,"[""The water was too shallow for diving.""]",,"[""shallow water, shallow end""]"
shame,,intermediate,"[""Everyday Conversation""]",A painful feeling of humiliation or distress caused by the consciousness of wrong or foolish behavior,"[""She felt a deep sense of shame.""]",,"[""sense of shame, feel shame""]"
shape,,intermediate,"[""Everyday Conversation""]","The external form, contours, or outline of someone or something","[""The shape of the object was unusual.""]",,"[""shape of, change shape""]"
shaped,,intermediate,"[""Everyday Conversation""]",Having a specific shape or form,"[""The cookies were shaped like stars.""]",,"[""well-shaped, oddly shaped""]"
share,,intermediate,"[""Everyday Conversation""]","A part or portion of a larger amount which is divided among a number of people, or to which a number of people contribute","[""He took his share of the profits.""]",,"[""share a room, share information""]"
sharp,,intermediate,"[""Everyday Conversation""]",Having an edge or point that is able to cut or pierce something,"[""The knife was very sharp.""]",,"[""sharp edge, sharp knife""]"
sharply,,intermediate,"[""Everyday Conversation""]",In a severe or intense manner,"[""The prices rose sharply.""]",,"[""sharply rise, sharply decline""]"
shave,,intermediate,"[""Everyday Conversation""]",Cut the hair off one's face with a razor,"[""He shaves every morning.""]",,"[""shave your beard, shave off""]"
she,,intermediate,"[""Everyday Conversation""]","Used to refer to a woman, girl, or female animal previously mentioned or easily identified","[""She is a talented musician.""]",,"[""she said, she is""]"
sheet,,intermediate,"[""Everyday Conversation""]","A large, thin, flat piece of material","[""He pulled the sheet over the bed.""]",,"[""clean sheet, sheet of paper""]"
shelf,,intermediate,"[""Everyday Conversation""]","A flat, usually rectangular structure made of wood, metal, or glass, which is fixed to a wall or forming part of a piece of furniture, used to hold or store things","[""She placed the book on the shelf.""]",,"[""wooden shelf, book shelf""]"
shell,,intermediate,"[""Everyday Conversation""]",The hard protective outer case of a mollusk or crustacean,"[""The turtle's shell is very hard.""]",,"[""seashell, turtle shell""]"
shelter,,intermediate,"[""Everyday Conversation""]",A place giving temporary protection from bad weather or danger,"[""They found shelter under a tree.""]",,"[""take shelter, provide shelter""]"
shift,,intermediate,"[""Everyday Conversation""]","Move or cause to move from one place to another, especially over a small distance","[""He shifted the box to the other side of the room.""]",,"[""shift gears, shift position""]"
shine,,intermediate,"[""Everyday Conversation""]",Give out a bright light,"[""The sun was shining brightly.""]",,"[""shine brightly, shine on""]"
shiny,,intermediate,"[""Everyday Conversation""]","Reflecting light, typically because very clean or polished","[""Her hair was shiny and smooth.""]",,"[""shiny hair, shiny surface""]"
ship,,intermediate,"[""Everyday Conversation""]",A large boat for transporting people or goods by sea,"[""The ship sailed across the ocean.""]",,"[""cargo ship, cruise ship""]"
shirt,,intermediate,"[""Everyday Conversation""]","A garment for the upper body made of cotton or a similar fabric, with a collar and sleeves, and with buttons down the front","[""He wore a blue shirt.""]",,"[""button-down shirt, dress shirt""]"
shock,,intermediate,"[""Everyday Conversation""]",A sudden upsetting or surprising event or experience,"[""The news came as a shock.""]",,"[""culture shock, electric shock""]"
shocked,,intermediate,"[""Everyday Conversation""]",Surprised and upset,"[""She was shocked by the news.""]",,"[""look shocked, shocked expression""]"
shocking,,intermediate,"[""Everyday Conversation""]",Causing indignation or disgust,"[""The movie had a shocking ending.""]",,"[""shocking news, shocking behavior""]"
shoe,,intermediate,"[""Everyday Conversation""]","A covering for the foot, typically made of leather, having a sturdy sole and not reaching above the ankle","[""She bought a new pair of shoes.""]",,"[""put on shoes, wear shoes""]"
shoot,,intermediate,"[""Everyday Conversation""]",Kill or wound (a person or animal) with a bullet or arrow,"[""He aimed and shot the deer.""]",,"[""shoot a gun, shoot an arrow""]"
shoot down,,intermediate,"[""Everyday Conversation""]",Cause to fall to the ground by shooting,"[""The plane was shot down.""]",,"[""shoot down a plane, shoot down an idea""]"
shooting,,intermediate,"[""Everyday Conversation""]",The action or practice of shooting,"[""She went to the shooting range.""]",,"[""shooting range, mass shooting""]"
shop,,intermediate,"[""Everyday Conversation""]",A building or part of a building where goods or services are sold; a store,"[""They opened a new shop in town.""]",,"[""go to the shop, open a shop""]"
shopping,,intermediate,"[""Everyday Conversation""]",The action or activity of purchasing goods from stores,"[""She enjoys shopping on weekends.""]",,"[""go shopping, online shopping""]"
short,,intermediate,"[""Everyday Conversation""]",Measuring a small distance from end to end,"[""He wore a short jacket.""]",,"[""short time, short distance""]"
shortly,,intermediate,"[""Everyday Conversation""]",In a short time; soon,"[""She will arrive shortly.""]",,"[""arrive shortly, leave shortly""]"
shot,,intermediate,"[""Everyday Conversation""]",The act of firing a gun,"[""He took a shot at the target.""]",,"[""take a shot, gun shot""]"
should,,intermediate,"[""Everyday Conversation""]","Used to indicate obligation, duty, or correctness, typically when criticizing someone's actions","[""You should study for the exam.""]",,"[""should do, should be""]"
shoulder,,intermediate,"[""Everyday Conversation""]",The upper joint of each of a person's arms and the part of the body between this and the neck,"[""He dislocated his shoulder playing football.""]",,"[""shoulder pain, shoulder bag""]"
shout,,intermediate,"[""Everyday Conversation""]",Say something very loudly,"[""He shouted for help.""]",,"[""shout loudly, shout for""]"
show,,intermediate,"[""Everyday Conversation""]","Display or allow to be perceived (a quality, emotion, or characteristic)","[""She showed her true feelings.""]",,"[""show emotion, show a film""]"
show off,,intermediate,"[""Everyday Conversation""]",Display one's abilities or accomplishments in a proud or boastful manner,"[""He likes to show off his new car.""]",,"[""show off talent, show off skills""]"
show up,,intermediate,"[""Everyday Conversation""]",Arrive or turn up at a place,"[""She showed up late to the meeting.""]",,"[""show up on time, show up late""]"
shower,,intermediate,"[""Everyday Conversation""]","A brief and usually light fall of rain, hail, sleet, or snow","[""We got caught in a shower.""]",,"[""take a shower, shower of rain""]"
shut,,intermediate,"[""Everyday Conversation""]",Move (something) into position so as to block an opening; close,"[""He shut the door.""]",,"[""shut the door, shut the window""]"
shut down,,intermediate,"[""Everyday Conversation""]",Cease operations,"[""They decided to shut down the factory.""]",,"[""shut down a computer, shut down operations""]"
shut up,,intermediate,"[""Everyday Conversation""]",Stop talking or making noise,"[""She told him to shut up.""]",,"[""told to shut up, just shut up""]"
sick,,intermediate,"[""Everyday Conversation""]",Affected by physical or mental illness,"[""She is feeling sick today.""]",,"[""feel sick, get sick""]"
side,,intermediate,"[""Everyday Conversation""]","A position to the left or right of an object, place, or central point","[""He stood by her side.""]",,"[""side of the road, side effects""]"
sight,,intermediate,"[""Everyday Conversation""]",The faculty or power of seeing,"[""He lost his sight in the accident.""]",,"[""clear sight, line of sight""]"
sign,,intermediate,"[""Everyday Conversation""]","An object, quality, or event whose presence or occurrence indicates the probable presence or occurrence of something else","[""The dark clouds are a sign of rain.""]",,"[""warning sign, sign up""]"
signal,,intermediate,"[""Everyday Conversation""]","A gesture, action, or sound that is used to convey information or instructions","[""She gave him a signal to start.""]",,"[""give a signal, signal to""]"
signature,,intermediate,"[""Everyday Conversation""]",A person's name written in a distinctive way as a form of identification in authorizing a check or document or concluding a letter,"[""He wrote his signature at the bottom of the page.""]",,"[""write a signature, signature dish""]"
significant,,intermediate,"[""Everyday Conversation""]",Sufficiently great or important to be worthy of attention; noteworthy,"[""The project made a significant impact.""]",,"[""significant change, significant difference""]"
significantly,,intermediate,"[""Everyday Conversation""]",In a sufficiently great or important way as to be worthy of attention,"[""Her health has improved significantly.""]",,"[""increase significantly, significantly better""]"
silence,,intermediate,"[""Everyday Conversation""]",Complete absence of sound,"[""There was complete silence in the room.""]",,"[""complete silence, awkward silence""]"
silent,,intermediate,"[""Everyday Conversation""]",Not making or accompanied by any sound,"[""The house was silent at night.""]",,"[""silent night, silent film""]"
silk,,intermediate,"[""Everyday Conversation""]","A fine, strong, soft, lustrous fiber produced by silkworms in making cocoons and collected to make thread and fabric","[""She wore a beautiful silk dress.""]",,"[""pure silk, silk scarf""]"
silly,,intermediate,"[""Everyday Conversation""]",Having or showing a lack of common sense or judgment; absurd and foolish,"[""He felt silly wearing the clown costume.""]",,"[""silly mistake, feel silly""]"
silver,,intermediate,"[""Everyday Conversation""]",A shiny gray-white color or precious metal used in jewelry and ornaments,"[""She wore a silver necklace.""]",,"[""silver coin, silver lining""]"
similar,,intermediate,"[""Everyday Conversation""]",Resembling without being identical,"[""The two cars are similar in size.""]",,"[""similar to, look similar""]"
similarly,,intermediate,"[""Everyday Conversation""]",In a similar way,"[""The twins were dressed similarly.""]",,"[""similarly dressed, similarly affected""]"
simple,,intermediate,"[""Everyday Conversation""]",Easily understood or done; presenting no difficulty,"[""The instructions were simple to follow.""]",,"[""simple task, simple solution""]"
simply,,intermediate,"[""Everyday Conversation""]",In a straightforward or plain manner,"[""He simply nodded in agreement.""]",,"[""simply put, simply because""]"
since,,intermediate,"[""Everyday Conversation""]",For the reason that; because,"[""Since it was raining, we stayed indoors.""]",,"[""since then, ever since""]"
sincere,,intermediate,"[""Everyday Conversation""]",Free from pretense or deceit; genuine,"[""He gave a sincere apology.""]",,"[""sincere apology, sincere effort""]"
sincerely,,intermediate,"[""Everyday Conversation""]",In a sincere or genuine way,"[""Thank you sincerely for your help.""]",,"[""thank you sincerely, sincerely yours""]"
sing,,intermediate,"[""Everyday Conversation""]","Make musical sounds with the voice, especially words with a set tune","[""She loves to sing in the shower.""]",,"[""sing a song, sing loudly""]"
singer,,intermediate,"[""Everyday Conversation""]","A person who sings, especially professionally","[""The singer performed on stage.""]",,"[""famous singer, lead singer""]"
single,,intermediate,"[""Everyday Conversation""]",Only one; not one of several,"[""He is a single man.""]",,"[""single room, single person""]"
sink,,intermediate,"[""Everyday Conversation""]","Go down below the surface of something, especially of a liquid; become submerged","[""The ship sank to the bottom of the ocean.""]",,"[""sink into, sink beneath""]"
sir,,intermediate,"[""Everyday Conversation""]","Used as a polite or respectful way of addressing a man, especially one in a position of authority","[""Excuse me, sir.""]",,"[""yes sir, no sir""]"
sister,,intermediate,"[""Everyday Conversation""]",A woman or girl in relation to other daughters and sons of her parents,"[""Her sister is a doctor.""]",,"[""younger sister, older sister""]"
sit,,intermediate,"[""Everyday Conversation""]",Adopt or be in a position in which one's weight is supported by one's buttocks rather than one's feet and one's back is upright,"[""Please sit down.""]",,"[""sit down, sit up""]"
site,,intermediate,"[""Everyday Conversation""]","An area of ground on which a town, building, or monument is constructed","[""The site of the new school has been chosen.""]",,"[""construction site, website""]"
situation,,intermediate,"[""Everyday Conversation""]",A set of circumstances in which one finds oneself; a state of affairs,"[""The situation is under control.""]",,"[""dangerous situation, current situation""]"
six,,intermediate,"[""Everyday Conversation""]","Equivalent to the product of two and three; one more than five, or four less than ten","[""There are six apples in the basket.""]",,"[""six years, six times""]"
sixteen,,intermediate,"[""Everyday Conversation""]","Equivalent to the product of four and four; one more than fifteen, or four more than twelve","[""She turned sixteen last month.""]",,"[""sweet sixteen, age sixteen""]"
sixth,,intermediate,"[""Everyday Conversation""]",Constituting number six in a sequence; 6th,"[""He finished in sixth place.""]",,"[""sixth place, sixth grade""]"
sixtieth,,intermediate,"[""Everyday Conversation""]",Constituting number sixty in a sequence; 60th,"[""He celebrated his sixtieth birthday.""]",,"[""sixtieth anniversary, sixtieth place""]"
sixty,,intermediate,"[""Everyday Conversation""]",The number equivalent to the product of six and ten; ten more than fifty,"[""There are sixty seconds in a minute.""]",,"[""sixty minutes, sixty years""]"
size,,intermediate,"[""Everyday Conversation""]",The relative extent of something; a thing's overall dimensions or magnitude; how big something is,"[""What size is your shirt?""]",,"[""large size, small size""]"
skilful,,intermediate,"[""Everyday Conversation""]",Having or showing skill,"[""She is a skilful artist.""]",,"[""skilful performance, skilful handling""]"
skilfully,,intermediate,"[""Everyday Conversation""]",In a way that shows skill,"[""He completed the task skilfully.""]",,"[""skilfully executed, skilfully done""]"
skill,,intermediate,"[""Everyday Conversation""]",The ability to do something well; expertise,"[""Her skill in cooking is impressive.""]",,"[""develop a skill, learn a skill""]"
skilled,,intermediate,"[""Everyday Conversation""]","Having or showing the knowledge, ability, or training to perform a certain activity or task well","[""He is skilled in carpentry.""]",,"[""skilled labor, skilled worker""]"
skin,,intermediate,"[""Everyday Conversation""]",The thin layer of tissue forming the natural outer covering of the body of a person or animal,"[""His skin is very sensitive.""]",,"[""dry skin, skin care""]"
skirt,,intermediate,"[""Everyday Conversation""]",A woman's outer garment fastened around the waist and hanging down around the legs,"[""She wore a red skirt.""]",,"[""short skirt, long skirt""]"
sky,,intermediate,"[""Everyday Conversation""]",The region of the atmosphere and outer space seen from the earth,"[""The sky is clear today.""]",,"[""clear sky, night sky""]"
sleep,,intermediate,"[""Everyday Conversation""]","A condition of body and mind such as that which typically recurs for several hours every night, in which the nervous system is relatively inactive","[""He needs eight hours of sleep.""]",,"[""deep sleep, sleep well""]"
sleeve,,intermediate,"[""Everyday Conversation""]",The part of a garment that wholly or partly covers a person's arm,"[""He rolled up his sleeves.""]",,"[""long sleeve, short sleeve""]"
slice,,intermediate,"[""Everyday Conversation""]","A thin, broad piece of food, such as bread, meat, or cake, cut from a larger portion","[""She cut a slice of bread.""]",,"[""slice of pizza, slice of cake""]"
slide,,intermediate,"[""Everyday Conversation""]",Move smoothly along a surface while maintaining continuous contact with it,"[""The children like to slide down the hill.""]",,"[""slide down, slide away""]"
slight,,intermediate,"[""Everyday Conversation""]",Small in degree; not considerable,"[""There was a slight change in the plan.""]",,"[""slight difference, slight chance""]"
slightly,,intermediate,"[""Everyday Conversation""]",To a small degree; not considerably,"[""She was slightly injured in the accident.""]",,"[""slightly higher, slightly better""]"
slip,,intermediate,"[""Everyday Conversation""]",Lose one's footing and slide unintentionally for a short distance,"[""He slipped on the wet floor.""]",,"[""slip and fall, slip away""]"
slope,,intermediate,"[""Everyday Conversation""]",A surface of which one end or side is at a higher level than another; a rising or falling surface,"[""They climbed up the slope.""]",,"[""steep slope, gentle slope""]"
slow,,intermediate,"[""Everyday Conversation""]","Moving or operating, or designed to do so, only at a low speed; not quick or fast","[""The car was moving slow.""]",,"[""slow speed, slow down""]"
slowly,,intermediate,"[""Everyday Conversation""]",At a slow speed; not quickly,"[""He walked slowly down the path.""]",,"[""walk slowly, move slowly""]"
small,,intermediate,"[""Everyday Conversation""]",Of a size that is less than normal or usual,"[""She bought a small car.""]",,"[""small size, small amount""]"
smart,,intermediate,"[""Everyday Conversation""]",Having or showing a quick-witted intelligence,"[""He is very smart for his age.""]",,"[""smart move, smart kid""]"
smash,,intermediate,"[""Everyday Conversation""]",Violently break (something) into pieces,"[""He smashed the glass in anger.""]",,"[""smash into, smash up""]"
smell,,intermediate,"[""Everyday Conversation""]",The faculty or power of perceiving odors or scents by means of the organs in the nose,"[""I love the smell of fresh bread.""]",,"[""sweet smell, bad smell""]"
smile,,intermediate,"[""Everyday Conversation""]","Form one's features into a pleased, kind, or amused expression, typically with the corners of the mouth turned up and the front teeth exposed","[""She smiled at the joke.""]",,"[""big smile, smile at""]"
smoke,,intermediate,"[""Everyday Conversation""]","A visible suspension of carbon or other particles in air, typically one emitted from a burning substance","[""The smoke from the fire was thick.""]",,"[""cigarette smoke, smoke rises""]"
smooth,,intermediate,"[""Everyday Conversation""]","Having an even and regular surface or consistency; free from perceptible projections, lumps, or indentations","[""The surface of the table was smooth.""]",,"[""smooth surface, smooth skin""]"
smoothly,,intermediate,"[""Everyday Conversation""]",In a smooth manner; with an even and regular movement,"[""The car runs smoothly.""]",,"[""run smoothly, go smoothly""]"
snake,,intermediate,"[""Everyday Conversation""]","A long limbless reptile which has no eyelids, a short tail, and jaws that are capable of considerable extension","[""The snake slithered away.""]",,"[""venomous snake, big snake""]"
snow,,intermediate,"[""Everyday Conversation""]",Atmospheric water vapor frozen into ice crystals and falling in light white flakes or lying on the ground as a white layer,"[""The snow covered the ground.""]",,"[""heavy snow, snow falls""]"
so,,intermediate,"[""Everyday Conversation""]",To such a great extent,"[""She was so tired that she couldn't speak.""]",,"[""so much, so far""]"
soap,,intermediate,"[""Everyday Conversation""]","A substance used with water for washing and cleaning, made of a compound of natural oils or fats with sodium hydroxide or another strong alkali, and typically having perfume and coloring added","[""He washed his hands with soap.""]",,"[""bar of soap, liquid soap""]"
social,,intermediate,"[""Everyday Conversation""]",Relating to society or its organization,"[""She enjoys social activities.""]",,"[""social network, social skills""]"
socially,,intermediate,"[""Everyday Conversation""]",In a manner that relates to society or its organization,"[""They are socially active.""]",,"[""socially acceptable, socially active""]"
society,,intermediate,"[""Everyday Conversation""]",The aggregate of people living together in a more or less ordered community,"[""The society is very diverse.""]",,"[""modern society, diverse society""]"
sock,,intermediate,"[""Everyday Conversation""]","A garment for the foot and lower part of the leg, typically knitted from wool, cotton, or nylon","[""He wore a pair of socks.""]",,"[""pair of socks, wool socks""]"
soft,,intermediate,"[""Everyday Conversation""]","Easy to mold, cut, compress, or fold; not hard or firm to the touch","[""The pillow was soft.""]",,"[""soft touch, soft voice""]"
softly,,intermediate,"[""Everyday Conversation""]","In a gentle, quiet, or subdued manner","[""She spoke softly to the baby.""]",,"[""speak softly, tread softly""]"
soil,,intermediate,"[""Everyday Conversation""]","The upper layer of earth in which plants grow, a black or dark brown material typically consisting of a mixture of organic remains, clay, and rock particles","[""The soil is rich and fertile.""]",,"[""fertile soil, rich soil""]"
soldier,,intermediate,"[""Everyday Conversation""]",A person who serves in an army,"[""The soldier stood guard at the gate.""]",,"[""brave soldier, recruit soldier""]"
solution,,intermediate,"[""Everyday Conversation""]",A means of solving a problem or dealing with a difficult situation,"[""They found a solution to the problem.""]",,"[""find a solution, possible solution""]"
solve,,intermediate,"[""Everyday Conversation""]","Find an answer to, explanation for, or means of effectively dealing with (a problem or mystery)","[""She solved the puzzle quickly.""]",,"[""solve a problem, solve a puzzle""]"
some,,intermediate,"[""Everyday Conversation""]",An unspecified amount or number of,"[""She needs some help with her homework.""]",,"[""some people, some time""]"
somebody,,intermediate,"[""Everyday Conversation""]",An unspecified person,"[""Somebody left their umbrella.""]",,"[""somebody help, somebody else""]"
somehow,,intermediate,"[""Everyday Conversation""]",In some way; by some means,"[""We'll get there somehow.""]",,"[""somehow manage, somehow get""]"
someone,,intermediate,"[""Everyday Conversation""]",An unknown or unspecified person,"[""Someone is at the door.""]",,"[""someone special, someone new""]"
something,,intermediate,"[""Everyday Conversation""]",A thing that is unspecified or unknown,"[""I need something to eat.""]",,"[""something to eat, something else""]"
sometimes,,intermediate,"[""Everyday Conversation""]","Occasionally, rather than all of the time","[""Sometimes I go for a walk.""]",,"[""sometimes we, sometimes go""]"
somewhat,,intermediate,"[""Everyday Conversation""]",To a moderate extent or by a moderate amount,"[""The movie was somewhat interesting.""]",,"[""somewhat agree, somewhat difficult""]"
somewhere,,intermediate,"[""Everyday Conversation""]",In or at or to some place; some place,"[""He lives somewhere near here.""]",,"[""somewhere else, somewhere around""]"
son,,intermediate,"[""Everyday Conversation""]",A boy or man in relation to either or both of his parents,"[""He is proud of his son.""]",,"[""proud son, youngest son""]"
song,,intermediate,"[""Everyday Conversation""]",A short poem or other set of words set to music or meant to be sung,"[""She sang a beautiful song.""]",,"[""sing a song, love song""]"
soon,,intermediate,"[""Everyday Conversation""]",In or after a short time,"[""We will leave soon.""]",,"[""see you soon, come soon""]"
sore,,intermediate,"[""Everyday Conversation""]",Suffering pain from a part of one's body,"[""His muscles are sore after the workout.""]",,"[""sore throat, sore muscles""]"
sorry,,intermediate,"[""Everyday Conversation""]","Feeling distress, especially through sympathy with someone else's misfortune","[""I am sorry for your loss.""]",,"[""feel sorry, so sorry""]"
sort,,intermediate,"[""Everyday Conversation""]",A category of things or people having some common feature; a type,"[""This is my favorite sort of music.""]",,"[""all sorts, sort of""]"
sort out,,intermediate,"[""Everyday Conversation""]",Organize or arrange something that is mixed up or untidy,"[""I need to sort out my papers.""]",,"[""sort out a problem, sort out the mess""]"
soul,,intermediate,"[""Everyday Conversation""]","The spiritual or immaterial part of a human being or animal, regarded as immortal","[""He believes in the soul's immortality.""]",,"[""soul mate, soul searching""]"
sound,,intermediate,"[""Everyday Conversation""]",Vibrations that travel through the air or another medium and can be heard when they reach a person's or animal's ear,"[""She heard a strange sound.""]",,"[""make a sound, loud sound""]"
soup,,intermediate,"[""Everyday Conversation""]","A liquid dish, typically made by boiling meat, fish, or vegetables, etc., in stock or water","[""He made a pot of chicken soup.""]",,"[""bowl of soup, hot soup""]"
source,,intermediate,"[""Everyday Conversation""]","A place, person, or thing from which something comes or can be obtained","[""The river is the main source of water for the village.""]",,"[""energy source, reliable source""]"
south,,intermediate,"[""Everyday Conversation""]","The direction toward the point of the horizon 90° clockwise from east, or the point on the horizon itself","[""They traveled south for the winter.""]",,"[""travel south, head south""]"
southern,,intermediate,"[""Everyday Conversation""]",Situated in the south or directed toward or facing the south,"[""The southern part of the country is warmer.""]",,"[""southern region, southern accent""]"
space,,intermediate,"[""Everyday Conversation""]","A continuous area or expanse which is free, available, or unoccupied","[""There was enough space for everyone.""]",,"[""open space, living space""]"
spare,,intermediate,"[""Everyday Conversation""]",Additional to what is required for ordinary use,"[""He keeps a spare key under the mat.""]",,"[""spare time, spare parts""]"
speak,,intermediate,"[""Everyday Conversation""]","Say something in order to convey information, an opinion, or a feeling","[""She spoke to the manager.""]",,"[""speak clearly, speak loudly""]"
speaker,,intermediate,"[""Everyday Conversation""]",A person who speaks,"[""The speaker gave an inspiring speech.""]",,"[""keynote speaker, guest speaker""]"
special,,intermediate,"[""Everyday Conversation""]","Better, greater, or otherwise different from what is usual","[""She has a special talent for music.""]",,"[""special occasion, special talent""]"
species,,intermediate,"[""Everyday Conversation""]",A group of living organisms consisting of similar individuals capable of exchanging genes or interbreeding,"[""There are many species of birds in the forest.""]",,"[""endangered species, different species""]"
specific,,intermediate,"[""Everyday Conversation""]",Clearly defined or identified,"[""He gave a specific answer to the question.""]",,"[""specific details, specific instructions""]"
speech,,intermediate,"[""Everyday Conversation""]",The expression of or the ability to express thoughts and feelings by articulate sounds,"[""He gave a wonderful speech.""]",,"[""make a speech, speech therapy""]"
speed,,intermediate,"[""Everyday Conversation""]",The rate at which someone or something moves or operates,"[""The car was traveling at high speed.""]",,"[""high speed, speed limit""]"
spell,,intermediate,"[""Everyday Conversation""]",Write or name the letters that form (a word) in correct sequence,"[""She can spell her name correctly.""]",,"[""spell correctly, spell a word""]"
spend,,intermediate,"[""Everyday Conversation""]","Give (money) to pay for goods, services, or so as to benefit someone or something","[""They spend a lot of money on travel.""]",,"[""spend money, spend time""]"
spice,,intermediate,"[""Everyday Conversation""]",An aromatic or pungent vegetable substance used to flavor food,"[""Add some spice to the dish.""]",,"[""add spice, blend of spices""]"
spicy,,intermediate,"[""Everyday Conversation""]",Flavored with or fragrant with spice,"[""The food is very spicy.""]",,"[""spicy food, spicy flavor""]"
spider,,intermediate,"[""Everyday Conversation""]",An eight-legged predatory arachnid with an unsegmented body consisting of a fused thorax and abdomen,"[""There is a spider on the wall.""]",,"[""spider web, spider bite""]"
spin,,intermediate,"[""Everyday Conversation""]",Turn or cause to turn or whirl around quickly,"[""The dancer spun gracefully.""]",,"[""spin around, spin a wheel""]"
spirit,,intermediate,"[""Everyday Conversation""]",The non-physical part of a person which is the seat of emotions and character; the soul,"[""He has a strong spirit.""]",,"[""indomitable spirit, community spirit""]"
spiritual,,intermediate,"[""Everyday Conversation""]",Relating to or affecting the human spirit or soul as opposed to material or physical things,"[""She is on a spiritual journey.""]",,"[""spiritual leader, spiritual growth""]"
spite,,intermediate,"[""Everyday Conversation""]","A desire to hurt, annoy, or offend someone","[""He did it out of spite.""]",,"[""out of spite, with spite""]"
split,,intermediate,"[""Everyday Conversation""]","Break or cause to break forcibly into parts, especially into halves or along the grain","[""She split the log in two.""]",,"[""split the difference, split apart""]"
split up,,intermediate,"[""Everyday Conversation""]",End a relationship,"[""They decided to split up.""]",,"[""split up with, split up the group""]"
spoil,,intermediate,"[""Everyday Conversation""]",Diminish or destroy the value or quality of,"[""The rain spoiled the picnic.""]",,"[""spoil the surprise, spoil the fun""]"
spoken,,intermediate,"[""Everyday Conversation""]",Past participle of speak,"[""The speech was well spoken.""]",,"[""spoken word, spoken language""]"
spoon,,intermediate,"[""Everyday Conversation""]",An implement consisting of a small shallow bowl (as of wood or plastic) with a handle used especially in eating and cooking,"[""He ate soup with a spoon.""]",,"[""teaspoon, tablespoon""]"
sport,,intermediate,"[""Everyday Conversation""]",An activity involving physical exertion and skill in which an individual or team competes against another or others for entertainment,"[""He plays several sports.""]",,"[""play sport, team sport""]"
spot,,intermediate,"[""Everyday Conversation""]","A small round or roundish mark, differing in color or texture from the surface around it","[""There was a spot on his shirt.""]",,"[""spot on, spot the difference""]"
spread,,intermediate,"[""Everyday Conversation""]","Open out (something) so as to extend its surface area, width, or length","[""She spread butter on the toast.""]",,"[""spread the word, spread out""]"
spring,,intermediate,"[""Everyday Conversation""]","The season after winter and before summer, in which vegetation begins to appear, in the northern hemisphere from March to May and in the southern hemisphere from September to November","[""Spring is her favorite season.""]",,"[""spring flowers, spring break""]"
square,,intermediate,"[""Everyday Conversation""]",A plane figure with four equal straight sides and four right angles,"[""He drew a square on the paper.""]",,"[""square root, square meter""]"
squeeze,,intermediate,"[""Everyday Conversation""]",Firmly press (something soft or yielding) typically with one's fingers,"[""She squeezed the toothpaste out of the tube.""]",,"[""squeeze the juice, squeeze tightly""]"
stable,,intermediate,"[""Everyday Conversation""]",Not likely to change or fail; firmly established,"[""The table is stable.""]",,"[""stable condition, stable environment""]"
staff,,intermediate,"[""Everyday Conversation""]",All the people employed by a particular organization,"[""The hospital staff is very professional.""]",,"[""staff meeting, staff member""]"
stage,,intermediate,"[""Everyday Conversation""]","A point, period, or step in a process or development","[""The project is in its final stage.""]",,"[""development stage, early stage""]"
stair,,intermediate,"[""Everyday Conversation""]",A set of steps leading from one floor of a building to another,"[""She walked up the stairs.""]",,"[""climb the stairs, stair railing""]"
stamp,,intermediate,"[""Everyday Conversation""]","A small adhesive piece of paper stuck to something to show that an amount of money has been paid, in particular a postage stamp","[""He put a stamp on the envelope.""]",,"[""postage stamp, stamp collection""]"
stand,,intermediate,"[""Everyday Conversation""]","Have or maintain an upright position, supported by one's feet","[""She stood in line.""]",,"[""stand still, stand up""]"
standard,,intermediate,"[""Everyday Conversation""]",A level of quality or attainment,"[""The equipment meets safety standards.""]",,"[""high standard, quality standard""]"
star,,intermediate,"[""Everyday Conversation""]","A fixed luminous point in the night sky which is a large, remote incandescent body like the sun","[""They saw a bright star in the sky.""]",,"[""shooting star, film star""]"
start,,intermediate,"[""Everyday Conversation""]",Begin or set out on a journey or activity,"[""He decided to start his own business.""]",,"[""start a project, start the car""]"
start off,,intermediate,"[""Everyday Conversation""]",Begin one's life or a career,"[""She started off as a junior employee.""]",,"[""start off with, start off as""]"
start out,,intermediate,"[""Everyday Conversation""]",Begin a journey or project,"[""They started out on their journey.""]",,"[""start out on, start out with""]"
start up,,intermediate,"[""Everyday Conversation""]",Begin operating or functioning,"[""He started up the car.""]",,"[""start up a business, start up the engine""]"
state,,intermediate,"[""Everyday Conversation""]",The particular condition that someone or something is in at a specific time,"[""The state of the economy is improving.""]",,"[""state of mind, state of affairs""]"
statement,,intermediate,"[""Everyday Conversation""]",A definite or clear expression of something in speech or writing,"[""Her statement was clear and concise.""]",,"[""make a statement, issue a statement""]"
station,,intermediate,"[""Everyday Conversation""]",A regular stopping place on a public transportation route,"[""The train arrived at the station.""]",,"[""train station, radio station""]"
statue,,intermediate,"[""Everyday Conversation""]","A carved or cast figure of a person or animal, especially one that is life-size or larger","[""The statue was unveiled in the town square.""]",,"[""bronze statue, life-size statue""]"
status,,intermediate,"[""Everyday Conversation""]","The relative social, professional, or other standing of someone or something","[""His status in the company is high.""]",,"[""social status, professional status""]"
stay,,intermediate,"[""Everyday Conversation""]",Remain in the same place,"[""They decided to stay at a hotel.""]",,"[""stay at home, stay in touch""]"
steadily,,intermediate,"[""Everyday Conversation""]",In a regular and even manner,"[""She worked steadily throughout the night.""]",,"[""work steadily, improve steadily""]"
steady,,intermediate,"[""Everyday Conversation""]","Firmly fixed, supported, or balanced; not shaking or moving","[""He held the ladder steady.""]",,"[""steady hand, steady job""]"
steal,,intermediate,"[""Everyday Conversation""]",Take (another person's property) without permission or legal right and without intending to return it,"[""Someone tried to steal his wallet.""]",,"[""steal money, steal a car""]"
steam,,intermediate,"[""Everyday Conversation""]","The vapor into which water is converted when heated, forming a white mist of minute water droplets in the air","[""Steam rose from the boiling kettle.""]",,"[""steam engine, steam room""]"
steel,,intermediate,"[""Everyday Conversation""]","A hard, strong gray or bluish-gray alloy of iron with carbon and usually other elements, used as a structural and fabricating material","[""The building is supported by steel beams.""]",,"[""stainless steel, steel industry""]"
steep,,intermediate,"[""Everyday Conversation""]",Rising or falling sharply; nearly perpendicular,"[""The path became very steep.""]",,"[""steep hill, steep slope""]"
steer,,intermediate,"[""Everyday Conversation""]","Guide or control the movement of (a vehicle, vessel, or aircraft)","[""She steered the boat into the harbor.""]",,"[""steer clear, steer the car""]"
step,,intermediate,"[""Everyday Conversation""]","A flat surface, especially one in a series, on which to place one's foot when moving from one level to another","[""He took a step forward.""]",,"[""take a step, step forward""]"
stick,,intermediate,"[""Everyday Conversation""]",A thin piece of wood that has fallen or been cut from a tree,"[""He picked up a stick from the ground.""]",,"[""walking stick, glue stick""]"
stiff,,intermediate,"[""Everyday Conversation""]",Not easily bent or changed in shape; rigid,"[""The clothes were stiff from drying in the sun.""]",,"[""stiff neck, stiff competition""]"
still,,intermediate,"[""Everyday Conversation""]",Not moving or making a sound,"[""The lake was still in the early morning.""]",,"[""sit still, stand still""]"
sting,,intermediate,"[""Everyday Conversation""]",Wound or pierce with a sting,"[""The bee sting was painful.""]",,"[""bee sting, sting of""]"
stir,,intermediate,"[""Everyday Conversation""]",Move a spoon or other implement around in (a liquid or other substance) in order to mix it thoroughly,"[""She stirred the soup.""]",,"[""stir the pot, stir the mixture""]"
stock,,intermediate,"[""Everyday Conversation""]",The goods or merchandise kept on the premises of a business or warehouse and available for sale or distribution,"[""The store has a large stock of goods.""]",,"[""in stock, stock market""]"
stomach,,intermediate,"[""Everyday Conversation""]",The internal organ in which the major part of the digestion of food occurs,"[""He felt a pain in his stomach.""]",,"[""upset stomach, empty stomach""]"
stone,,intermediate,"[""Everyday Conversation""]","A hard, solid nonmetallic mineral matter of which rock is made","[""The path was covered with stones.""]",,"[""throw a stone, stone wall""]"
stop,,intermediate,"[""Everyday Conversation""]",Cease movement or operation,"[""He stopped at the red light.""]",,"[""stop sign, stop working""]"
store,,intermediate,"[""Everyday Conversation""]",A retail establishment selling items to the public,"[""She works at a grocery store.""]",,"[""department store, grocery store""]"
storm,,intermediate,"[""Everyday Conversation""]","A violent disturbance of the atmosphere with strong winds and usually rain, thunder, lightning, or snow","[""The storm caused a lot of damage.""]",,"[""violent storm, weather the storm""]"
story,,intermediate,"[""Everyday Conversation""]",An account of imaginary or real people and events told for entertainment,"[""She told a fascinating story.""]",,"[""tell a story, bedtime story""]"
straight,,intermediate,"[""Everyday Conversation""]",Extending or moving uniformly in one direction only; without a curve or bend,"[""He walked in a straight line.""]",,"[""straight line, straight path""]"
strain,,intermediate,"[""Everyday Conversation""]",Force (a part of one's body or oneself) to make a strenuous or unusually great effort,"[""He strained to lift the heavy box.""]",,"[""strain a muscle, strain to hear""]"
strange,,intermediate,"[""Everyday Conversation""]",Unusual or surprising in a way that is unsettling or hard to understand,"[""She had a strange feeling about the place.""]",,"[""strange feeling, strange place""]"
strangely,,intermediate,"[""Everyday Conversation""]",In a way that is unusual or surprising,"[""He was strangely calm.""]",,"[""strangely enough, strangely quiet""]"
stranger,,intermediate,"[""Everyday Conversation""]",A person whom one does not know or with whom one is not familiar,"[""A stranger offered to help.""]",,"[""complete stranger, friendly stranger""]"
strategy,,intermediate,"[""Everyday Conversation""]",A plan of action designed to achieve a long-term or overall aim,"[""The company's strategy is to expand its market.""]",,"[""business strategy, winning strategy""]"
stream,,intermediate,"[""Everyday Conversation""]","A small, narrow river","[""The stream flows into the river.""]",,"[""small stream, fast-flowing stream""]"
street,,intermediate,"[""Everyday Conversation""]","A public road in a city or town, typically with houses and buildings on one or both sides","[""She lives on Maple Street.""]",,"[""main street, street name""]"
strength,,intermediate,"[""Everyday Conversation""]",The quality or state of being physically strong,"[""He has great physical strength.""]",,"[""build strength, inner strength""]"
stress,,intermediate,"[""Everyday Conversation""]",A state of mental or emotional strain or tension resulting from adverse or demanding circumstances,"[""She is under a lot of stress at work.""]",,"[""high stress, stress level""]"
stretch,,intermediate,"[""Everyday Conversation""]",(of something soft or elastic) be made or be capable of being made longer or wider without tearing or breaking,"[""She stretched before her workout.""]",,"[""stretch out, stretch muscles""]"
strict,,intermediate,"[""Everyday Conversation""]",Demanding that rules concerning behavior are obeyed and observed,"[""The teacher is very strict.""]",,"[""strict teacher, strict rules""]"
strictly,,intermediate,"[""Everyday Conversation""]",In a way that involves rigid enforcement or that demands obedience,"[""This rule must be strictly followed.""]",,"[""strictly speaking, strictly enforced""]"
strike,,intermediate,"[""Everyday Conversation""]",Hit forcibly and deliberately with one's hand or a weapon or other implement,"[""He struck the ball with his bat.""]",,"[""strike a match, strike hard""]"
striking,,intermediate,"[""Everyday Conversation""]","Attracting attention by reason of being unusual, extreme, or prominent","[""She wore a striking red dress.""]",,"[""striking contrast, striking resemblance""]"
string,,intermediate,"[""Everyday Conversation""]","Material consisting of threads of cotton, hemp, or other material twisted together to form a thin length","[""He tied the package with string.""]",,"[""piece of string, string theory""]"
strip,,intermediate,"[""Everyday Conversation""]",Remove all coverings from,"[""He stripped the old paint from the wall.""]",,"[""strip away, strip off""]"
stripe,,intermediate,"[""Everyday Conversation""]","A long, narrow band or strip, typically one of several, running parallel to each other","[""The shirt has blue and white stripes.""]",,"[""bold stripes, narrow stripes""]"
stroke,,intermediate,"[""Everyday Conversation""]",An act of hitting or striking someone or something; a blow,"[""He received a stroke on the shoulder.""]",,"[""a stroke of luck, brush stroke""]"
strong,,intermediate,"[""Everyday Conversation""]",Having the power to move heavy weights or perform other physically demanding tasks,"[""He is a strong man.""]",,"[""strong arm, strong support""]"
strongly,,intermediate,"[""Everyday Conversation""]",In a way that shows determination or intensity,"[""She strongly believes in her cause.""]",,"[""strongly agree, strongly support""]"
structure,,intermediate,"[""Everyday Conversation""]",The arrangement of and relations between the parts or elements of something complex,"[""The structure of the building is solid.""]",,"[""organizational structure, skeletal structure""]"
struggle,,intermediate,"[""Everyday Conversation""]",Make forceful or violent efforts to get free of restraint or constriction,"[""They struggled to lift the heavy box.""]",,"[""struggle with, struggle to""]"
student,,intermediate,"[""Everyday Conversation""]",A person who is studying at a school or college,"[""She is a diligent student.""]",,"[""high school student, university student""]"
studio,,intermediate,"[""Everyday Conversation""]","A room where an artist, photographer, sculptor, etc., works","[""He rented a studio for his paintings.""]",,"[""art studio, recording studio""]"
study,,intermediate,"[""Everyday Conversation""]",The devotion of time and attention to acquiring knowledge on an academic subject,"[""He studies hard for his exams.""]",,"[""study hard, study abroad""]"
stuff,,intermediate,"[""Everyday Conversation""]","Matter, material, articles, or activities of a specified or indeterminate kind that are being referred to, indicated, or implied","[""She put all her stuff in a box.""]",,"[""pack stuff, random stuff""]"
stupid,,intermediate,"[""Everyday Conversation""]",Lacking intelligence or common sense,"[""That was a stupid mistake.""]",,"[""stupid idea, stupid decision""]"
style,,intermediate,"[""Everyday Conversation""]",A manner of doing something,"[""She has a unique style of writing.""]",,"[""fashion style, unique style""]"
subject,,intermediate,"[""Everyday Conversation""]","A person or thing that is being discussed, described, or dealt with","[""The subject of the lecture was history.""]",,"[""main subject, study subject""]"
submit,,intermediate,"[""Everyday Conversation""]",Accept or yield to a superior force or to the authority or will of another person,"[""He had to submit to his boss's decision.""]",,"[""submit a report, submit to authority""]"
subsequent,,intermediate,"[""Everyday Conversation""]",Coming after something in time; following,"[""The subsequent events were unexpected.""]",,"[""subsequent chapter, subsequent development""]"
subsequently,,intermediate,"[""Everyday Conversation""]",After a particular thing has happened; afterward,"[""He subsequently apologized for his mistake.""]",,"[""subsequently found, subsequently realized""]"
substance,,intermediate,"[""Everyday Conversation""]",A particular kind of matter with uniform properties,"[""Water is a substance essential for life.""]",,"[""chemical substance, toxic substance""]"
substantial,,intermediate,"[""Everyday Conversation""]","Of considerable importance, size, or worth","[""She received a substantial raise.""]",,"[""substantial amount, substantial evidence""]"
substantially,,intermediate,"[""Everyday Conversation""]",To a great or significant extent,"[""The building was substantially damaged.""]",,"[""substantially increase, substantially improve""]"
substitute,,intermediate,"[""Everyday Conversation""]",A person or thing acting or serving in place of another,"[""He was a substitute teacher.""]",,"[""substitute for, act as a substitute""]"
success,,intermediate,"[""Everyday Conversation""]",The accomplishment of an aim or purpose,"[""She achieved great success in her career.""]",,"[""measure of success, success story""]"
successful,,intermediate,"[""Everyday Conversation""]",Accomplishing an aim or purpose,"[""The project was successful.""]",,"[""successful businessman, successful attempt""]"
successfully,,intermediate,"[""Everyday Conversation""]",In a way that accomplishes the desired aim or result,"[""She successfully completed the task.""]",,"[""successfully complete, successfully implement""]"
such,,intermediate,"[""Everyday Conversation""]",Of the type previously mentioned,"[""She had never seen such a beautiful sunset.""]",,"[""such a thing, such as""]"
sudden,,intermediate,"[""Everyday Conversation""]",Occurring or done quickly and unexpectedly or without warning,"[""The sudden change surprised everyone.""]",,"[""sudden change, sudden stop""]"
suddenly,,intermediate,"[""Everyday Conversation""]",Quickly and unexpectedly,"[""He suddenly stopped talking.""]",,"[""happen suddenly, appear suddenly""]"
suffer,,intermediate,"[""Everyday Conversation""]",Experience or be subjected to (something bad or unpleasant),"[""She suffers from chronic pain.""]",,"[""suffer from, suffer through""]"
suffering,,intermediate,"[""Everyday Conversation""]","The state of undergoing pain, distress, or hardship","[""Her suffering was evident.""]",,"[""pain and suffering, end suffering""]"
sufficient,,intermediate,"[""Everyday Conversation""]",Enough; adequate,"[""He made a sufficient effort.""]",,"[""sufficient time, sufficient resources""]"
sufficiently,,intermediate,"[""Everyday Conversation""]",To an adequate degree; enough,"[""['The funds are sufficiently allocated.']""]",,"[""sufficiently prepared, sufficiently large""]"
sugar,,intermediate,"[""Everyday Conversation""]",A sweet crystalline substance obtained from various plants,"[""She added sugar to her tea.""]",,"[""granulated sugar, brown sugar""]"
suggest,,intermediate,"[""Everyday Conversation""]",Put forward for consideration,"[""He suggested a new approach.""]",,"[""suggest a solution, suggest otherwise""]"
suggestion,,intermediate,"[""Everyday Conversation""]",An idea or plan put forward for consideration,"[""Her suggestion was well received.""]",,"[""make a suggestion, helpful suggestion""]"
suit,,intermediate,"[""Everyday Conversation""]","A set of clothes made of the same fabric and designed to be worn together, typically consisting of a jacket and trousers or a jacket and skirt","[""He wore a black suit to the meeting.""]",,"[""business suit, suit jacket""]"
suitable,,intermediate,"[""Everyday Conversation""]","Right or appropriate for a particular person, purpose, or situation","[""The dress is suitable for the occasion.""]",,"[""suitable for, suitable time""]"
suitcase,,intermediate,"[""Everyday Conversation""]","A case with a handle and a hinged lid, used for carrying clothes and other personal possessions","[""She packed her clothes in a suitcase.""]",,"[""pack a suitcase, carry a suitcase""]"
suited,,intermediate,"[""Everyday Conversation""]","Right or appropriate for a particular person, purpose, or situation","[""She is well suited for the job.""]",,"[""well suited, suited for""]"
sum,,intermediate,"[""Everyday Conversation""]","The total amount resulting from the addition of two or more numbers, amounts, or items","[""The sum of 2 and 3 is 5.""]",,"[""sum total, sum of""]"
summary,,intermediate,"[""Everyday Conversation""]",A brief statement or account of the main points of something,"[""He gave a brief summary of the report.""]",,"[""brief summary, summary report""]"
summer,,intermediate,"[""Everyday Conversation""]","The warmest season of the year, in the northern hemisphere from June to August and in the southern hemisphere from December to February","[""We go on vacation every summer.""]",,"[""hot summer, summer vacation""]"
sun,,intermediate,"[""Everyday Conversation""]",The star around which the earth orbits,"[""The sun is shining brightly.""]",,"[""sun rise, sun set""]"
sunday,,intermediate,"[""Everyday Conversation""]",The day of the week before Monday and following Saturday,"[""We have a family dinner every Sunday.""]",,"[""next Sunday, last Sunday""]"
superior,,intermediate,"[""Everyday Conversation""]","Higher in rank, status, or quality","[""He has a superior position in the company.""]",,"[""superior quality, superior officer""]"
supply,,intermediate,"[""Everyday Conversation""]",Make (something needed or wanted) available to someone; provide,"[""They supply the town with water.""]",,"[""supply chain, supply and demand""]"
support,,intermediate,"[""Everyday Conversation""]",Bear all or part of the weight of; hold up,"[""The bridge supports heavy traffic.""]",,"[""emotional support, financial support""]"
supporter,,intermediate,"[""Everyday Conversation""]","A person who approves of and encourages a public figure, political party, policy, etc.","[""He is a strong supporter of the team.""]",,"[""loyal supporter, ardent supporter""]"
suppose,,intermediate,"[""Everyday Conversation""]",Assume that something is the case on the basis of evidence or probability but without proof or certain knowledge,"[""I suppose you're right.""]",,"[""I suppose so, suppose wrongly""]"
sure,,intermediate,"[""Everyday Conversation""]",Confident in what one thinks or knows; having no doubt that one is right,"[""I am sure of my decision.""]",,"[""sure thing, sure of""]"
surely,,intermediate,"[""Everyday Conversation""]",Used to emphasize the speaker's firm belief that what they are saying is true and often their surprise that there is any doubt of this,"[""Surely you can't be serious?""]",,"[""surely not, surely you jest""]"
surface,,intermediate,"[""Everyday Conversation""]",The outside part or uppermost layer of something,"[""The surface of the table was smooth.""]",,"[""surface area, smooth surface""]"
surround,,intermediate,"[""Everyday Conversation""]",Be all around (someone or something),"[""Trees surround the house.""]",,"[""surround completely, surround the area""]"
surrounding,,intermediate,"[""Everyday Conversation""]",All around a particular place or thing,"[""The surrounding area is beautiful.""]",,"[""surrounding environment, surrounding community""]"
survey,,intermediate,"[""Everyday Conversation""]",Investigate the opinions or experience of (a group of people) by asking them questions,"[""They conducted a survey of consumer preferences.""]",,"[""conduct a survey, survey results""]"
survive,,intermediate,"[""Everyday Conversation""]","Continue to live or exist, especially in spite of danger or hardship","[""He managed to survive the accident.""]",,"[""survive an accident, survive the winter""]"
suspect,,intermediate,"[""Everyday Conversation""]","Have an idea or impression of the existence, presence, or truth of (something) without certain proof","[""I suspect she is lying.""]",,"[""suspect a crime, suspect someone""]"
suspicion,,intermediate,"[""Everyday Conversation""]","A feeling or thought that something is possible, likely, or true","[""There was a suspicion of foul play.""]",,"[""strong suspicion, under suspicion""]"
suspicious,,intermediate,"[""Everyday Conversation""]",Having or showing a cautious distrust of someone or something,"[""He was suspicious of her motives.""]",,"[""suspicious behavior, suspicious mind""]"
swallow,,intermediate,"[""Everyday Conversation""]","Cause or allow (something, especially food or drink) to pass down the throat","[""She swallowed the pill with water.""]",,"[""swallow the pill, swallow hard""]"
swear,,intermediate,"[""Everyday Conversation""]",Make a solemn statement or promise undertaking to do something or affirming that something is the case,"[""He swore to tell the truth.""]",,"[""swear an oath, swear in""]"
sweat,,intermediate,"[""Everyday Conversation""]","Moisture exuded through the pores of the skin, typically in profuse quantities as a reaction to heat, physical exertion, fever, or fear","[""He was sweating from the heat.""]",,"[""break into a sweat, cold sweat""]"
sweep,,intermediate,"[""Everyday Conversation""]",Clean (an area) by brushing away dirt or litter,"[""She swept the floor.""]",,"[""sweep the floor, sweep away""]"
sweet,,intermediate,"[""Everyday Conversation""]","Having the pleasant taste characteristic of sugar or honey; not salty, sour, or bitter","[""The cake was very sweet.""]",,"[""sweet taste, sweet smell""]"
swim,,intermediate,"[""Everyday Conversation""]",Propel the body through water by using the limbs,"[""He loves to swim in the ocean.""]",,"[""swim fast, swim in the pool""]"
swing,,intermediate,"[""Everyday Conversation""]",Move or cause to move back and forth or from side to side while suspended or on an axis,"[""The children love to swing at the playground.""]",,"[""swing back, swing around""]"
switch,,intermediate,"[""Everyday Conversation""]","Change the position, direction, or focus of","[""He switched the channel to watch the news.""]",,"[""switch gears, switch lanes""]"
switch off,,intermediate,"[""Everyday Conversation""]",Turn off a device by operating a switch,"[""Don't forget to switch off the lights.""]",,"[""switch off the light, switch off the TV""]"
swollen,,intermediate,"[""Everyday Conversation""]",Abnormally expanded or increased in size,"[""Her ankle was swollen after the fall.""]",,"[""swollen feet, swollen eyes""]"
symbol,,intermediate,"[""Everyday Conversation""]","A thing that represents or stands for something else, especially a material object representing something abstract","[""The heart is a symbol of love.""]",,"[""symbol of peace, national symbol""]"
sympathetic,,intermediate,"[""Everyday Conversation""]","Feeling, showing, or expressing sympathy","[""She gave him a sympathetic smile.""]",,"[""sympathetic look, sympathetic ear""]"
sympathy,,intermediate,"[""Everyday Conversation""]",Feelings of pity and sorrow for someone else's misfortune,"[""They expressed their sympathy for his loss.""]",,"[""deep sympathy, heartfelt sympathy""]"
system,,intermediate,"[""Everyday Conversation""]",A set of connected things or parts forming a complex whole,"[""The computer system needs an update.""]",,"[""operating system, immune system""]"
table,,intermediate,"[""Everyday Conversation""]","A piece of furniture with a flat top and one or more legs, providing a level surface on which objects may be placed","[""They sat around the dining table.""]",,"[""dining table, coffee table""]"
tablet,,intermediate,"[""Everyday Conversation""]","A small, flat, rectangular computer that is controlled by touching the screen","[""He bought a new tablet for reading books.""]",,"[""digital tablet, tablet computer""]"
tackle,,intermediate,"[""Everyday Conversation""]",Make determined efforts to deal with (a problem or difficult task),"[""He tackled the problem with determination.""]",,"[""tackle a problem, tackle an issue""]"
tail,,intermediate,"[""Everyday Conversation""]","The hindmost part of an animal, especially when prolonged beyond the rest of the body","[""The dog wagged its tail.""]",,"[""wagging tail, long tail""]"
take,,intermediate,"[""Everyday Conversation""]",Lay hold of (something) with one's hands; reach for and hold,"[""Please take this to the kitchen.""]",,"[""take a break, take a look""]"
take away,,intermediate,"[""Everyday Conversation""]",Remove (someone or something) from a place,"[""They decided to take away the old furniture.""]",,"[""take away the pain, take away the trash""]"
take back,,intermediate,"[""Everyday Conversation""]","Regain possession of (something) given, lent, or lost","[""She had to take back her words.""]",,"[""take back control, take back what I said""]"
take down,,intermediate,"[""Everyday Conversation""]",Lower or reduce,"[""They took down the old building.""]",,"[""take down a note, take down the curtains""]"
take in,,intermediate,"[""Everyday Conversation""]",Absorb or understand information,"[""It took him a while to take in the information.""]",,"[""take in the view, take in information""]"
take off,,intermediate,"[""Everyday Conversation""]",Remove or leave the ground,"[""The plane will take off in five minutes.""]",,"[""take off your shoes, take off the plane""]"
take on,,intermediate,"[""Everyday Conversation""]",Undertake or accept (a responsibility or task),"[""She decided to take on more responsibilities.""]",,"[""take on a challenge, take on new staff""]"
take over,,intermediate,"[""Everyday Conversation""]",Assume control of something,"[""The company plans to take over the competitor.""]",,"[""take over the business, take over the world""]"
talent,,intermediate,"[""Everyday Conversation""]",Natural aptitude or skill,"[""She has a talent for painting.""]",,"[""natural talent, raw talent""]"
talk,,intermediate,"[""Everyday Conversation""]",Speak in order to give information or express ideas or feelings; conversation,"[""They talked for hours.""]",,"[""talk to, talk about""]"
tall,,intermediate,"[""Everyday Conversation""]",Of great or more than average height,"[""He is very tall for his age.""]",,"[""tall building, tall person""]"
tank,,intermediate,"[""Everyday Conversation""]","A large receptacle or storage chamber, especially for liquid or gas","[""The tank is full of water.""]",,"[""gas tank, water tank""]"
tap,,intermediate,"[""Everyday Conversation""]",A device by which a flow of liquid or gas from a pipe or container can be controlled,"[""Turn off the tap after use.""]",,"[""turn on the tap, close the tap""]"
target,,intermediate,"[""Everyday Conversation""]",An object of a person's ambition or effort; a goal,"[""Her target is to finish the project by the end of the month.""]",,"[""hit the target, target market""]"
task,,intermediate,"[""Everyday Conversation""]",A piece of work to be done or undertaken,"[""His task was to clean the room.""]",,"[""complete the task, difficult task""]"
taste,,intermediate,"[""Everyday Conversation""]",The sensation of flavor perceived in the mouth and throat on contact with a substance,"[""The taste of the soup was delicious.""]",,"[""bitter taste, sweet taste""]"
tax,,intermediate,"[""Everyday Conversation""]",A compulsory contribution to state revenue,"[""He paid his taxes on time.""]",,"[""income tax, tax return""]"
tea,,intermediate,"[""Everyday Conversation""]","A hot drink made by infusing the dried, crushed leaves of the tea plant in boiling water","[""She drinks tea every morning.""]",,"[""cup of tea, tea bag""]"
teach,,intermediate,"[""Everyday Conversation""]",Show or explain to (someone) how to do something,"[""She teaches English at the school.""]",,"[""teach a class, teach someone""]"
teacher,,intermediate,"[""Everyday Conversation""]","A person who teaches, especially in a school","[""The teacher explained the lesson.""]",,"[""math teacher, school teacher""]"
teaching,,intermediate,"[""Everyday Conversation""]","The occupation, profession, or work of a teacher","[""He is interested in teaching.""]",,"[""effective teaching, teaching method""]"
team,,intermediate,"[""Everyday Conversation""]",A group of players forming one side in a competitive game or sport,"[""The team played well together.""]",,"[""team member, team effort""]"
tear,,intermediate,"[""Everyday Conversation""]",Pull or rip (something) apart or to pieces with force,"[""He tore the paper in half.""]",,"[""tear apart, tear down""]"
tear up,,intermediate,"[""Everyday Conversation""]",Rip (something) into pieces,"[""She tore up the old photographs.""]",,"[""tear up the paper, tear up the contract""]"
technical,,intermediate,"[""Everyday Conversation""]","Relating to a particular subject, art, or craft, or its techniques","[""He has technical skills.""]",,"[""technical knowledge, technical problem""]"
technique,,intermediate,"[""Everyday Conversation""]","A way of carrying out a particular task, especially the execution or performance of an artistic work or a scientific procedure","[""Her technique in painting is unique.""]",,"[""effective technique, unique technique""]"
technology,,intermediate,"[""Everyday Conversation""]","The application of scientific knowledge for practical purposes, especially in industry","[""Advances in technology are rapid.""]",,"[""modern technology, new technology""]"
telephone,,intermediate,"[""Everyday Conversation""]","A system for transmitting voices over a distance using wire or radio, by converting acoustic vibrations to electrical signals","[""She called him on the telephone.""]",,"[""answer the telephone, telephone call""]"
television,,intermediate,"[""Everyday Conversation""]","A system for transmitting visual images and sound that are reproduced on screens, chiefly used to broadcast programs for entertainment, information, and education","[""She watched her favorite show on television.""]",,"[""watch television, television program""]"
tell,,intermediate,"[""Everyday Conversation""]",Communicate information to someone in spoken or written words,"[""Can you tell me the time?""]",,"[""tell a story, tell the truth""]"
temperature,,intermediate,"[""Everyday Conversation""]",The degree or intensity of heat present in a substance or object,"[""The temperature dropped suddenly.""]",,"[""high temperature, measure the temperature""]"
temporarily,,intermediate,"[""Everyday Conversation""]",For a limited period of time; not permanently,"[""He is working temporarily until a permanent job is available.""]",,"[""temporarily unavailable, temporarily closed""]"
temporary,,intermediate,"[""Everyday Conversation""]",Lasting for only a limited period of time; not permanent,"[""This is just a temporary solution.""]",,"[""temporary job, temporary fix""]"
tend,,intermediate,"[""Everyday Conversation""]",Regularly or frequently behave in a particular way or have a certain characteristic,"[""He tends to forget things easily.""]",,"[""tend to, tend towards""]"
tendency,,intermediate,"[""Everyday Conversation""]",An inclination towards a particular characteristic or type of behavior,"[""There is a tendency to avoid risks.""]",,"[""natural tendency, strong tendency""]"
tense,,intermediate,"[""Everyday Conversation""]",Stretched tight or rigid,"[""He felt tense before the exam.""]",,"[""tense muscles, feel tense""]"
tension,,intermediate,"[""Everyday Conversation""]",The state of being stretched tight,"[""The tension in the rope was high.""]",,"[""high tension, tension in the air""]"
tent,,intermediate,"[""Everyday Conversation""]","A portable shelter made of cloth, supported by one or more poles and stretched tight by cords attached to pegs driven into the ground","[""They set up a tent in the campsite.""]",,"[""camping tent, set up a tent""]"
term,,intermediate,"[""Everyday Conversation""]","A word or phrase used to describe a thing or to express a concept, especially in a particular kind of language or branch of study","[""The term 'biodiversity' is often used by scientists.""]",,"[""technical term, term paper""]"
terrible,,intermediate,"[""Everyday Conversation""]",Extremely bad or serious,"[""The weather was terrible yesterday.""]",,"[""terrible accident, terrible news""]"
terribly,,intermediate,"[""Everyday Conversation""]",Very; extremely,"[""He was terribly sorry for the mistake.""]",,"[""terribly wrong, terribly afraid""]"
test,,intermediate,"[""Everyday Conversation""]","A procedure intended to establish the quality, performance, or reliability of something, especially before it is taken into widespread use","[""She passed the driving test.""]",,"[""test score, blood test""]"
text,,intermediate,"[""Everyday Conversation""]","A book or other written or printed work, regarded in terms of its content rather than its physical form","[""She sent a text message.""]",,"[""read the text, write a text""]"
than,,intermediate,"[""Everyday Conversation""]",Used to introduce the second element in a comparison,"[""He is taller than his brother.""]",,"[""bigger than, better than""]"
thank,,intermediate,"[""Everyday Conversation""]",Express gratitude to (someone),"[""I want to thank you for your help.""]",,"[""thank you, thank goodness""]"
thanks,,intermediate,"[""Everyday Conversation""]",An expression of gratitude,"[""Thanks for the gift.""]",,"[""special thanks, many thanks""]"
that,,intermediate,"[""Everyday Conversation""]",Used to identify a specific person or thing observed by the speaker,"[""That is a beautiful painting.""]",,"[""that book, that one""]"
the,,intermediate,"[""Everyday Conversation""]",Denoting one or more people or things already mentioned or assumed to be common knowledge,"[""The book on the table is mine.""]",,"[""the same, the book""]"
the unemployed,,intermediate,"[""Everyday Conversation""]",People who do not have a job,"[""The government provides support for the unemployed.""]",,"[""support for the unemployed, the unemployed workers""]"
the unexpected,,intermediate,"[""Everyday Conversation""]",Something unforeseen or unanticipated,"[""He always prepares for the unexpected.""]",,"[""prepare for the unexpected, expect the unexpected""]"
theatre,,intermediate,"[""Everyday Conversation""]",A building or outdoor area in which plays and other dramatic performances are given,"[""They went to the theatre to watch a play.""]",,"[""movie theatre, theatre play""]"
their,,intermediate,"[""Everyday Conversation""]",Belonging to or associated with the people or things previously mentioned or easily identified,"[""It is their house.""]",,"[""their own, their decision""]"
theirs,,intermediate,"[""Everyday Conversation""]",Used to refer to a thing or things belonging to or associated with a person or persons previously mentioned,"[""The decision is theirs to make.""]",,"[""theirs and ours, the fault is theirs""]"
them,,intermediate,"[""Everyday Conversation""]",Used as the object of a verb or preposition to refer to two or more people or things previously mentioned or easily identified,"[""I saw them at the park.""]",,"[""see them, help them""]"
theme,,intermediate,"[""Everyday Conversation""]","The subject of a talk, piece of writing, exhibition, etc.; a topic","[""The theme of the conference is sustainability.""]",,"[""central theme, main theme""]"
themselves,,intermediate,"[""Everyday Conversation""]",Used to emphasize that the subject and object of a verb are the same people,"[""They made the decision themselves.""]",,"[""by themselves, for themselves""]"
then,,intermediate,"[""Everyday Conversation""]",At that time; at the time in question,"[""I was younger then.""]",,"[""back then, even then""]"
theory,,intermediate,"[""Everyday Conversation""]",A supposition or a system of ideas intended to explain something,"[""His theory about the universe is fascinating.""]",,"[""scientific theory, theory of relativity""]"
there,,intermediate,"[""Everyday Conversation""]","In, at, or to that place or position","[""She is over there.""]",,"[""over there, there is""]"
therefore,,intermediate,"[""Everyday Conversation""]",For that reason; consequently,"[""He was late; therefore, he missed the bus.""]",,"[""therefore, they concluded, and therefore""]"
these,,intermediate,"[""Everyday Conversation""]",Used to identify a specific person or thing observed or heard by the speaker,"[""These are my friends.""]",,"[""these days, these ones""]"
they,,intermediate,"[""Everyday Conversation""]",Used to refer to two or more people or things previously mentioned or easily identified,"[""They are coming to the party.""]",,"[""they are, they have""]"
thick,,intermediate,"[""Everyday Conversation""]",With opposite sides or surfaces that are a great or relatively great distance apart,"[""The book has thick pages.""]",,"[""thick book, thick hair""]"
thickness,,intermediate,"[""Everyday Conversation""]","The distance through an object, as distinct from width or height","[""The wall's thickness is 20 cm.""]",,"[""overall thickness, wall thickness""]"
thief,,intermediate,"[""Everyday Conversation""]",A person who steals another person's property,"[""The thief was caught by the police.""]",,"[""catch the thief, petty thief""]"
thin,,intermediate,"[""Everyday Conversation""]",With opposite sides or surfaces that are close together,"[""He has a thin build.""]",,"[""thin air, thin layer""]"
thing,,intermediate,"[""Everyday Conversation""]","An object that one need not, cannot, or does not wish to give a specific name to","[""What is that thing on the table?""]",,"[""something, anything""]"
think,,intermediate,"[""Everyday Conversation""]","Have a particular opinion, belief, or idea about someone or something","[""I think you are right.""]",,"[""think about, think of""]"
thinking,,intermediate,"[""Everyday Conversation""]",The process of considering or reasoning about something,"[""Her thinking is very logical.""]",,"[""positive thinking, critical thinking""]"
third,,intermediate,"[""Everyday Conversation""]",Constituting number three in a sequence; 3rd,"[""He finished in third place.""]",,"[""third place, third time""]"
thirsty,,intermediate,"[""Everyday Conversation""]",Feeling a need to drink something,"[""He was very thirsty after the run.""]",,"[""thirsty work, feel thirsty""]"
thirteen,,intermediate,"[""Everyday Conversation""]","The number equivalent to the sum of ten and three; one more than twelve, or seven less than twenty","[""There are thirteen apples in the basket.""]",,"[""thirteen years old, thirteen items""]"
thirtieth,,intermediate,"[""Everyday Conversation""]",Constituting number thirty in a sequence; 30th,"[""She is celebrating her thirtieth birthday.""]",,"[""thirtieth birthday, thirtieth anniversary""]"
thirty,,intermediate,"[""Everyday Conversation""]",The number equivalent to the product of three and ten; ten less than forty,"[""There are thirty students in the class.""]",,"[""thirty years old, thirty pieces""]"
this,,intermediate,"[""Everyday Conversation""]",Used to identify a specific person or thing close at hand or being indicated or experienced,"[""This is my favorite book.""]",,"[""this one, this time""]"
thorough,,intermediate,"[""Everyday Conversation""]",Complete with regard to every detail; not superficial or partial,"[""The report was thorough.""]",,"[""thorough investigation, thorough understanding""]"
thoroughly,,intermediate,"[""Everyday Conversation""]",In a thorough manner; comprehensively,"[""She thoroughly enjoyed the movie.""]",,"[""thoroughly examine, thoroughly clean""]"
though,,intermediate,"[""Everyday Conversation""]",Despite the fact that; although,"[""Though it was raining, we went out.""]",,"[""even though, as though""]"
thought,,intermediate,"[""Everyday Conversation""]",An idea or opinion produced by thinking or occurring suddenly in the mind,"[""She had a sudden thought.""]",,"[""deep thought, random thought""]"
thousand,,intermediate,"[""Everyday Conversation""]",The number equivalent to the product of a hundred and ten; 10 × 100,"[""There were a thousand people at the concert.""]",,"[""thousand dollars, thousand times""]"
thread,,intermediate,"[""Everyday Conversation""]","A long, thin strand of cotton, nylon, or other fibers used in sewing or weaving","[""She used a needle and thread to sew the button.""]",,"[""needle and thread, lose the thread""]"
threat,,intermediate,"[""Everyday Conversation""]","A statement of an intention to inflict pain, injury, damage, or other hostile action on someone in retribution for something done or not done","[""The threat was taken seriously by the police.""]",,"[""serious threat, threat to""]"
threaten,,intermediate,"[""Everyday Conversation""]",State one's intention to take hostile action against someone in retribution for something done or not done,"[""He threatened to call the police.""]",,"[""threaten with, threaten to""]"
threatening,,intermediate,"[""Everyday Conversation""]",Having a hostile or deliberately frightening quality or manner,"[""She received a threatening letter.""]",,"[""threatening behavior, threatening letter""]"
three,,intermediate,"[""Everyday Conversation""]","The number equivalent to the sum of one and two; one more than two, or seven less than ten; 3","[""There are three books on the table.""]",,"[""three times, three years""]"
throat,,intermediate,"[""Everyday Conversation""]",The passage which leads from the back of the mouth of a person or animal,"[""He has a sore throat.""]",,"[""sore throat, clear your throat""]"
through,,intermediate,"[""Everyday Conversation""]","Moving in one side and out of the other side of (an opening, channel, or location)","[""The train went through the tunnel.""]",,"[""go through, look through""]"
throughout,,intermediate,"[""Everyday Conversation""]",In every part of (a place or object),"[""He traveled throughout Europe.""]",,"[""throughout the year, throughout the world""]"
throw,,intermediate,"[""Everyday Conversation""]",Propel (something) with force through the air by a movement of the arm and hand,"[""She threw the ball to him.""]",,"[""throw a ball, throw away""]"
throw away,,intermediate,"[""Everyday Conversation""]",Discard something as useless or unwanted,"[""Don't throw away your old clothes.""]",,"[""throw away the trash, throw away the paper""]"
thumb,,intermediate,"[""Everyday Conversation""]","The short, thick first digit of the human hand, set lower and apart from the other four and opposable to them","[""She gave a thumbs-up to show her approval.""]",,"[""thumbs up, green thumb""]"
thursday,,intermediate,"[""Everyday Conversation""]",The day of the week before Friday and following Wednesday,"[""We have a meeting on Thursday.""]",,"[""Thursday morning, on Thursday""]"
thus,,intermediate,"[""Everyday Conversation""]",As a result or consequence of this; therefore,"[""He didn't study, thus he failed the exam.""]",,"[""thus far, thusly""]"
ticket,,intermediate,"[""Everyday Conversation""]","A slip or piece of paper, cardboard, or plastic, serving as evidence that the holder has paid a fare or admission or is entitled to some service, right, or the like","[""She bought a ticket for the concert.""]",,"[""train ticket, parking ticket""]"
tidy,,intermediate,"[""Everyday Conversation""]",Arranged neatly and in order,"[""Her room is always tidy.""]",,"[""keep tidy, tidy up""]"
tie,,intermediate,"[""Everyday Conversation""]",Attach or fasten with string or similar cord,"[""He tied the package with string.""]",,"[""tie a knot, tie together""]"
tie up,,intermediate,"[""Everyday Conversation""]",To bind or fasten someone or something securely,"[""They tied up the boat at the dock.""]",,"[""tie up loose ends, tie up the boat""]"
tight,,intermediate,"[""Everyday Conversation""]","Fixed, fastened, or closed firmly; hard to move, undo, or open","[""The lid was on tight.""]",,"[""tight grip, tight fit""]"
tightly,,intermediate,"[""Everyday Conversation""]",In a firm or secure manner,"[""She held the rope tightly.""]",,"[""hold tightly, fasten tightly""]"
till,,intermediate,"[""Everyday Conversation""]",Up to (the point in time or the event mentioned); until,"[""We waited till the end of the movie.""]",,"[""till now, till then""]"
time,,intermediate,"[""Everyday Conversation""]","The indefinite continued progress of existence and events in the past, present, and future regarded as a whole","[""Time flies when you're having fun.""]",,"[""save time, waste time""]"
timetable,,intermediate,"[""Everyday Conversation""]",A schedule showing the times at which particular events will take place,"[""Check the timetable for train departures.""]",,"[""daily timetable, school timetable""]"
tin,,intermediate,"[""Everyday Conversation""]","A silvery-white metal, the chemical element of atomic number 50","[""The can is made of tin.""]",,"[""tin can, tin foil""]"
tiny,,intermediate,"[""Everyday Conversation""]",Very small,"[""She held a tiny kitten in her hand.""]",,"[""tiny house, tiny insect""]"
tip,,intermediate,"[""Everyday Conversation""]",The pointed or rounded end or extremity of something slender or tapering,"[""He put the tip of the pen on the paper.""]",,"[""tip of the iceberg, tip of the tongue""]"
tip over,,intermediate,"[""Everyday Conversation""]",Cause to overturn from an upright or normal position,"[""The vase tipped over and broke.""]",,"[""tip over the edge, tip over the boat""]"
tire,,intermediate,"[""Everyday Conversation""]",Feel or cause to feel in need of rest or sleep,"[""He tires easily after running.""]",,"[""get tired, feel tired""]"
tired,,intermediate,"[""Everyday Conversation""]",In need of sleep or rest; weary,"[""She felt tired after a long day.""]",,"[""tired eyes, tired body""]"
tiring,,intermediate,"[""Everyday Conversation""]",Demanding or exhausting to do,"[""Moving can be a tiring process.""]",,"[""tiring work, tiring day""]"
title,,intermediate,"[""Everyday Conversation""]","The name of a book, composition, or other artistic work","[""The book's title is 'War and Peace'.""]",,"[""book title, job title""]"
to,,intermediate,"[""Everyday Conversation""]",Expressing motion in the direction of (a particular location),"[""He went to the store.""]",,"[""go to, come to""]"
today,,intermediate,"[""Everyday Conversation""]",On or in the course of this present day,"[""What are you doing today?""]",,"[""today's news, today morning""]"
toe,,intermediate,"[""Everyday Conversation""]",Any of the five digits at the end of the human foot,"[""He stubbed his toe on the door.""]",,"[""stub your toe, big toe""]"
together,,intermediate,"[""Everyday Conversation""]",With or in proximity to another person or people,"[""They worked together on the project.""]",,"[""work together, live together""]"
toilet,,intermediate,"[""Everyday Conversation""]","A fixed receptacle into which a person may urinate or defecate, typically consisting of a large bowl with a seat, connected to a system for flushing away the waste into a sewer","[""The restroom is equipped with a modern toilet.""]",,"[""toilet paper, public toilet""]"
tomato,,intermediate,"[""Everyday Conversation""]","A glossy red, or occasionally yellow, pulpy edible fruit that is typically eaten as a vegetable or in salad","[""She added tomato to the salad.""]",,"[""ripe tomato, tomato sauce""]"
tomorrow,,intermediate,"[""Everyday Conversation""]",On the day after today,"[""We will meet tomorrow.""]",,"[""see you tomorrow, tomorrow morning""]"
ton,,intermediate,"[""Everyday Conversation""]","A unit of weight equal to 2,000 pounds (907.18 kg)","[""The shipment weighs a ton.""]",,"[""weigh a ton, metric ton""]"
tone,,intermediate,"[""Everyday Conversation""]","The general character or attitude of a place, piece of writing, situation, etc.","[""The tone of the conversation was serious.""]",,"[""tone of voice, tone down""]"
tongue,,intermediate,"[""Everyday Conversation""]","The fleshy muscular organ in the mouth used for tasting, licking, swallowing, and (in humans) articulating speech","[""She bit her tongue while eating.""]",,"[""mother tongue, tongue twister""]"
tonight,,intermediate,"[""Everyday Conversation""]",On the present or approaching evening or night,"[""We will have dinner tonight.""]",,"[""tonight's show, tonight only""]"
tonne,,intermediate,"[""Everyday Conversation""]","A metric unit of mass equal to 1,000 kilograms (approximately 2,204.62 pounds)","[""The shipment weighs one tonne.""]",,"[""metric tonne, per tonne""]"
too,,intermediate,"[""Everyday Conversation""]","To a higher degree than is desirable, permissible, or possible; excessively","[""It is too hot to go outside.""]",,"[""too much, too many""]"
tool,,intermediate,"[""Everyday Conversation""]","A device or implement, especially one held in the hand, used to carry out a particular function","[""He used a tool to fix the bike.""]",,"[""hand tool, power tool""]"
tooth,,intermediate,"[""Everyday Conversation""]","Each of a set of hard, bony enamel-coated structures in the jaws of most vertebrates, used for biting and chewing","[""She brushed her tooth carefully.""]",,"[""brush your teeth, toothache""]"
top,,intermediate,"[""Everyday Conversation""]","The highest or uppermost point, part, or surface of something","[""The cat climbed to the top of the tree.""]",,"[""top of the hill, top priority""]"
topic,,intermediate,"[""Everyday Conversation""]","A matter dealt with in a text, discourse, or conversation; a subject","[""The topic of discussion was climate change.""]",,"[""main topic, topic sentence""]"
total,,intermediate,"[""Everyday Conversation""]",Comprising the whole number or amount,"[""The total cost is $50.""]",,"[""total amount, total cost""]"
totally,,intermediate,"[""Everyday Conversation""]",Completely; absolutely,"[""She was totally surprised by the news.""]",,"[""totally agree, totally understand""]"
touch,,intermediate,"[""Everyday Conversation""]",Come into or be in contact with,"[""He reached out to touch the flower.""]",,"[""touch screen, touch base""]"
tough,,intermediate,"[""Everyday Conversation""]",Strong enough to withstand adverse conditions or rough handling,"[""He is a tough competitor.""]",,"[""tough job, tough time""]"
tour,,intermediate,"[""Everyday Conversation""]",A journey for pleasure in which several different places are visited,"[""They went on a tour of the city.""]",,"[""guided tour, city tour""]"
tourist,,intermediate,"[""Everyday Conversation""]",A person who is traveling or visiting a place for pleasure,"[""The tourist took pictures of the landmarks.""]",,"[""tourist attractions, tourist destination""]"
towards,,intermediate,"[""Everyday Conversation""]",In the direction of,"[""She walked towards the door.""]",,"[""towards the end, move towards""]"
towel,,intermediate,"[""Everyday Conversation""]",A piece of thick absorbent cloth or paper used for drying oneself or wiping things dry,"[""He dried his hands with a towel.""]",,"[""bath towel, beach towel""]"
tower,,intermediate,"[""Everyday Conversation""]","A tall, narrow building, either free-standing or forming part of a building such as a church or castle","[""The Eiffel Tower is in Paris.""]",,"[""watch tower, radio tower""]"
town,,intermediate,"[""Everyday Conversation""]","A large urban area that has a name, defined boundaries, and local government","[""The town is small but charming.""]",,"[""town center, hometown""]"
toy,,intermediate,"[""Everyday Conversation""]","An object for a child to play with, typically a model or miniature replica of something","[""The child played with a toy car.""]",,"[""toy store, toy car""]"
trace,,intermediate,"[""Everyday Conversation""]",Find or discover by investigation,"[""The detective traced the suspect's movements.""]",,"[""trace back, trace the source""]"
track,,intermediate,"[""Everyday Conversation""]","A rough path or minor road, typically one beaten by use rather than constructed","[""They followed a narrow track through the woods.""]",,"[""dirt track, race track""]"
trade,,intermediate,"[""Everyday Conversation""]",The action of buying and selling goods and services,"[""The trade between the two countries increased.""]",,"[""international trade, trade agreements""]"
trading,,intermediate,"[""Everyday Conversation""]","The activity of buying and selling, especially on a large scale","[""He is involved in trading stocks.""]",,"[""stock trading, trading platform""]"
traditional,,intermediate,"[""Everyday Conversation""]",Existing in or as part of a tradition; long-established,"[""They have traditional values.""]",,"[""traditional clothing, traditional music""]"
traditionally,,intermediate,"[""Everyday Conversation""]",As part of a tradition; according to tradition,"[""Traditionally, the festival is held in spring.""]",,"[""traditionally known, traditionally made""]"
traffic,,intermediate,"[""Everyday Conversation""]",Vehicles moving on a road or public highway,"[""The traffic was heavy this morning.""]",,"[""heavy traffic, traffic jam""]"
train,,intermediate,"[""Everyday Conversation""]",A series of railroad cars moved as a unit by a locomotive or by integral motors,"[""She took the train to the city.""]",,"[""train station, train ride""]"
training,,intermediate,"[""Everyday Conversation""]",The action of teaching a person or animal a particular skill or type of behavior,"[""The training for the new job starts next week.""]",,"[""job training, training program""]"
transfer,,intermediate,"[""Everyday Conversation""]",Move from one place to another,"[""They transferred the money to her account.""]",,"[""transfer funds, transfer data""]"
transform,,intermediate,"[""Everyday Conversation""]","Make a thorough or dramatic change in the form, appearance, or character of","[""The caterpillar transformed into a butterfly.""]",,"[""transform completely, transform the industry""]"
translate,,intermediate,"[""Everyday Conversation""]",Express the sense of (words or text) in another language,"[""He translated the book from French to English.""]",,"[""translate into, translate from""]"
translation,,intermediate,"[""Everyday Conversation""]",The process of translating words or text from one language into another,"[""The translation of the novel took a year.""]",,"[""accurate translation, translation service""]"
transparent,,intermediate,"[""Everyday Conversation""]",Allowing light to pass through so that objects behind can be distinctly seen,"[""The glass is transparent.""]",,"[""transparent glass, transparent policy""]"
transport,,intermediate,"[""Everyday Conversation""]","Take or carry (people or goods) from one place to another by means of a vehicle, aircraft, or ship","[""They transport goods by truck.""]",,"[""transport goods, transport passengers""]"
transportation,,intermediate,"[""Everyday Conversation""]",The action of transporting someone or something or the process of being transported,"[""Public transportation is efficient in the city.""]",,"[""public transportation, transportation system""]"
trap,,intermediate,"[""Everyday Conversation""]","A device or enclosure designed to catch and retain animals, typically by allowing entry but not exit","[""The hunter set a trap for the fox.""]",,"[""mouse trap, fall into a trap""]"
travel,,intermediate,"[""Everyday Conversation""]","Make a journey, typically of some length or abroad","[""She loves to travel around the world.""]",,"[""travel abroad, travel plans""]"
traveller,,intermediate,"[""Everyday Conversation""]",A person who is traveling or who often travels,"[""The traveller shared his stories.""]",,"[""frequent traveller, fellow traveller""]"
treat,,intermediate,"[""Everyday Conversation""]",Behave toward or deal with in a certain way,"[""He treats everyone with respect.""]",,"[""treat well, treat fairly""]"
treatment,,intermediate,"[""Everyday Conversation""]",The manner in which someone behaves toward or deals with someone or something,"[""The treatment was effective.""]",,"[""medical treatment, special treatment""]"
tree,,intermediate,"[""Everyday Conversation""]","A woody perennial plant, typically having a single stem or trunk growing to a considerable height and bearing lateral branches at some distance from the ground","[""The tree in the garden is very old.""]",,"[""tree trunk, fruit tree""]"
trend,,intermediate,"[""Everyday Conversation""]",A general direction in which something is developing or changing,"[""There is a trend towards using renewable energy.""]",,"[""current trend, fashion trend""]"
trial,,intermediate,"[""Everyday Conversation""]","A formal examination of evidence before a judge, and typically before a jury, in order to decide guilt in a case of criminal or civil proceedings","[""The trial lasted for several weeks.""]",,"[""court trial, trial period""]"
triangle,,intermediate,"[""Everyday Conversation""]",A plane figure with three straight sides and three angles,"[""They drew a triangle on the board.""]",,"[""right triangle, equilateral triangle""]"
trick,,intermediate,"[""Everyday Conversation""]",A cunning or skillful act or scheme intended to deceive or outwit someone,"[""He played a trick on his friend.""]",,"[""play a trick, trick someone""]"
trip,,intermediate,"[""Everyday Conversation""]","A journey or excursion, especially for pleasure","[""They went on a trip to the mountains.""]",,"[""business trip, day trip""]"
tropical,,intermediate,"[""Everyday Conversation""]","Of, typical of, or peculiar to the tropics","[""The island has a tropical climate.""]",,"[""tropical island, tropical rainforest""]"
trouble,,intermediate,"[""Everyday Conversation""]",Difficulty or problems that cause distress or worry,"[""He is having trouble with his car.""]",,"[""have trouble, get into trouble""]"
trousers,,intermediate,"[""Everyday Conversation""]","An outer garment covering the body from the waist to the ankles, with a separate part for each leg","[""He wore a pair of trousers.""]",,"[""pair of trousers, wear trousers""]"
truck,,intermediate,"[""Everyday Conversation""]","A large, heavy motor vehicle for transporting goods or troops","[""The truck carried heavy loads.""]",,"[""delivery truck, truck driver""]"
true,,intermediate,"[""Everyday Conversation""]",In accordance with fact or reality,"[""His story is true.""]",,"[""true story, true love""]"
trust,,intermediate,"[""Everyday Conversation""]","Firm belief in the reliability, truth, or ability of someone or something","[""She has trust in her friends.""]",,"[""gain trust, trust issues""]"
truth,,intermediate,"[""Everyday Conversation""]",The quality or state of being true,"[""He told the truth about what happened.""]",,"[""tell the truth, truth be told""]"
try,,intermediate,"[""Everyday Conversation""]",Make an attempt or effort to do something,"[""You should try to finish your homework.""]",,"[""try again, try hard""]"
try on,,intermediate,"[""Everyday Conversation""]",Put on an item of clothing to see if it fits or suits one,"[""She tried on a new dress.""]",,"[""try on clothes, try on shoes""]"
try out,,intermediate,"[""Everyday Conversation""]",Test someone or something new to see if it is suitable or effective,"[""He wants to try out for the soccer team.""]",,"[""try out a new recipe, try out for the team""]"
tube,,intermediate,"[""Everyday Conversation""]","A long, hollow cylinder used to convey fluids or gases","[""The water flows through the tube.""]",,"[""test tube, plastic tube""]"
tuesday,,intermediate,"[""Everyday Conversation""]",The day of the week before Wednesday and following Monday,"[""We have a meeting on Tuesday.""]",,"[""next Tuesday, last Tuesday""]"
tune,,intermediate,"[""Everyday Conversation""]","A melody, especially one which characterizes a certain piece of music","[""He played a familiar tune on the piano.""]",,"[""catchy tune, in tune""]"
tunnel,,intermediate,"[""Everyday Conversation""]","An artificial underground passage, especially one built through a hill or under a building, road, or river","[""The train went through the tunnel.""]",,"[""tunnel entrance, underground tunnel""]"
turn,,intermediate,"[""Everyday Conversation""]",Move in a circular direction wholly or partly around an axis or point,"[""She turned the key in the lock.""]",,"[""turn around, turn left""]"
turn back,,intermediate,"[""Everyday Conversation""]",Go back in the direction from which you have come,"[""We had to turn back due to the storm.""]",,"[""turn back the clock, turn back time""]"
turn down,,intermediate,"[""Everyday Conversation""]","Reject or refuse a proposal, offer, or request","[""She turned down the job offer.""]",,"[""turn down an offer, turn down the volume""]"
turn into,,intermediate,"[""Everyday Conversation""]",Become (something),"[""The caterpillar turned into a butterfly.""]",,"[""turn into reality, turn into a habit""]"
turn off,,intermediate,"[""Everyday Conversation""]","Stop the operation or flow of (something) by means of a valve, switch, or button","[""Don't forget to turn off the lights.""]",,"[""turn off the engine, turn off the TV""]"
turn on,,intermediate,"[""Everyday Conversation""]",Cause (a device) to operate by means of a switch or button,"[""Turn on the radio, please.""]",,"[""turn on the light, turn on the machine""]"
turn out,,intermediate,"[""Everyday Conversation""]",Prove to be the case,"[""It turned out that he was right.""]",,"[""turn out fine, turn out well""]"
turn over,,intermediate,"[""Everyday Conversation""]",Move (something) so that it is in a different position or state,"[""He turned over the page.""]",,"[""turn over a new leaf, turn over the page""]"
turn round,,intermediate,"[""Everyday Conversation""]",Move so as to face in the opposite direction,"[""She turned round to see who called her name.""]",,"[""turn round quickly, turn round to face""]"
turn to,,intermediate,"[""Everyday Conversation""]",Seek help or support from someone or something,"[""He turned to his friend for advice.""]",,"[""turn to someone for help, turn to page""]"
turn up,,intermediate,"[""Everyday Conversation""]",Appear or arrive unexpectedly,"[""She turned up at the party unexpectedly.""]",,"[""turn up the volume, turn up late""]"
tv,,intermediate,"[""Everyday Conversation""]",A device that receives television signals and displays them on a screen,"[""She watched the news on TV.""]",,"[""watch TV, TV show""]"
twelfth,,intermediate,"[""Everyday Conversation""]",Constituting number twelve in a sequence; 12th,"[""She finished in twelfth place.""]",,"[""twelfth grade, twelfth night""]"
twelve,,intermediate,"[""Everyday Conversation""]",The number equivalent to the product of three and four; two more than ten; 12,"[""There are twelve months in a year.""]",,"[""twelve years old, twelve items""]"
twentieth,,intermediate,"[""Everyday Conversation""]",Constituting number twenty in a sequence; 20th,"[""He is celebrating his twentieth birthday.""]",,"[""twentieth century, twentieth birthday""]"
twenty,,intermediate,"[""Everyday Conversation""]",The number equivalent to the product of four and five; ten more than ten; 20,"[""She has twenty dollars.""]",,"[""twenty minutes, twenty percent""]"
twice,,intermediate,"[""Everyday Conversation""]",Two times; on two occasions,"[""He called twice yesterday.""]",,"[""twice a day, twice as much""]"
twin,,intermediate,"[""Everyday Conversation""]",One of two children or animals born at the same birth,"[""She has a twin brother.""]",,"[""identical twin, twin brother""]"
twist,,intermediate,"[""Everyday Conversation""]","Form into a bent, curling, or distorted shape","[""He twisted the wire.""]",,"[""twist the truth, plot twist""]"
twisted,,intermediate,"[""Everyday Conversation""]",Forced out of its natural or proper shape; crumpled,"[""The rope was twisted.""]",,"[""twisted ankle, twisted metal""]"
two,,intermediate,"[""Everyday Conversation""]",The number equivalent to the sum of one and one; one less than three; 2,"[""She has two cats.""]",,"[""two years, two people""]"
type,,intermediate,"[""Everyday Conversation""]",A category of people or things having common characteristics,"[""She likes that type of music.""]",,"[""different type, type of music""]"
typical,,intermediate,"[""Everyday Conversation""]",Having the distinctive qualities of a particular type of person or thing,"[""It was a typical day at the office.""]",,"[""typical example, typical behavior""]"
typically,,intermediate,"[""Everyday Conversation""]",In most cases; usually,"[""Typically, he arrives early.""]",,"[""typically found, typically used""]"
tyre,,intermediate,"[""Everyday Conversation""]","A rubber covering, typically inflated or surrounding an inflated inner tube, placed around a wheel to form a flexible contact with the road","[""The car needs a new tyre.""]",,"[""flat tyre, spare tyre""]"
ugly,,intermediate,"[""Everyday Conversation""]","Unpleasant or repulsive, especially in appearance","[""The painting was ugly.""]",,"[""ugly face, ugly building""]"
ultimate,,intermediate,"[""Everyday Conversation""]",Being or happening at the end of a process; final,"[""The ultimate goal is to achieve success.""]",,"[""ultimate goal, ultimate decision""]"
ultimately,,intermediate,"[""Everyday Conversation""]",Finally; in the end,"[""Ultimately, the decision is yours.""]",,"[""ultimately responsible, ultimately decided""]"
umbrella,,intermediate,"[""Everyday Conversation""]","A device consisting of a circular canopy of cloth on a folding metal frame supported by a central rod, used as protection against rain or sometimes sun","[""She carried an umbrella to avoid getting wet.""]",,"[""carry an umbrella, open an umbrella""]"
unable,,intermediate,"[""Everyday Conversation""]","Lacking the skill, means, or opportunity to do something","[""He was unable to attend the meeting.""]",,"[""unable to, unable to perform""]"
unacceptable,,intermediate,"[""Everyday Conversation""]",Not satisfactory or allowable,"[""The behavior was unacceptable.""]",,"[""completely unacceptable, socially unacceptable""]"
uncertain,,intermediate,"[""Everyday Conversation""]",Not able to be relied on; not known or definite,"[""The future of the project is uncertain.""]",,"[""uncertain about, uncertain future""]"
uncle,,intermediate,"[""Everyday Conversation""]",The brother of one's father or mother or the husband of one's aunt,"[""He visited his uncle during the holidays.""]",,"[""uncle and aunt, favorite uncle""]"
uncomfortable,,intermediate,"[""Everyday Conversation""]",Causing or feeling slight pain or physical discomfort,"[""The chair was uncomfortable.""]",,"[""feel uncomfortable, look uncomfortable""]"
unconscious,,intermediate,"[""Everyday Conversation""]",Not awake and aware of and responding to one's environment,"[""He was knocked unconscious.""]",,"[""render unconscious, become unconscious""]"
uncontrolled,,intermediate,"[""Everyday Conversation""]",Not controlled,"[""The situation became uncontrolled.""]",,"[""uncontrolled behavior, uncontrolled growth""]"
under,,intermediate,"[""Everyday Conversation""]",Extending or directly below,"[""The cat is hiding under the table.""]",,"[""under the table, under the bed""]"
underground,,intermediate,"[""Everyday Conversation""]",Situated beneath the surface of the ground,"[""The subway runs underground.""]",,"[""underground station, underground river""]"
underneath,,intermediate,"[""Everyday Conversation""]",Situated directly below (something else),"[""The key is underneath the mat.""]",,"[""hidden underneath, underneath the surface""]"
understand,,intermediate,"[""Everyday Conversation""]","Perceive the intended meaning of (words, a language, or a speaker)","[""I can understand why you're upset.""]",,"[""understand the situation, understand completely""]"
understanding,,intermediate,"[""Everyday Conversation""]",The ability to understand something; comprehension,"[""She has a deep understanding of the subject.""]",,"[""mutual understanding, deep understanding""]"
underwater,,intermediate,"[""Everyday Conversation""]","Situated, occurring, or done beneath the surface of the water","[""The divers explored the underwater cave.""]",,"[""underwater camera, underwater world""]"
underwear,,intermediate,"[""Everyday Conversation""]","Clothes worn under other clothes, typically next to the skin","[""He packed his underwear in the suitcase.""]",,"[""pair of underwear, men's underwear""]"
undo,,intermediate,"[""Everyday Conversation""]","Unfasten, untie, or loosen (something)","[""She tried to undo the knot.""]",,"[""undo a mistake, undo the damage""]"
unemployed,,intermediate,"[""Everyday Conversation""]",Without a paid job but available to work,"[""He has been unemployed for six months.""]",,"[""long-term unemployed, chronically unemployed""]"
unemployment,,intermediate,"[""Everyday Conversation""]",The state of being unemployed,"[""The government is working to reduce unemployment.""]",,"[""high unemployment, youth unemployment""]"
unexpected,,intermediate,"[""Everyday Conversation""]",Not expected or regarded as likely to happen,"[""The news was completely unexpected.""]",,"[""unexpected visit, unexpected result""]"
unexpectedly,,intermediate,"[""Everyday Conversation""]",In a way that was not expected,"[""He unexpectedly won the race.""]",,"[""completely unexpectedly, quite unexpectedly""]"
unfair,,intermediate,"[""Everyday Conversation""]",Not based on or behaving according to the principles of equality and justice,"[""The decision was unfair.""]",,"[""unfair treatment, unfair advantage""]"
unfairly,,intermediate,"[""Everyday Conversation""]",In a manner that is not based on or behaving according to the principles of equality and justice,"[""She was unfairly treated by her peers.""]",,"[""unfairly treated, unfairly blamed""]"
unfortunate,,intermediate,"[""Everyday Conversation""]",Having or marked by bad fortune; unlucky,"[""It was an unfortunate accident.""]",,"[""unfortunate event, unfortunate outcome""]"
unfortunately,,intermediate,"[""Everyday Conversation""]",It is unfortunate that,"[""Unfortunately, we missed the train.""]",,"[""unfortunately, we cannot, unfortunately missed""]"
unfriendly,,intermediate,"[""Everyday Conversation""]",Not friendly,"[""He seemed unfriendly at first.""]",,"[""unfriendly attitude, unfriendly behavior""]"
unhappy,,intermediate,"[""Everyday Conversation""]",Not happy,"[""She felt unhappy with the decision.""]",,"[""feel unhappy, look unhappy""]"
uniform,,intermediate,"[""Everyday Conversation""]",The distinctive clothing worn by members of the same organization or body or by children attending certain schools,"[""The students wear a uniform.""]",,"[""school uniform, military uniform""]"
unimportant,,intermediate,"[""Everyday Conversation""]",Not important,"[""His contribution was deemed unimportant.""]",,"[""seem unimportant, relatively unimportant""]"
union,,intermediate,"[""Everyday Conversation""]",An organized association of workers formed to protect and further their rights and interests; a labor union,"[""He is a member of the teachers' union.""]",,"[""labor union, union member""]"
unique,,intermediate,"[""Everyday Conversation""]",Being the only one of its kind; unlike anything else,"[""Her design is unique.""]",,"[""unique opportunity, unique perspective""]"
unit,,intermediate,"[""Everyday Conversation""]",An individual thing or person regarded as single and complete but which can also form an individual component of a larger or more complex whole,"[""The new housing unit is now available.""]",,"[""housing unit, single unit""]"
unite,,intermediate,"[""Everyday Conversation""]",Come or bring together for a common purpose or action,"[""They decided to unite their efforts.""]",,"[""unite efforts, unite the country""]"
united,,intermediate,"[""Everyday Conversation""]","Joined together politically, for a common purpose, or by common feelings","[""They stood united in their cause.""]",,"[""united front, united in""]"
universe,,intermediate,"[""Everyday Conversation""]",All existing matter and space considered as a whole; the cosmos,"[""The universe is vast and mysterious.""]",,"[""expanding universe, universe theory""]"
university,,intermediate,"[""Everyday Conversation""]","An educational institution designed for instruction, examination, or both, of students in many branches of advanced learning, conferring degrees in various faculties, and often embodying colleges and similar institutions","[""She attends a prestigious university.""]",,"[""university degree, university campus""]"
unkind,,intermediate,"[""Everyday Conversation""]",Inconsiderate and harsh to others,"[""His unkind remarks hurt her feelings.""]",,"[""unkind words, unkind act""]"
unknown,,intermediate,"[""Everyday Conversation""]",Not known or familiar,"[""The author of the letter is unknown.""]",,"[""remain unknown, completely unknown""]"
unless,,intermediate,"[""Everyday Conversation""]",Except if (used to introduce the case in which a statement being made is not true or valid),"[""You cannot go out unless you finish your homework.""]",,"[""unless otherwise stated, unless you have""]"
unlike,,intermediate,"[""Everyday Conversation""]",Different from; not similar to,"[""Her behavior is unlike her usual self.""]",,"[""unlike any other, unlike before""]"
unlikely,,intermediate,"[""Everyday Conversation""]","Not likely to happen, be done, or be true; improbable","[""It is unlikely to rain today.""]",,"[""highly unlikely, seem unlikely""]"
unload,,intermediate,"[""Everyday Conversation""]","Remove (something) from a load, especially a vehicle, container, or ship","[""They need to unload the truck.""]",,"[""unload the cargo, unload quickly""]"
unlock,,intermediate,"[""Everyday Conversation""]",Open the lock of (something),"[""She unlocked the door.""]",,"[""unlock the door, unlock the potential""]"
unnecessary,,intermediate,"[""Everyday Conversation""]",Not needed,"[""This procedure is unnecessary.""]",,"[""completely unnecessary, unnecessary costs""]"
unpleasant,,intermediate,"[""Everyday Conversation""]","Causing discomfort, unhappiness, or revulsion; disagreeable","[""The smell was unpleasant.""]",,"[""unpleasant smell, unpleasant experience""]"
unreasonable,,intermediate,"[""Everyday Conversation""]",Not guided by or based on good sense,"[""His demands were unreasonable.""]",,"[""completely unreasonable, unreasonable request""]"
unsteady,,intermediate,"[""Everyday Conversation""]",Not firm or stable,"[""He walked with unsteady steps.""]",,"[""unsteady on his feet, unsteady hands""]"
unsuccessful,,intermediate,"[""Everyday Conversation""]",Not achieving the desired aim or result,"[""The plan was unsuccessful.""]",,"[""largely unsuccessful, unsuccessful attempt""]"
untidy,,intermediate,"[""Everyday Conversation""]",Not arranged neatly and in order,"[""Her room is always untidy.""]",,"[""untidy room, untidy hair""]"
until,,intermediate,"[""Everyday Conversation""]",Up to (the point in time or the event mentioned),"[""Stay here until I return.""]",,"[""wait until, until now""]"
unusual,,intermediate,"[""Everyday Conversation""]",Not habitually or commonly occurring or done,"[""He had an unusual hobby.""]",,"[""unusual behavior, unusual situation""]"
unusually,,intermediate,"[""Everyday Conversation""]",In a way that is not habitual or common; atypically,"[""She was unusually quiet today.""]",,"[""unusually high, unusually quiet""]"
up,,intermediate,"[""Everyday Conversation""]",Towards a higher place or position,"[""She looked up at the sky.""]",,"[""look up, climb up""]"
upon,,intermediate,"[""Everyday Conversation""]","More formal term for on, especially in abstract senses","[""Once upon a time, there was a princess.""]",,"[""upon arrival, based upon""]"
upper,,intermediate,"[""Everyday Conversation""]",Situated above another part,"[""The upper part of the building is new.""]",,"[""upper level, upper class""]"
upset,,intermediate,"[""Everyday Conversation""]","Make (someone) unhappy, disappointed, or worried","[""The news upset him.""]",,"[""upset stomach, upset about""]"
upsetting,,intermediate,"[""Everyday Conversation""]","Causing unhappiness, disappointment, or worry","[""It was an upsetting experience.""]",,"[""very upsetting, find it upsetting""]"
upside down,,intermediate,"[""Everyday Conversation""]",In an inverted position,"[""The picture was hung upside down.""]",,"[""hang upside down, turn upside down""]"
upstairs,,intermediate,"[""Everyday Conversation""]",On or to an upper floor of a building,"[""They went upstairs to their rooms.""]",,"[""go upstairs, upstairs room""]"
upward,,intermediate,"[""Everyday Conversation""]",Directed towards a higher place or position,"[""The balloon drifted upward.""]",,"[""upward movement, upward trend""]"
upwards,,intermediate,"[""Everyday Conversation""]",Towards a higher place or position,"[""Prices have been moving upwards.""]",,"[""move upwards, look upwards""]"
urban,,intermediate,"[""Everyday Conversation""]","In, relating to, or characteristic of a city or town","[""Urban areas are growing rapidly.""]",,"[""urban development, urban area""]"
urge,,intermediate,"[""Everyday Conversation""]",Try earnestly or persistently to persuade (someone) to do something,"[""They urged him to apply for the job.""]",,"[""urge someone, urge strongly""]"
urgent,,intermediate,"[""Everyday Conversation""]",Requiring immediate action or attention,"[""This is an urgent matter.""]",,"[""urgent need, urgent care""]"
us,,intermediate,"[""Everyday Conversation""]",Referring to the speaker and one or more other people as the object of a verb or preposition,"[""They invited us to the party.""]",,"[""help us, tell us""]"
use,,intermediate,"[""Everyday Conversation""]","Take, hold, or deploy (something) as a means of accomplishing a purpose or achieving a result","[""She uses a computer for her work.""]",,"[""use a tool, use a method""]"
used,,intermediate,"[""Everyday Conversation""]",Accustomed to or in the habit of,"[""He is used to getting up early.""]",,"[""get used to, be used to""]"
used to,,intermediate,"[""Everyday Conversation""]","Accustomed, habituated","[""She used to live in New York.""]",,"[""used to live, used to be""]"
useful,,intermediate,"[""Everyday Conversation""]",Able to be used for a practical purpose or in several ways,"[""This tool is very useful.""]",,"[""very useful, useful information""]"
useless,,intermediate,"[""Everyday Conversation""]",Not fulfilling or not expected to achieve the intended purpose or desired outcome,"[""The broken tool is useless.""]",,"[""completely useless, feel useless""]"
user,,intermediate,"[""Everyday Conversation""]",A person who uses or operates something,"[""He is a regular user of this software.""]",,"[""end user, user manual""]"
usual,,intermediate,"[""Everyday Conversation""]",Habitually or typically occurring or done; customary,"[""She took her usual route to work.""]",,"[""as usual, usual place""]"
usually,,intermediate,"[""Everyday Conversation""]",Under normal conditions; generally,"[""She usually goes to bed early.""]",,"[""usually happens, usually takes""]"
vacation,,intermediate,"[""Everyday Conversation""]","An extended period of leisure and recreation, especially one spent away from home or traveling","[""We are planning a summer vacation.""]",,"[""summer vacation, vacation time""]"
valid,,intermediate,"[""Everyday Conversation""]",Legally or officially acceptable,"[""The ticket is valid for one month.""]",,"[""valid reason, valid point""]"
valley,,intermediate,"[""Everyday Conversation""]","A low area of land between hills or mountains, typically with a river or stream flowing through it","[""The valley was covered with flowers.""]",,"[""beautiful valley, green valley""]"
valuable,,intermediate,"[""Everyday Conversation""]",Worth a great deal of money or highly important,"[""He gave her valuable advice.""]",,"[""valuable asset, valuable experience""]"
value,,intermediate,"[""Everyday Conversation""]","The regard that something is held to deserve; the importance, worth, or usefulness of something","[""The value of gold has increased.""]",,"[""market value, intrinsic value""]"
van,,intermediate,"[""Everyday Conversation""]","A medium-sized motor vehicle with a boxy shape, typically used for transporting goods or people","[""They transported the furniture in a van.""]",,"[""delivery van, passenger van""]"
variation,,intermediate,"[""Everyday Conversation""]","A change or slight difference in condition, amount, or level, typically within certain limits","[""There is a variation in temperature.""]",,"[""genetic variation, slight variation""]"
varied,,intermediate,"[""Everyday Conversation""]",Incorporating a number of different types or elements; showing variety,"[""The students have varied interests.""]",,"[""varied background, varied menu""]"
variety,,intermediate,"[""Everyday Conversation""]",A number or range of things of the same general class that are distinct in character or quality,"[""The store offers a variety of products.""]",,"[""wide variety, great variety""]"
various,,intermediate,"[""Everyday Conversation""]",Different from one another; of different kinds or sorts,"[""She has various interests.""]",,"[""various types, various reasons""]"
vary,,intermediate,"[""Everyday Conversation""]","Differ in size, amount, degree, or nature from something else of the same general class","[""Prices vary depending on the season.""]",,"[""prices vary, vary greatly""]"
vast,,intermediate,"[""Everyday Conversation""]",Of very great extent or quantity; immense,"[""The desert is vast and empty.""]",,"[""vast area, vast majority""]"
vegetable,,intermediate,"[""Everyday Conversation""]","A plant or part of a plant used as food, typically as accompaniment to meat or fish","[""She grows her own vegetables.""]",,"[""vegetable garden, fresh vegetable""]"
vehicle,,intermediate,"[""Everyday Conversation""]","A thing used for transporting people or goods, especially on land, such as a car, truck, or cart","[""They need a larger vehicle for their trip.""]",,"[""vehicle maintenance, vehicle registration""]"
venture,,intermediate,"[""Everyday Conversation""]",A risky or daring journey or undertaking,"[""He embarked on a new business venture.""]",,"[""business venture, joint venture""]"
version,,intermediate,"[""Everyday Conversation""]",A particular form of something differing in certain respects from an earlier form or other forms of the same type of thing,"[""This is the latest version of the software.""]",,"[""new version, beta version""]"
vertical,,intermediate,"[""Everyday Conversation""]","At right angles to a horizontal plane; in a direction, or having an alignment, such that the top is directly above the bottom","[""The building has a vertical design.""]",,"[""vertical line, vertical position""]"
very,,intermediate,"[""Everyday Conversation""]",To a high degree,"[""He is very tall.""]",,"[""very good, very much""]"
via,,intermediate,"[""Everyday Conversation""]",Traveling through (a place) en route to a destination,"[""We traveled to the city via the highway.""]",,"[""via email, via route""]"
victim,,intermediate,"[""Everyday Conversation""]","A person harmed, injured, or killed as a result of a crime, accident, or other event or action","[""The victim of the accident was taken to the hospital.""]",,"[""crime victim, accident victim""]"
victory,,intermediate,"[""Everyday Conversation""]","An act of defeating an enemy or opponent in a battle, game, or other competition","[""They celebrated their victory.""]",,"[""celebrate victory, victory parade""]"
video,,intermediate,"[""Everyday Conversation""]",A recording of moving visual images made digitally or on videotape,"[""She watched a video online.""]",,"[""watch a video, video clip""]"
view,,intermediate,"[""Everyday Conversation""]",The ability to see something or to be seen from a particular place,"[""The view from the top of the mountain is stunning.""]",,"[""stunning view, view of""]"
village,,intermediate,"[""Everyday Conversation""]","A group of houses and associated buildings, larger than a hamlet and smaller than a town, situated in a rural area","[""They live in a small village.""]",,"[""small village, village life""]"
violence,,intermediate,"[""Everyday Conversation""]","Behavior involving physical force intended to hurt, damage, or kill someone or something","[""The movie contains scenes of violence.""]",,"[""domestic violence, violence against""]"
violent,,intermediate,"[""Everyday Conversation""]","Using or involving physical force intended to hurt, damage, or kill someone or something","[""The protest turned violent.""]",,"[""violent crime, violent protest""]"
virtually,,intermediate,"[""Everyday Conversation""]",Nearly; almost,"[""He is virtually unknown.""]",,"[""virtually impossible, virtually all""]"
virus,,intermediate,"[""Everyday Conversation""]","An infective agent that typically consists of a nucleic acid molecule in a protein coat, is too small to be seen by light microscopy, and is able to multiply only within the living cells of a host","[""The virus spread quickly.""]",,"[""spread a virus, computer virus""]"
visible,,intermediate,"[""Everyday Conversation""]",Able to be seen,"[""The stars were visible in the night sky.""]",,"[""clearly visible, visible sign""]"
vision,,intermediate,"[""Everyday Conversation""]",The faculty or state of being able to see,"[""His vision is getting worse.""]",,"[""clear vision, blurred vision""]"
visit,,intermediate,"[""Everyday Conversation""]",Go to see and spend time with (someone) socially,"[""We plan to visit our grandparents this weekend.""]",,"[""visit family, visit friends""]"
visitor,,intermediate,"[""Everyday Conversation""]","A person visiting a person or place, especially socially or as a tourist","[""The museum had many visitors.""]",,"[""frequent visitor, visitor center""]"
vital,,intermediate,"[""Everyday Conversation""]",Absolutely necessary or important; essential,"[""Water is vital for life.""]",,"[""vital role, vital importance""]"
vocabulary,,intermediate,"[""Everyday Conversation""]",The body of words used in a particular language,"[""She has a large vocabulary.""]",,"[""expand vocabulary, large vocabulary""]"
voice,,intermediate,"[""Everyday Conversation""]","The sound produced in a person's larynx and uttered through the mouth, as speech or song","[""His voice is very deep.""]",,"[""deep voice, voice mail""]"
volume,,intermediate,"[""Everyday Conversation""]",A book forming part of a work or series,"[""He bought the first volume of the series.""]",,"[""first volume, high volume""]"
vote,,intermediate,"[""Everyday Conversation""]","A formal indication of a choice between two or more candidates or courses of action, expressed typically through a ballot or a show of hands","[""They cast their votes in the election.""]",,"[""cast a vote, vote for""]"
vowel,,intermediate,"[""Everyday Conversation""]","A speech sound which is produced by comparatively open configuration of the vocal tract, with vibration of the vocal cords but without audible friction","[""A, E, I, O, U are vowels.""]",,"[""vowel sound, vowel letter""]"
wage,,intermediate,"[""Everyday Conversation""]","A fixed regular payment earned for work or services, typically paid on a daily or weekly basis","[""The minimum wage is being increased.""]",,"[""minimum wage, wage increase""]"
waist,,intermediate,"[""Everyday Conversation""]",The part of the human body below the ribs and above the hips,"[""She wore a belt around her waist.""]",,"[""waist size, slim waist""]"
wait,,intermediate,"[""Everyday Conversation""]",Stay where one is or delay action until a particular time or event,"[""They decided to wait for the next train.""]",,"[""wait for, can't wait""]"
waiter,,intermediate,"[""Everyday Conversation""]",A man whose job is to serve customers at their tables in a restaurant,"[""The waiter took our order.""]",,"[""head waiter, waiter service""]"
wake,,intermediate,"[""Everyday Conversation""]",Emerge or cause to emerge from a state of sleep,"[""She wakes up early every morning.""]",,"[""wake up, wake early""]"
walk,,intermediate,"[""Everyday Conversation""]",Move at a regular pace by lifting and setting down each foot in turn,"[""They walk to school every day.""]",,"[""go for a walk, walk along""]"
wall,,intermediate,"[""Everyday Conversation""]",A continuous vertical brick or stone structure that encloses or divides an area of land,"[""The painting hangs on the wall.""]",,"[""climb the wall, brick wall""]"
wallet,,intermediate,"[""Everyday Conversation""]",A pocket-sized flat folding case for holding money and plastic cards,"[""He keeps his money in his wallet.""]",,"[""leather wallet, lost wallet""]"
wander,,intermediate,"[""Everyday Conversation""]",Move about aimlessly or without any destination,"[""They wandered through the forest.""]",,"[""wander around, wander off""]"
want,,intermediate,"[""Everyday Conversation""]",Have a desire to possess or do (something); wish for,"[""I want a new bicycle.""]",,"[""want to, want more""]"
war,,intermediate,"[""Everyday Conversation""]",A state of armed conflict between different countries or different groups within a country,"[""The war lasted for five years.""]",,"[""declare war, civil war""]"
warm,,intermediate,"[""Everyday Conversation""]",Of or at a fairly or comfortably high temperature,"[""She felt the warm sun on her face.""]",,"[""warm weather, warm up""]"
warmth,,intermediate,"[""Everyday Conversation""]","The quality, state, or sensation of being warm; moderate and comfortable heat","[""The warmth of the fire was comforting.""]",,"[""feel the warmth, warmth of the sun""]"
warn,,intermediate,"[""Everyday Conversation""]","Inform someone in advance of an impending or possible danger, problem, or other unpleasant situation","[""They warned us about the storm.""]",,"[""warn about, warn against""]"
warning,,intermediate,"[""Everyday Conversation""]","A statement or event that indicates a possible or impending danger, problem, or other unpleasant situation","[""He received a warning about the dangers ahead.""]",,"[""warning sign, advance warning""]"
wash,,intermediate,"[""Everyday Conversation""]","Clean with water and, typically, soap or detergent","[""She washed the dishes after dinner.""]",,"[""wash clothes, wash the car""]"
waste,,intermediate,"[""Everyday Conversation""]","Use or expend carelessly, extravagantly, or to no purpose","[""Don't waste your food.""]",,"[""waste time, waste money""]"
watch,,intermediate,"[""Everyday Conversation""]",Look at or observe attentively over a period of time,"[""He likes to watch movies.""]",,"[""watch TV, watch closely""]"
water,,intermediate,"[""Everyday Conversation""]","A clear, colorless, odorless, and tasteless liquid, essential for most plant and animal life and the most widely used solvent","[""She poured water into the glass.""]",,"[""drink water, fresh water""]"
wave,,intermediate,"[""Everyday Conversation""]",Move one's hand to and fro in greeting or as a signal,"[""They waved goodbye.""]",,"[""wave goodbye, wave to""]"
way,,intermediate,"[""Everyday Conversation""]","A method, style, or manner of doing something; an approach to something","[""There is no easy way to do this.""]",,"[""find a way, new way""]"
we,,intermediate,"[""Everyday Conversation""]",Used by a speaker to refer to himself or herself and one or more other people considered together,"[""We are going to the park.""]",,"[""we are, we have""]"
weak,,intermediate,"[""Everyday Conversation""]",Lacking the power to perform physically demanding tasks; having little physical strength or energy,"[""She felt weak after the illness.""]",,"[""feel weak, weak point""]"
weakness,,intermediate,"[""Everyday Conversation""]",The state or condition of lacking strength,"[""His greatest weakness is his inability to lie.""]",,"[""show weakness, strength and weakness""]"
wealth,,intermediate,"[""Everyday Conversation""]",An abundance of valuable possessions or money,"[""He accumulated his wealth through hard work.""]",,"[""accumulate wealth, wealth and power""]"
weapon,,intermediate,"[""Everyday Conversation""]",A thing designed or used for inflicting bodily harm or physical damage,"[""The soldier carried a weapon.""]",,"[""carry a weapon, weapon of choice""]"
wear,,intermediate,"[""Everyday Conversation""]","Have on one's body or a part of one's body as clothing, decoration, protection, or for some other purpose","[""She likes to wear colorful clothes.""]",,"[""wear a hat, wear clothes""]"
weather,,intermediate,"[""Everyday Conversation""]","The state of the atmosphere at a place and time as regards heat, dryness, sunshine, wind, rain, etc.","[""The weather is sunny today.""]",,"[""bad weather, weather forecast""]"
web,,intermediate,"[""Everyday Conversation""]","A network of fine threads constructed by a spider from fluid secreted by its spinnerets, used to catch its prey","[""The spider spun a web.""]",,"[""spider web, tangled web""]"
website,,intermediate,"[""Everyday Conversation""]",A location connected to the Internet that maintains one or more pages on the World Wide Web,"[""She created a website for her business.""]",,"[""create a website, website address""]"
wedding,,intermediate,"[""Everyday Conversation""]","A marriage ceremony, especially considered as including the associated celebrations","[""They are planning a big wedding.""]",,"[""wedding day, wedding dress""]"
week,,intermediate,"[""Everyday Conversation""]",A period of seven days,"[""She goes to the gym three times a week.""]",,"[""week long, work week""]"
weekend,,intermediate,"[""Everyday Conversation""]","The period from Friday evening through Sunday evening, especially regarded as a time for leisure","[""We are planning a trip for the weekend.""]",,"[""long weekend, weekend plans""]"
weekly,,intermediate,"[""Everyday Conversation""]","Done, produced, or occurring once a week","[""She writes a weekly column.""]",,"[""weekly meeting, weekly report""]"
weigh,,intermediate,"[""Everyday Conversation""]","Find out how heavy (someone or something) is, typically using scales","[""He weighs himself every morning.""]",,"[""weigh yourself, weigh the options""]"
weight,,intermediate,"[""Everyday Conversation""]","A body's relative mass or the quantity of matter contained by it, giving rise to a downward force; the heaviness of a person or thing","[""She is trying to lose weight.""]",,"[""lose weight, gain weight""]"
welcome,,intermediate,"[""Everyday Conversation""]","Greet (someone) in a glad, polite, or friendly way","[""They welcomed the guests warmly.""]",,"[""warm welcome, welcome message""]"
well,,intermediate,"[""Everyday Conversation""]",In a good or satisfactory way,"[""She did well on her exam.""]",,"[""do well, well done""]"
west,,intermediate,"[""Everyday Conversation""]","The direction toward the point of the horizon where the sun sets at the equinoxes, on the left-hand side of a person facing north, or the part of the horizon lying in this direction","[""The sun sets in the west.""]",,"[""face west, west coast""]"
western,,intermediate,"[""Everyday Conversation""]","Living in or originating from the West, in particular Europe or the United States","[""She prefers western movies.""]",,"[""western culture, western hemisphere""]"
wet,,intermediate,"[""Everyday Conversation""]",Covered or saturated with water or another liquid,"[""His clothes were wet from the rain.""]",,"[""wet clothes, get wet""]"
what,,intermediate,"[""Everyday Conversation""]",Asking for information specifying something,"[""What is your name?""]",,"[""what time, what color""]"
whatever,,intermediate,"[""Everyday Conversation""]",Used to emphasize a lack of restriction in referring to anything or amount,"[""Take whatever you like.""]",,"[""whatever you want, do whatever""]"
wheel,,intermediate,"[""Everyday Conversation""]",A circular object that revolves on an axle and forms part of a machine,"[""The wheel of the car needs to be replaced.""]",,"[""steering wheel, bicycle wheel""]"
when,,intermediate,"[""Everyday Conversation""]",At what time,"[""When is your birthday?""]",,"[""when is, since when""]"
whenever,,intermediate,"[""Everyday Conversation""]",At whatever time; on whatever occasion,"[""Call me whenever you want.""]",,"[""whenever possible, whenever necessary""]"
where,,intermediate,"[""Everyday Conversation""]",In or to what place or position,"[""Where do you live?""]",,"[""where are you, from where""]"
whereas,,intermediate,"[""Everyday Conversation""]",In contrast or comparison with the fact that,"[""He is short, whereas his brother is tall.""]",,"[""whereas, however""]"
wherever,,intermediate,"[""Everyday Conversation""]",In or to any place or every place,"[""We can go wherever you like.""]",,"[""wherever you go, wherever possible""]"
whether,,intermediate,"[""Everyday Conversation""]",Expressing a doubt or choice between alternatives,"[""I don't know whether to go or stay.""]",,"[""whether or not, decide whether""]"
which,,intermediate,"[""Everyday Conversation""]",Asking for information specifying one or more people or things from a definite set,"[""Which color do you prefer?""]",,"[""which one, in which""]"
while,,intermediate,"[""Everyday Conversation""]",A period of time,"[""He worked for a while.""]",,"[""a while, quite a while""]"
whisper,,intermediate,"[""Everyday Conversation""]",Speak very softly using one's breath without vocal cords,"[""She whispered a secret to her friend.""]",,"[""whisper softly, whisper in""]"
whistle,,intermediate,"[""Everyday Conversation""]","A clear, high-pitched sound made by forcing breath through a small hole between partly closed lips, or between one's teeth","[""He whistled a happy tune.""]",,"[""blow a whistle, police whistle""]"
white,,intermediate,"[""Everyday Conversation""]","Of the color of milk or fresh snow, due to the reflection of most wavelengths of visible light; the opposite of black","[""She wore a white dress.""]",,"[""white shirt, white snow""]"
who,,intermediate,"[""Everyday Conversation""]",What or which person or people,"[""Who is that person?""]",,"[""who is, who are""]"
whoever,,intermediate,"[""Everyday Conversation""]",The person or people who; any person who,"[""Whoever finds the key can open the door.""]",,"[""whoever wants, whoever comes""]"
whole,,intermediate,"[""Everyday Conversation""]",All of; entire,"[""He spent the whole day at the beach.""]",,"[""whole day, whole time""]"
whom,,intermediate,"[""Everyday Conversation""]",Used instead of 'who' as the object of a verb or preposition,"[""To whom should I address the letter?""]",,"[""to whom, whom should""]"
whose,,intermediate,"[""Everyday Conversation""]",Belonging to or associated with which person,"[""Whose book is this?""]",,"[""whose turn, whose idea""]"
why,,intermediate,"[""Everyday Conversation""]",For what reason or purpose,"[""Why are you late?""]",,"[""why not, reason why""]"
wide,,intermediate,"[""Everyday Conversation""]",Of great or more than average width,"[""The river is very wide.""]",,"[""wide range, wide variety""]"
widely,,intermediate,"[""Everyday Conversation""]",Over a large area or range; extensively,"[""He is widely known for his generosity.""]",,"[""widely used, widely accepted""]"
width,,intermediate,"[""Everyday Conversation""]",The measurement or extent of something from side to side,"[""The width of the table is 1 meter.""]",,"[""measure the width, width of""]"
wife,,intermediate,"[""Everyday Conversation""]",A married woman considered in relation to her spouse,"[""His wife is a doctor.""]",,"[""loving wife, his wife""]"
wild,,intermediate,"[""Everyday Conversation""]",Living or growing in the natural environment; not domesticated or cultivated,"[""They saw wild animals in the forest.""]",,"[""wild animal, wild nature""]"
wildly,,intermediate,"[""Everyday Conversation""]",In a wild or uncontrolled manner,"[""The horse ran wildly through the field.""]",,"[""wildly successful, wildly popular""]"
will,,intermediate,"[""Everyday Conversation""]",Expressing the future tense,"[""She will go to the party.""]",,"[""will go, will do""]"
willing,,intermediate,"[""Everyday Conversation""]","Ready, eager, or prepared to do something","[""He is willing to help.""]",,"[""willing to, very willing""]"
willingly,,intermediate,"[""Everyday Conversation""]",Readily and enthusiastically,"[""She willingly accepted the offer.""]",,"[""willingly agree, willingly participate""]"
willingness,,intermediate,"[""Everyday Conversation""]",The quality or state of being prepared to do something; readiness,"[""His willingness to learn is commendable.""]",,"[""show willingness, express willingness""]"
win,,intermediate,"[""Everyday Conversation""]",Be successful or victorious in (a contest or conflict),"[""She hopes to win the race.""]",,"[""win a game, win a prize""]"
wind 1,,intermediate,"[""Everyday Conversation""]",Move in or take a twisting or spiral course,"[""The path winds through the forest.""]",,"[""wind down, wind up""]"
wind 2,,intermediate,"[""Everyday Conversation""]","Air in natural motion, as that moving horizontally at any velocity along the earth's surface","[""The wind blew strongly.""]",,"[""strong wind, cold wind""]"
window,,intermediate,"[""Everyday Conversation""]",An opening in the wall or roof of a building or vehicle that is fitted with glass in a frame to admit light or air and allow people to see out,"[""He looked out the window.""]",,"[""open the window, look out the window""]"
wine,,intermediate,"[""Everyday Conversation""]",An alcoholic drink made from fermented grape juice,"[""They enjoyed a glass of wine.""]",,"[""red wine, glass of wine""]"
wing,,intermediate,"[""Everyday Conversation""]",A part of a bird's or insect's body that is used for flying or gliding,"[""The bird spread its wings.""]",,"[""bird's wing, spread its wings""]"
winner,,intermediate,"[""Everyday Conversation""]","A person who has won something, especially through skill or effort","[""He was the winner of the contest.""]",,"[""contest winner, award winner""]"
winter,,intermediate,"[""Everyday Conversation""]","The coldest season of the year, between autumn and spring","[""Winter is coming.""]",,"[""cold winter, during winter""]"
wise,,intermediate,"[""Everyday Conversation""]","Having or showing experience, knowledge, and good judgment","[""He is a wise old man.""]",,"[""wise decision, wise choice""]"
wish,,intermediate,"[""Everyday Conversation""]",Feel or express a strong desire or hope for something that is not easily attainable,"[""She wished for a better future.""]",,"[""make a wish, wish for""]"
with,,intermediate,"[""Everyday Conversation""]",Accompanied by (another person or thing),"[""She came with her friend.""]",,"[""with friends, with you""]"
withdraw,,intermediate,"[""Everyday Conversation""]",Remove or take away (something) from a particular place or position,"[""He decided to withdraw his money from the bank.""]",,"[""withdraw money, withdraw from""]"
within,,intermediate,"[""Everyday Conversation""]",Inside (something),"[""They stayed within the boundaries.""]",,"[""within the area, within limits""]"
without,,intermediate,"[""Everyday Conversation""]",In the absence of,"[""She can't live without her phone.""]",,"[""live without, without fail""]"
witness,,intermediate,"[""Everyday Conversation""]","A person who sees an event, typically a crime or accident, take place","[""The witness testified in court.""]",,"[""eye witness, witness statement""]"
woman,,intermediate,"[""Everyday Conversation""]",An adult human female,"[""The woman is reading a book.""]",,"[""woman's rights, old woman""]"
wonder,,intermediate,"[""Everyday Conversation""]",Desire or be curious to know something,"[""I wonder what will happen next.""]",,"[""wonder about, wonder if""]"
wonderful,,intermediate,"[""Everyday Conversation""]","Inspiring delight, pleasure, or admiration; extremely good; marvelous","[""They had a wonderful time at the party.""]",,"[""wonderful day, wonderful time""]"
wood,,intermediate,"[""Everyday Conversation""]","The hard fibrous material that forms the main substance of the trunk or branches of a tree or shrub, used for fuel or timber","[""The table is made of wood.""]",,"[""piece of wood, wood stove""]"
wooden,,intermediate,"[""Everyday Conversation""]",Made of wood,"[""He built a wooden fence.""]",,"[""wooden chair, wooden spoon""]"
wool,,intermediate,"[""Everyday Conversation""]",The fine soft curly or wavy hair forming the coat of a sheep or other animal,"[""She knitted a sweater with wool.""]",,"[""sheep wool, wool sweater""]"
word,,intermediate,"[""Everyday Conversation""]","A single distinct meaningful element of speech or writing, used with others (or sometimes alone) to form a sentence and typically shown with a space on either side when written or printed","[""He said a word of thanks.""]",,"[""single word, word of""]"
work,,intermediate,"[""Everyday Conversation""]",Activity involving mental or physical effort done in order to achieve a purpose or result,"[""She needs to work harder.""]",,"[""work hard, work for""]"
work out,,intermediate,"[""Everyday Conversation""]",Exercise in order to improve the strength or appearance of one's body,"[""He works out every morning.""]",,"[""work out at the gym, work out a plan""]"
worker,,intermediate,"[""Everyday Conversation""]",A person who does a specified type of work or who works in a specified way,"[""The factory worker is very diligent.""]",,"[""factory worker, hard worker""]"
working,,intermediate,"[""Everyday Conversation""]","Engaged in physical or mental activity in order to achieve a purpose or result, especially in one's job; doing work","[""She is working on a new project.""]",,"[""working hours, working on""]"
world,,intermediate,"[""Everyday Conversation""]","The earth, together with all of its countries and peoples","[""The world is round.""]",,"[""world map, around the world""]"
worried,,intermediate,"[""Everyday Conversation""]",Anxious or troubled about actual or potential problems,"[""She is worried about her exams.""]",,"[""worried about, look worried""]"
worry,,intermediate,"[""Everyday Conversation""]",Give way to anxiety or unease; allow one's mind to dwell on difficulty or troubles,"[""He worries too much about everything.""]",,"[""worry about, no need to worry""]"
worrying,,intermediate,"[""Everyday Conversation""]",Causing anxiety about actual or potential problems,"[""The news is worrying.""]",,"[""worrying news, worrying trend""]"
worse,,intermediate,"[""Everyday Conversation""]",Of poorer quality or lower standard; less good or desirable,"[""The situation got worse.""]",,"[""get worse, feel worse""]"
worship,,intermediate,"[""Everyday Conversation""]",The feeling or expression of reverence and adoration for a deity,"[""They worship at the temple.""]",,"[""worship God, place of worship""]"
worst,,intermediate,"[""Everyday Conversation""]",Of the poorest quality or the lowest standard; worse than all others,"[""This is the worst day of my life.""]",,"[""the worst case, the worst day""]"
worth,,intermediate,"[""Everyday Conversation""]",The value equivalent to that of someone or something under consideration; the level at which someone or something deserves to be valued or rated,"[""The painting is worth a lot of money.""]",,"[""worth a lot, worth it""]"
would,,intermediate,"[""Everyday Conversation""]","Expressing the conditional mood, indicating the consequence of an imagined event or situation","[""He said he would go if he could.""]",,"[""would like, would have""]"
wound 1,,intermediate,"[""Everyday Conversation""]","An injury to living tissue caused by a cut, blow, or other impact","[""The wound needs to be cleaned.""]",,"[""deep wound, open wound""]"
wounded,,intermediate,"[""Everyday Conversation""]","Injured by a weapon, for example in a battle","[""The wounded soldier was taken to the hospital.""]",,"[""wounded soldier, wounded animal""]"
wrap,,intermediate,"[""Everyday Conversation""]",Cover or enclose (someone or something) in paper or soft material,"[""She wrapped the gift in colorful paper.""]",,"[""wrap a gift, wrap up""]"
wrapping,,intermediate,"[""Everyday Conversation""]",The action of covering or enclosing someone or something in paper or soft material,"[""The wrapping of the gift was beautiful.""]",,"[""gift wrapping, plastic wrapping""]"
wrist,,intermediate,"[""Everyday Conversation""]",The joint connecting the hand with the forearm,"[""She wore a bracelet on her wrist.""]",,"[""wrist watch, wrist injury""]"
write,,intermediate,"[""Everyday Conversation""]","Mark (letters, words, or other symbols) on a surface, typically paper, with a pen, pencil, or similar implement","[""She writes in her journal every day.""]",,"[""write a letter, write a book""]"
write back,,intermediate,"[""Everyday Conversation""]","Reply to someone by writing a letter, email, etc.","[""Please write back soon.""]",,"[""write back soon, write back quickly""]"
write down,,intermediate,"[""Everyday Conversation""]",Record something in writing,"[""He wrote down the address.""]",,"[""write down notes, write down a list""]"
writer,,intermediate,"[""Everyday Conversation""]",A person who has written something or who writes in a particular way,"[""The writer received an award for his novel.""]",,"[""famous writer, writer's block""]"
writing,,intermediate,"[""Everyday Conversation""]",The activity or skill of marking coherent words on paper and composing text,"[""Her writing is very neat.""]",,"[""creative writing, writing style""]"
written,,intermediate,"[""Everyday Conversation""]",Past participle of write,"[""The instructions were written clearly.""]",,"[""written statement, written instructions""]"
wrong,,intermediate,"[""Everyday Conversation""]",Not correct or true; incorrect,"[""That answer is wrong.""]",,"[""wrong answer, feel wrong""]"
wrongly,,intermediate,"[""Everyday Conversation""]",In an incorrect manner,"[""He was wrongly accused of the crime.""]",,"[""wrongly accused, wrongly blamed""]"
yard,,intermediate,"[""Everyday Conversation""]",A unit of linear measure equal to 3 feet (0.9144 meter),"[""The kids are playing in the yard.""]",,"[""front yard, back yard""]"
yawn,,intermediate,"[""Everyday Conversation""]",Involuntarily open one's mouth wide and inhale deeply due to tiredness or boredom,"[""He couldn't stop yawning during the meeting.""]",,"[""big yawn, yawn widely""]"
yeah,,intermediate,"[""Everyday Conversation""]",Informal way of saying yes,"[""Yeah, I agree with you.""]",,"[""yeah right, yeah sure""]"
year,,intermediate,"[""Everyday Conversation""]",The time taken by the earth to make one revolution around the sun,"[""She was born last year.""]",,"[""year old, new year""]"
yellow,,intermediate,"[""Everyday Conversation""]","Of the color between green and orange in the spectrum, a primary subtractive color complementary to blue","[""She wore a bright yellow dress.""]",,"[""bright yellow, yellow flower""]"
yes,,intermediate,"[""Everyday Conversation""]",Used to give an affirmative response,"[""Yes, I will attend the meeting.""]",,"[""yes please, yes sir""]"
yesterday,,intermediate,"[""Everyday Conversation""]",The day before today,"[""He left yesterday.""]",,"[""since yesterday, just yesterday""]"
yet,,intermediate,"[""Everyday Conversation""]",Up until the present or a specified or implied time; by now or then,"[""She hasn't arrived yet.""]",,"[""not yet, and yet""]"
you,,intermediate,"[""Everyday Conversation""]",Used to refer to the person or people that the speaker is addressing,"[""You are very kind.""]",,"[""you are, you have""]"
young,,intermediate,"[""Everyday Conversation""]",Having lived or existed for only a short time; not fully developed,"[""He is a young man.""]",,"[""young child, young adult""]"
your,,intermediate,"[""Everyday Conversation""]",Belonging to or associated with the person or people that the speaker is addressing,"[""Is this your book?""]",,"[""your name, your turn""]"
yours,,intermediate,"[""Everyday Conversation""]",Used to refer to a thing or things belonging to or associated with the person or people that the speaker is addressing,"[""Is this pen yours?""]",,"[""yours truly, it is yours""]"
yourself,,intermediate,"[""Everyday Conversation""]",Used to refer to the person being addressed as the object of a verb or preposition when they are also the subject of the clause,"[""You need to take care of yourself.""]",,"[""by yourself, for yourself""]"
youth,,intermediate,"[""Everyday Conversation""]",The period between childhood and adult age,"[""He spent his youth in the countryside.""]",,"[""youth club, youth center""]"
zero,,intermediate,"[""Everyday Conversation""]",No quantity or number; naught; the figure 0,"[""The temperature is expected to drop to zero tonight.""]",,"[""zero tolerance, zero point""]"
zone,,intermediate,"[""Everyday Conversation""]","An area or stretch of land having a particular characteristic, purpose, or use, or subject to particular restrictions","[""This is a no-parking zone.""]",,"[""time zone, danger zone""]"
